Level,Level 1 - Site,Level 2 - Facility,Level 3 - Area Code,Level 3 - Area Name,Level 4 - Sub-Area,Level 5 - System / Parent Asset,Level 5 - Functional Location,Level 6 - Asset Number,Level 6 - Equipment Name,Level 6 - Functional Location,Level 6 - P&ID Tags,Level 7 - Component Code,Level 7 - Component Type,Level 7 - Component Name,Level 7 - Manufacturer,Level 7 - Model,Level 7 - Serial Number,Level 7 - P&ID Tags,Level 7 - Oil Type,Level 7 - Oil Volume,Level 7 - Input Speed,Level 7 - Output Speed,Level 7 - Weight,Level 7 - Motor Speed,Level 7 - Protection,Level 7 - Voltage,Level 7 - Pump Flow,Level 7 - Operating Pressure,Level 7 - Displacement,Level 7 - Motor Ref,Level 7 - Pump Ref
1,TCMG,,,,,,,,,,,,,,,,,,,,,,,,,,,,,
2,TCMG,Processing Plant,,,,,,,,,,,,,,,,,,,,,,,,,,,,
3,TCMG,Processing Plant,SITE,Site Infrastructure,,,,,,,,,,,,,,,,,,,,,,,,,,
4,TCMG,Processing Plant,SITE,Site Infrastructure,Buildings,,,,,,,,,,,,,,,,,,,,,,,,,
5,TCMG,Processing Plant,SITE,Site Infrastructure,Buildings,BLDG01 Site Buildings,TCMG-PP-SITE-INFRA-BLDG01,,,,,,,,,,,,,,,,,,,,,,,
6,TCMG,Processing Plant,SITE,Site Infrastructure,Buildings,BLDG01 Site Buildings,TCMG-PP-SITE-INFRA-BLDG01,BLDG01,Admin Building,TCMG-PP-SITE-INFRA-BLDG01,,,,,,,,,,,,,,,,,,,,
6,TCMG,Processing Plant,SITE,Site Infrastructure,Buildings,BLDG01 Site Buildings,TCMG-PP-SITE-INFRA-BLDG01,CNDH01,Cyanide Dosing Hut,TCMG-PP-SITE-INFRA-BLDG01,,,,,,,,,,,,,,,,,,,,
6,TCMG,Processing Plant,SITE,Site Infrastructure,Buildings,BLDG01 Site Buildings,TCMG-PP-SITE-INFRA-BLDG01,CONF01,Conference Room,TCMG-PP-SITE-INFRA-BLDG01,,,,,,,,,,,,,,,,,,,,
6,TCMG,Processing Plant,SITE,Site Infrastructure,Buildings,BLDG01 Site Buildings,TCMG-PP-SITE-INFRA-BLDG01,CRIB01,Crib Room,TCMG-PP-SITE-INFRA-BLDG01,,,,,,,,,,,,,,,,,,,,
6,TCMG,Processing Plant,SITE,Site Infrastructure,Buildings,BLDG01 Site Buildings,TCMG-PP-SITE-INFRA-BLDG01,CTRL01,Control Room,TCMG-PP-SITE-INFRA-BLDG01,,,,,,,,,,,,,,,,,,,,
6,TCMG,Processing Plant,SITE,Site Infrastructure,Buildings,BLDG01 Site Buildings,TCMG-PP-SITE-INFRA-BLDG01,FAID01,First Aid Room,TCMG-PP-SITE-INFRA-BLDG01,,,,,,,,,,,,,,,,,,,,
6,TCMG,Processing Plant,SITE,Site Infrastructure,Buildings,BLDG01 Site Buildings,TCMG-PP-SITE-INFRA-BLDG01,FTLT01,Female Toilet,TCMG-PP-SITE-INFRA-BLDG01,,,,,,,,,,,,,,,,,,,,
6,TCMG,Processing Plant,SITE,Site Infrastructure,Buildings,BLDG01 Site Buildings,TCMG-PP-SITE-INFRA-BLDG01,LAB01,Laboratory,TCMG-PP-SITE-INFRA-BLDG01,,,,,,,,,,,,,,,,,,,,
6,TCMG,Processing Plant,SITE,Site Infrastructure,Buildings,BLDG01 Site Buildings,TCMG-PP-SITE-INFRA-BLDG01,MTLT01,Male Toilet,TCMG-PP-SITE-INFRA-BLDG01,,,,,,,,,,,,,,,,,,,,
6,TCMG,Processing Plant,SITE,Site Infrastructure,Buildings,BLDG01 Site Buildings,TCMG-PP-SITE-INFRA-BLDG01,SUB100,Sub-100 Substation,TCMG-PP-SITE-INFRA-BLDG01,,,,,,,,,,,,,,,,,,,,
6,TCMG,Processing Plant,SITE,Site Infrastructure,Buildings,BLDG01 Site Buildings,TCMG-PP-SITE-INFRA-BLDG01,TITR01,Titration Hut,TCMG-PP-SITE-INFRA-BLDG01,,,,,,,,,,,,,,,,,,,,
6,TCMG,Processing Plant,SITE,Site Infrastructure,Buildings,BLDG01 Site Buildings,TCMG-PP-SITE-INFRA-BLDG01,WKSP01,Workshop,TCMG-PP-SITE-INFRA-BLDG01,,,,,,,,,,,,,,,,,,,,
3,TCMG,Processing Plant,UTL,Utilities & Power,,,,,,,,,,,,,,,,,,,,,,,,,,
4,TCMG,Processing Plant,UTL,Utilities & Power,Electrical / Controls,,,,,,,,,,,,,,,,,,,,,,,,,
5,TCMG,Processing Plant,UTL,Utilities & Power,Electrical / Controls,GEN01 Generation,,,,,,,,,,,,,,,,,,,,,,,,
6,TCMG,Processing Plant,UTL,Utilities & Power,Electrical / Controls,GEN01 Generation,,17-GN-001,Power Station Generator 1 500kVA,,,,,,,,,,,,,,,,,,,,,
6,TCMG,Processing Plant,UTL,Utilities & Power,Electrical / Controls,GEN01 Generation,,17-GN-002,Power Station Generator 2 500kVA,,,,,,,,,,,,,,,,,,,,,
6,TCMG,Processing Plant,UTL,Utilities & Power,Electrical / Controls,GEN01 Generation,,17-GN-003,Power Station Generator 3 500kVA,,,,,,,,,,,,,,,,,,,,,
6,TCMG,Processing Plant,UTL,Utilities & Power,Electrical / Controls,GEN01 Generation,,17-GN-004,Power Station Generator 4 500kVA,,,,,,,,,,,,,,,,,,,,,
6,TCMG,Processing Plant,UTL,Utilities & Power,Electrical / Controls,GEN01 Generation,,17-GN-005,Power Station Generator 5 500kVA,,,,,,,,,,,,,,,,,,,,,
6,TCMG,Processing Plant,UTL,Utilities & Power,Electrical / Controls,GEN01 Generation,,17-GN-006,Power Station Generator 6 500kVA,,,,,,,,,,,,,,,,,,,,,
6,TCMG,Processing Plant,UTL,Utilities & Power,Electrical / Controls,GEN01 Generation,,17-GN-007,Power Station Generator 7 500kVA,,,,,,,,,,,,,,,,,,,,,
6,TCMG,Processing Plant,UTL,Utilities & Power,Electrical / Controls,GEN01 Generation,,17-GN-008,Power Station Generator 8 500kVA,,,,,,,,,,,,,,,,,,,,,
6,TCMG,Processing Plant,UTL,Utilities & Power,Electrical / Controls,GEN01 Generation,,17-GN-009,Admin Generator 50kVA,,,,,,,,,,,,,,,,,,,,,
6,TCMG,Processing Plant,UTL,Utilities & Power,Electrical / Controls,GEN01 Generation,,17-GN-010,Spare,,,,,,,,,,,,,,,,,,,,,
6,TCMG,Processing Plant,UTL,Utilities & Power,Electrical / Controls,GEN01 Generation,,17-GN-011,Nobles Natural Sump Generator 30kVA,,,,,,,,,,,,,,,,,,,,,
6,TCMG,Processing Plant,UTL,Utilities & Power,Electrical / Controls,GEN01 Generation,,17-GN-012,Lab Generator 30kVA,,,,,,,,,,,,,,,,,,,,,
6,TCMG,Processing Plant,UTL,Utilities & Power,Electrical / Controls,GEN01 Generation,,17-GN-013,Crusher Fuel Farm 15kVA,,,,,,,,,,,,,,,,,,,,,
6,TCMG,Processing Plant,UTL,Utilities & Power,Electrical / Controls,GEN01 Generation,,17-GN-016,Juno Bore Generator 200kVA,,,,,,,,,,,,,,,,,,,,,
6,TCMG,Processing Plant,UTL,Utilities & Power,Electrical / Controls,GEN01 Generation,,17-GN-017,Mining Workshop 75kVA,,,,,,,,,,,,,,,,,,,,,
5,TCMG,Processing Plant,UTL,Utilities & Power,Electrical / Controls,SOL01 Solar Reticulation,,,,,,,,,,,,,,,,,,,,,,,,
6,TCMG,Processing Plant,UTL,Utilities & Power,Electrical / Controls,SOL01 Solar Reticulation,,SOL-ARR01,Solar Arrays,,,,,,,,,,,,,,,,,,,,,
6,TCMG,Processing Plant,UTL,Utilities & Power,Electrical / Controls,SOL01 Solar Reticulation,,SOL-INV01,Inverter,,,,,,,,,,,,,,,,,,,,,
6,TCMG,Processing Plant,UTL,Utilities & Power,Electrical / Controls,SOL01 Solar Reticulation,,SOL-BESS01,BESS,,,,,,,,,,,,,,,,,,,,,
6,TCMG,Processing Plant,UTL,Utilities & Power,Electrical / Controls,SOL01 Solar Reticulation,,SOL-TFR01,Transformer,,,,,,,,,,,,,,,,,,,,,
6,TCMG,Processing Plant,UTL,Utilities & Power,Electrical / Controls,SOL01 Solar Reticulation,,SOL-POL01,Power Poles,,,,,,,,,,,,,,,,,,,,,
6,TCMG,Processing Plant,UTL,Utilities & Power,Electrical / Controls,SOL01 Solar Reticulation,,SOL-RMU01,RMU,,,,,,,,,,,,,,,,,,,,,
5,TCMG,Processing Plant,UTL,Utilities & Power,Electrical / Controls,PWR01 Power Reticulation,,,,,,,,,,,,,,,,,,,,,,,,
6,TCMG,Processing Plant,UTL,Utilities & Power,Electrical / Controls,PWR01 Power Reticulation,,SB-100,Main Switchboard,TCMG-PP-UTL-ELEC-MSUB01,,,,,,,,,,,,,,,,,,,,
6,TCMG,Processing Plant,UTL,Utilities & Power,Electrical / Controls,PWR01 Power Reticulation,,DB-001,Main DB,TCMG-PP-UTL-ELEC-MDB01,,,,,,,,,,,,,,,,,,,,
6,TCMG,Processing Plant,UTL,Utilities & Power,Electrical / Controls,PWR01 Power Reticulation,,DB-002,Main DB,TCMG-PP-UTL-ELEC-MDB01,,,,,,,,,,,,,,,,,,,,
6,TCMG,Processing Plant,UTL,Utilities & Power,Electrical / Controls,PWR01 Power Reticulation,,DB-003,Workshop DB,,,,,,,,,,,,,,,,,,,,,
6,TCMG,Processing Plant,UTL,Utilities & Power,Electrical / Controls,PWR01 Power Reticulation,,DB-101,Control Power,TCMG-PP-UTL-ELEC-SDB01,,,,,,,,,,,,,,,,,,,,
6,TCMG,Processing Plant,UTL,Utilities & Power,Electrical / Controls,PWR01 Power Reticulation,,DB-102,Sub-100 L&P,TCMG-PP-UTL-ELEC-SDB01,,,,,,,,,,,,,,,,,,,,
6,TCMG,Processing Plant,UTL,Utilities & Power,Electrical / Controls,PWR01 Power Reticulation,,DB-103,Filter Area Substation Board,TCMG-PP-UTL-ELEC-MSUB01,,,,,,,,,,,,,,,,,,,,
6,TCMG,Processing Plant,UTL,Utilities & Power,Electrical / Controls,PWR01 Power Reticulation,,DB-104,Diesel Fuel Farm,,,,,,,,,,,,,,,,,,,,,
6,TCMG,Processing Plant,UTL,Utilities & Power,Electrical / Controls,PWR01 Power Reticulation,,DB-105,Control Room,,,,,,,,,,,,,,,,,,,,,
6,TCMG,Processing Plant,UTL,Utilities & Power,Electrical / Controls,PWR01 Power Reticulation,,04-ML-100,Mill Motor 1000kW VSD,,,,,,,,,,,,,,,,,,,,,
5,TCMG,Processing Plant,UTL,Utilities & Power,Electrical / Controls,PWR02 Service Distribution,TCMG-PP-UTL-ELEC-PWR02,,,,,,,,,,,,,,,,,,,,,,,
6,TCMG,Processing Plant,UTL,Utilities & Power,Electrical / Controls,PWR02 Service Distribution,TCMG-PP-UTL-ELEC-PWR02,DB-109,Service MDB,,,,,,,,,,,,,,,,,,,,,
6,TCMG,Processing Plant,UTL,Utilities & Power,Electrical / Controls,PWR02 Service Distribution,TCMG-PP-UTL-ELEC-PWR02,DB-109A,Lab Sub-Board,,,,,,,,,,,,,,,,,,,,,
6,TCMG,Processing Plant,UTL,Utilities & Power,Electrical / Controls,PWR02 Service Distribution,TCMG-PP-UTL-ELEC-PWR02,DB-109B,Warehouse Sub-Board,,,,,,,,,,,,,,,,,,,,,
6,TCMG,Processing Plant,UTL,Utilities & Power,Electrical / Controls,PWR02 Service Distribution,TCMG-PP-UTL-ELEC-PWR02,DB-109C,Workshop Sub-Board,,,,,,,,,,,,,,,,,,,,,
6,TCMG,Processing Plant,UTL,Utilities & Power,Electrical / Controls,PWR02 Service Distribution,TCMG-PP-UTL-ELEC-PWR02,DB-109D,Workshop Sub-Board,,,,,,,,,,,,,,,,,,,,,
6,TCMG,Processing Plant,UTL,Utilities & Power,Electrical / Controls,PWR02 Service Distribution,TCMG-PP-UTL-ELEC-PWR02,DB-109E,Amenities Sub-Board,,,,,,,,,,,,,,,,,,,,,
6,TCMG,Processing Plant,UTL,Utilities & Power,Electrical / Controls,PWR02 Service Distribution,TCMG-PP-UTL-ELEC-PWR02,DB-109F,Office Admin Sub-Board,,,,,,,,,,,,,,,,,,,,,
5,TCMG,Processing Plant,UTL,Utilities & Power,Electrical / Controls,PWR03 Site L&P Boards,TCMG-PP-UTL-ELEC-PWR03,,,,,,,,,,,,,,,,,,,,,,,
6,TCMG,Processing Plant,UTL,Utilities & Power,Electrical / Controls,PWR03 Site L&P Boards,TCMG-PP-UTL-ELEC-PWR03,SB-001A,Male Toilet L&PDB,,,,,,,,,,,,,,,,,,,,,
6,TCMG,Processing Plant,UTL,Utilities & Power,Electrical / Controls,PWR03 Site L&P Boards,TCMG-PP-UTL-ELEC-PWR03,SB-002A,Admin Office L&P DB,,,,,,,,,,,,,,,,,,,,,
6,TCMG,Processing Plant,UTL,Utilities & Power,Electrical / Controls,PWR03 Site L&P Boards,TCMG-PP-UTL-ELEC-PWR03,SB-002B,Admin Office L&P DB,,,,,,,,,,,,,,,,,,,,,
6,TCMG,Processing Plant,UTL,Utilities & Power,Electrical / Controls,PWR03 Site L&P Boards,TCMG-PP-UTL-ELEC-PWR03,SB-002C,Admin Office L&P DB,,,,,,,,,,,,,,,,,,,,,
6,TCMG,Processing Plant,UTL,Utilities & Power,Electrical / Controls,PWR03 Site L&P Boards,TCMG-PP-UTL-ELEC-PWR03,SB-002D,Admin Office L&P DB,,,,,,,,,,,,,,,,,,,,,
6,TCMG,Processing Plant,UTL,Utilities & Power,Electrical / Controls,PWR03 Site L&P Boards,TCMG-PP-UTL-ELEC-PWR03,SB-002E,Crib Room L&P DB,,,,,,,,,,,,,,,,,,,,,
6,TCMG,Processing Plant,UTL,Utilities & Power,Electrical / Controls,PWR03 Site L&P Boards,TCMG-PP-UTL-ELEC-PWR03,SB-002F,Conference Building L&P,,,,,,,,,,,,,,,,,,,,,
6,TCMG,Processing Plant,UTL,Utilities & Power,Electrical / Controls,PWR03 Site L&P Boards,TCMG-PP-UTL-ELEC-PWR03,SB-002G,First Aid Room L&P DB,,,,,,,,,,,,,,,,,,,,,
6,TCMG,Processing Plant,UTL,Utilities & Power,Electrical / Controls,PWR03 Site L&P Boards,TCMG-PP-UTL-ELEC-PWR03,SB-003A,Lath Container L&P,,,,,,,,,,,,,,,,,,,,,
6,TCMG,Processing Plant,UTL,Utilities & Power,Electrical / Controls,PWR03 Site L&P Boards,TCMG-PP-UTL-ELEC-PWR03,SB-003B,Ice Machine Room DB,TCMG-PP-UTL-ELEC-MDB01,,,,,,,,,,,,,,,,,,,,
6,TCMG,Processing Plant,UTL,Utilities & Power,Electrical / Controls,PWR03 Site L&P Boards,TCMG-PP-UTL-ELEC-PWR03,SB-102A,Control Room L&P DB,TCMG-PP-UTL-ELEC-CR01,,,,,,,,,,,,,,,,,,,,
6,TCMG,Processing Plant,UTL,Utilities & Power,Electrical / Controls,PWR03 Site L&P Boards,TCMG-PP-UTL-ELEC-PWR03,SB-105A,Lab L&P DB,,,,,,,,,,,,,,,,,,,,,
6,TCMG,Processing Plant,UTL,Utilities & Power,Electrical / Controls,PWR03 Site L&P Boards,TCMG-PP-UTL-ELEC-PWR03,MDB01-LP14,Titration Hut L&P DB,TCMG-PP-UTL-ELEC-MDB01,,,,,,,,,,,,,,,,,,,,
5,TCMG,Processing Plant,UTL,Utilities & Power,Electrical / Controls,PWR04 MCC L&P Boards,TCMG-PP-UTL-ELEC-PWR04,,,,,,,,,,,,,,,,,,,,,,,
6,TCMG,Processing Plant,UTL,Utilities & Power,Electrical / Controls,PWR04 MCC L&P Boards,TCMG-PP-UTL-ELEC-PWR04,MCC-110-SB-001A,MCC-110. L&P,TCMG-PP-UTL-ELEC-MDB01,,,,,,,,,,,,,,,,,,,,
6,TCMG,Processing Plant,UTL,Utilities & Power,Electrical / Controls,PWR04 MCC L&P Boards,TCMG-PP-UTL-ELEC-PWR04,MCC-111-SB-001A,MCC-111. L&P,TCMG-PP-UTL-ELEC-MDB01,,,,,,,,,,,,,,,,,,,,
6,TCMG,Processing Plant,UTL,Utilities & Power,Electrical / Controls,PWR04 MCC L&P Boards,TCMG-PP-UTL-ELEC-PWR04,MCC-113-SB-001A,MCC-113. L&P,TCMG-PP-UTL-ELEC-MDB01,,,,,,,,,,,,,,,,,,,,
6,TCMG,Processing Plant,UTL,Utilities & Power,Electrical / Controls,PWR04 MCC L&P Boards,TCMG-PP-UTL-ELEC-PWR04,MCC-114-SB-001A,MCC-114. L&P,TCMG-PP-UTL-ELEC-MDB01,,,,,,,,,,,,,,,,,,,,
6,TCMG,Processing Plant,UTL,Utilities & Power,Electrical / Controls,PWR04 MCC L&P Boards,TCMG-PP-UTL-ELEC-PWR04,MCC-115-SB-001A,MCC-115. L&P,TCMG-PP-UTL-ELEC-MDB01,,,,,,,,,,,,,,,,,,,,
6,TCMG,Processing Plant,UTL,Utilities & Power,Electrical / Controls,PWR04 MCC L&P Boards,TCMG-PP-UTL-ELEC-PWR04,MCC-116-SB-001A,MCC-116. L&P,TCMG-PP-UTL-ELEC-MDB01,,,,,,,,,,,,,,,,,,,,
6,TCMG,Processing Plant,UTL,Utilities & Power,Electrical / Controls,PWR04 MCC L&P Boards,TCMG-PP-UTL-ELEC-PWR04,MCC-117-SB-001A,MCC-117. L&P,TCMG-PP-UTL-ELEC-MDB01,,,,,,,,,,,,,,,,,,,,
6,TCMG,Processing Plant,UTL,Utilities & Power,Electrical / Controls,PWR04 MCC L&P Boards,TCMG-PP-UTL-ELEC-PWR04,MCC-118-SB-001A,MCC-118. L&P,TCMG-PP-UTL-ELEC-MDB01,,,,,,,,,,,,,,,,,,,,
6,TCMG,Processing Plant,UTL,Utilities & Power,Electrical / Controls,PWR04 MCC L&P Boards,TCMG-PP-UTL-ELEC-PWR04,MCC-120-SB-001A,MCC-120. L&P,TCMG-PP-UTL-ELEC-MDB01,,,,,,,,,,,,,,,,,,,,
6,TCMG,Processing Plant,UTL,Utilities & Power,Electrical / Controls,PWR04 MCC L&P Boards,TCMG-PP-UTL-ELEC-PWR04,MCC-121-SB-001A,MCC-121. L&P,TCMG-PP-UTL-ELEC-MDB01,,,,,,,,,,,,,,,,,,,,
6,TCMG,Processing Plant,UTL,Utilities & Power,Electrical / Controls,PWR04 MCC L&P Boards,TCMG-PP-UTL-ELEC-PWR04,MCC-122-SB-001A,MCC-122. L&P,TCMG-PP-UTL-ELEC-MDB01,,,,,,,,,,,,,,,,,,,,
6,TCMG,Processing Plant,UTL,Utilities & Power,Electrical / Controls,PWR04 MCC L&P Boards,TCMG-PP-UTL-ELEC-PWR04,MCC-125-SB-001A,MCC-125. L&P,TCMG-PP-UTL-ELEC-MDB01,,,,,,,,,,,,,,,,,,,,
6,TCMG,Processing Plant,UTL,Utilities & Power,Electrical / Controls,PWR04 MCC L&P Boards,TCMG-PP-UTL-ELEC-PWR04,MCC-130-SB-001A,MCC-130. L&P,TCMG-PP-UTL-ELEC-MDB01,,,,,,,,,,,,,,,,,,,,
6,TCMG,Processing Plant,UTL,Utilities & Power,Electrical / Controls,PWR04 MCC L&P Boards,TCMG-PP-UTL-ELEC-PWR04,MCC-WTP,Water Treatment Plant MCC,,,,,,,,,,,,,,,,,,,,,
6,TCMG,Processing Plant,UTL,Utilities & Power,Electrical / Controls,PWR04 MCC L&P Boards,TCMG-PP-UTL-ELEC-PWR04,MCC-FJP,Fire Jockey Pump 5kW,,,,,,,,,,,,,,,,,,,,,
6,TCMG,Processing Plant,UTL,Utilities & Power,Electrical / Controls,PWR04 MCC L&P Boards,TCMG-PP-UTL-ELEC-PWR04,MCC-FP,Fire Pump 45kW,,,,,,,,,,,,,,,,,,,,,
5,TCMG,Processing Plant,UTL,Utilities & Power,Electrical / Controls,PWR05 Field MCCs,TCMG-PP-UTL-ELEC-PWR05,,,,,,,,,,,,,,,,,,,,,,,
6,TCMG,Processing Plant,UTL,Utilities & Power,Electrical / Controls,PWR05 Field MCCs,TCMG-PP-UTL-ELEC-PWR05,18-MCC-110,Mill Feed Conveyor Field MCC,,,,,,,,,,,,,,,,,,,,,
6,TCMG,Processing Plant,UTL,Utilities & Power,Electrical / Controls,PWR05 Field MCCs,TCMG-PP-UTL-ELEC-PWR05,18-MCC-111,Mill Area Field MCC,TCMG-PP-UTL-ELEC-FMCC01,,,,,,,,,,,,,,,,,,,,
6,TCMG,Processing Plant,UTL,Utilities & Power,Electrical / Controls,PWR05 Field MCCs,TCMG-PP-UTL-ELEC-PWR05,18-MCC-113,Gravity Concentration Field MCC,TCMG-PP-UTL-ELEC-FMCC01,,,,,,,,,,,,,,,,,,,,
6,TCMG,Processing Plant,UTL,Utilities & Power,Electrical / Controls,PWR05 Field MCCs,TCMG-PP-UTL-ELEC-PWR05,18-MCC-114,Leach Tank Field MCC,TCMG-PP-UTL-ELEC-FMCC01,,,,,,,,,,,,,,,,,,,,
6,TCMG,Processing Plant,UTL,Utilities & Power,Electrical / Controls,PWR05 Field MCCs,TCMG-PP-UTL-ELEC-PWR05,18-MCC-115,CIP Tanks Field MCC,,,,,,,,,,,,,,,,,,,,,
6,TCMG,Processing Plant,UTL,Utilities & Power,Electrical / Controls,PWR05 Field MCCs,TCMG-PP-UTL-ELEC-PWR05,18-MCC-116,Tanks Field MCC,,,,,,,,,,,,,,,,,,,,,
6,TCMG,Processing Plant,UTL,Utilities & Power,Electrical / Controls,PWR05 Field MCCs,TCMG-PP-UTL-ELEC-PWR05,18-MCC-117,Tanks Field MCC,,,,,,,,,,,,,,,,,,,,,
6,TCMG,Processing Plant,UTL,Utilities & Power,Electrical / Controls,PWR05 Field MCCs,TCMG-PP-UTL-ELEC-PWR05,18-MCC-118,Thickener Field MCC,TCMG-PP-UTL-ELEC-FMCC01,,,,,,,,,,,,,,,,,,,,
6,TCMG,Processing Plant,UTL,Utilities & Power,Electrical / Controls,PWR05 Field MCCs,TCMG-PP-UTL-ELEC-PWR05,18-MCC-120,Reagents Field MCC,TCMG-PP-UTL-ELEC-FMCC01,,,,,,,,,,,,,,,,,,,,
6,TCMG,Processing Plant,UTL,Utilities & Power,Electrical / Controls,PWR05 Field MCCs,TCMG-PP-UTL-ELEC-PWR05,18-MCC-121,Water Tanks Field MCC,,,,,,,,,,,,,,,,,,,,,
6,TCMG,Processing Plant,UTL,Utilities & Power,Electrical / Controls,PWR05 Field MCCs,TCMG-PP-UTL-ELEC-PWR05,18-MCC-122,Water Ponds Field MCC,,,,,,,,,,,,,,,,,,,,,
6,TCMG,Processing Plant,UTL,Utilities & Power,Electrical / Controls,PWR05 Field MCCs,TCMG-PP-UTL-ELEC-PWR05,18-MCC-125,Filter Press Field MCC,,,,,,,,,,,,,,,,,,,,,
6,TCMG,Processing Plant,UTL,Utilities & Power,Electrical / Controls,PWR05 Field MCCs,TCMG-PP-UTL-ELEC-PWR05,18-MCC-129,Field MCC,,,,,,,,,,,,,,,,,,,,,
6,TCMG,Processing Plant,UTL,Utilities & Power,Electrical / Controls,PWR05 Field MCCs,TCMG-PP-UTL-ELEC-PWR05,18-MCC-130,Elution Area Field MCC,,,,,,,,,,,,,,,,,,,,,
4,TCMG,Processing Plant,UTL,Utilities & Power,Water,,,,,,,,,,,,,,,,,,,,,,,,,
5,TCMG,Processing Plant,UTL,Utilities & Power,Water,GW01 Gland Water,TCMG-PP-UTL-WATER-GW01,,,,,,,,,,,,,,,,,,,,,,,
6,TCMG,Processing Plant,UTL,Utilities & Power,Water,GW01 Gland Water,TCMG-PP-UTL-WATER-GW01,GW01-TK01,Gland Water Tank,TCMG-PP-UTL-WATER-GW01,11-TK-212,,,,,,,,,,,,,,,,,,,
6,TCMG,Processing Plant,UTL,Utilities & Power,Water,GW01 Gland Water,TCMG-PP-UTL-WATER-GW01,GW01-PA01,Gland Water Pumps (Duty),TCMG-PP-UTL-WATER-GW01,11-PU-155A,,,,,,,,,,,,,,,,,,,
7,TCMG,Processing Plant,UTL,Utilities & Power,Water,GW01 Gland Water,TCMG-PP-UTL-WATER-GW01,GW01-PA01,Gland Water Pumps (Duty),TCMG-PP-UTL-WATER-GW01,,,Gland Water Pump - Duty,Pump,,10SV09F040T/D,,,,,,,,,,,,,,,
6,TCMG,Processing Plant,UTL,Utilities & Power,Water,GW01 Gland Water,TCMG-PP-UTL-WATER-GW01,GW01-PB01,Gland Water Pumps (Standby),TCMG-PP-UTL-WATER-GW01,11-PU-155B,,,,,,,,,,,,,,,,,,,
7,TCMG,Processing Plant,UTL,Utilities & Power,Water,GW01 Gland Water,TCMG-PP-UTL-WATER-GW01,GW01-PB01,Gland Water Pumps (Standby),TCMG-PP-UTL-WATER-GW01,,,Gland Water Pump - Standby,Pump,,10SV09F040T/D,,,,,,,,,,,,,,,
6,TCMG,Processing Plant,UTL,Utilities & Power,Water,GW01 Gland Water,TCMG-PP-UTL-WATER-GW01,GW01-PIPE01,Pipe – Gland Water DN32 (Mill Area),TCMG-PP-UTL-WATER-GW01,052-WGW-HD1-32-PN12.5,,,,,,,,,,,,,,,,,,,
6,TCMG,Processing Plant,UTL,Utilities & Power,Water,GW01 Gland Water,TCMG-PP-UTL-WATER-GW01,GW01-PIPE02,Pipe – Gland Water DN32 (Cyclone Area),TCMG-PP-UTL-WATER-GW01,176-WGW-HD1-32-PN12.5,,,,,,,,,,,,,,,,,,,
6,TCMG,Processing Plant,UTL,Utilities & Power,Water,GW01 Gland Water,TCMG-PP-UTL-WATER-GW01,GW01-PIPE03,Pipe – Gland Water DN63 (Supply Header),TCMG-PP-UTL-WATER-GW01,WGW-HD1-63-PN12.5,,,,,,,,,,,,,,,,,,,
6,TCMG,Processing Plant,UTL,Utilities & Power,Water,GW01 Gland Water,TCMG-PP-UTL-WATER-GW01,GW01-PIPE04,Pipe – Gland Water DN63 (Distribution),TCMG-PP-UTL-WATER-GW01,WGW-HD1-63-PN12.5,,,,,,,,,,,,,,,,,,,
5,TCMG,Processing Plant,UTL,Utilities & Power,Water,PW01 Potable Water,TCMG-PP-UTL-WATER-PW01,,,,,,,,,,,,,,,,,,,,,,,
6,TCMG,Processing Plant,UTL,Utilities & Power,Water,PW01 Potable Water,TCMG-PP-UTL-WATER-PW01,PW01-SSTK01,Safety Shower Water Tank,TCMG-PP-UTL-WATER-PW01,11-TK-205,,,,,,,,,,,,,,,,,,,
6,TCMG,Processing Plant,UTL,Utilities & Power,Water,PW01 Potable Water,TCMG-PP-UTL-WATER-PW01,PW01-SSPA01,Safety Shower Pumps (Duty),TCMG-PP-UTL-WATER-PW01,11-PU-205A,,,,,,,,,,,,,,,,,,,
6,TCMG,Processing Plant,UTL,Utilities & Power,Water,PW01 Potable Water,TCMG-PP-UTL-WATER-PW01,PW01-SSPB01,Safety Shower Pumps (Standby),TCMG-PP-UTL-WATER-PW01,11-PU-205B,,,,,,,,,,,,,,,,,,,
7,TCMG,Processing Plant,UTL,Utilities & Power,Water,PW01 Potable Water,TCMG-PP-UTL-WATER-PW01,PW01-SSPB01,Safety Shower Pumps (Standby),TCMG-PP-UTL-WATER-PW01,,,Safety Shower Pump - Duty,Pump,,3SV09F011T,,,,,,,,,,,,,,,
7,TCMG,Processing Plant,UTL,Utilities & Power,Water,PW01 Potable Water,TCMG-PP-UTL-WATER-PW01,PW01-SSPB01,Safety Shower Pumps (Standby),TCMG-PP-UTL-WATER-PW01,,,Safety Shower Pump - Duty,Mechanical Seal kit,,LWSPKL01AAD,,,,,,,,,,,,,,,
6,TCMG,Processing Plant,UTL,Utilities & Power,Water,PW01 Potable Water,TCMG-PP-UTL-WATER-PW01,PW01-PA01,Potable Water Pumps (Duty),TCMG-PP-UTL-WATER-PW01,11-PU-033A,,,,,,,,,,,,,,,,,,,
7,TCMG,Processing Plant,UTL,Utilities & Power,Water,PW01 Potable Water,TCMG-PP-UTL-WATER-PW01,PW01-PA01,Potable Water Pumps (Duty),TCMG-PP-UTL-WATER-PW01,,,Potable Water Pump - Duty,Pump,,10SV09F040T/D,,,,,,,,,,,,,,,
6,TCMG,Processing Plant,UTL,Utilities & Power,Water,PW01 Potable Water,TCMG-PP-UTL-WATER-PW01,PW01-PB01,Potable Water Pumps (Standby),TCMG-PP-UTL-WATER-PW01,11-PU-033B,,,,,,,,,,,,,,,,,,,
7,TCMG,Processing Plant,UTL,Utilities & Power,Water,PW01 Potable Water,TCMG-PP-UTL-WATER-PW01,PW01-PB01,Potable Water Pumps (Standby),TCMG-PP-UTL-WATER-PW01,,,Potable Water Pump - Standby,Pump,,10SV09F040T/D,,,,,,,,,,,,,,,
6,TCMG,Processing Plant,UTL,Utilities & Power,Water,PW01 Potable Water,TCMG-PP-UTL-WATER-PW01,PW01-TK01,Potable Water Tank,TCMG-PP-UTL-WATER-PW01,11-TK-202,,,,,,,,,,,,,,,,,,,
6,TCMG,Processing Plant,UTL,Utilities & Power,Water,PW01 Potable Water,TCMG-PP-UTL-WATER-PW01,PW01-RO01,RO Plant (Vendor Package),TCMG-PP-UTL-WATER-PW01,RO PLANT,,,,,,,,,,,,,,,,,,,
6,TCMG,Processing Plant,UTL,Utilities & Power,Water,PW01 Potable Water,TCMG-PP-UTL-WATER-PW01,PW01-PIPE01,Pipe – Potable Water DN63 PN8,TCMG-PP-UTL-WATER-PW01,044-WPOT-HD1-63-PN8,,,,,,,,,,,,,,,,,,,
6,TCMG,Processing Plant,UTL,Utilities & Power,Water,PW01 Potable Water,TCMG-PP-UTL-WATER-PW01,PW01-PIPE02,Pipe – Potable Water DN63 PN6,TCMG-PP-UTL-WATER-PW01,WPOT-HD1-63-PN6,,,,,,,,,,,,,,,,,,,
5,TCMG,Processing Plant,UTL,Utilities & Power,Water,PCW01 Process Water,TCMG-PP-UTL-WATER-PCW01,,,,,,,,,,,,,,,,,,,,,,,
6,TCMG,Processing Plant,UTL,Utilities & Power,Water,PCW01 Process Water,TCMG-PP-UTL-WATER-PCW01,PCW01-ASDP01,Antiscalant Dosing Pump,TCMG-PP-UTL-WATER-PCW01,11-PU-053,,,,,,,,,,,,,,,,,,,
6,TCMG,Processing Plant,UTL,Utilities & Power,Water,PCW01 Process Water,TCMG-PP-UTL-WATER-PCW01,PCW01-PND01,Process Water Pond,TCMG-PP-UTL-WATER-PCW01,11-PD-03,,,,,,,,,,,,,,,,,,,
6,TCMG,Processing Plant,UTL,Utilities & Power,Water,PCW01 Process Water,TCMG-PP-UTL-WATER-PCW01,PCW01-PA01,Process Water Pump (Duty),TCMG-PP-UTL-WATER-PCW01,11-PU-130A,,,,,,,,,,,,,,,,,,,
7,TCMG,Processing Plant,UTL,Utilities & Power,Water,PCW01 Process Water,TCMG-PP-UTL-WATER-PCW01,PCW01-PA01,Process Water Pump (Duty),TCMG-PP-UTL-WATER-PCW01,,,Process Water Pump - Duty,Full Motor Assembly,,KTE44 W22 M,,,,,,,,,,,,,,,
7,TCMG,Processing Plant,UTL,Utilities & Power,Water,PCW01 Process Water,TCMG-PP-UTL-WATER-PCW01,PCW01-PA01,Process Water Pump (Duty),TCMG-PP-UTL-WATER-PCW01,,,Process Water Pump - Duty,Southern Cross ISOPro 150x125-400; Ci/SS/SS,,PRJG3J,,,,,,,,,,,,,,,
7,TCMG,Processing Plant,UTL,Utilities & Power,Water,PCW01 Process Water,TCMG-PP-UTL-WATER-PCW01,PCW01-PA01,Process Water Pump (Duty),TCMG-PP-UTL-WATER-PCW01,,,Process Water Pump - Duty,Impeller Trim; 394mm,,PSJE75,,,,,,,,,,,,,,,
7,TCMG,Processing Plant,UTL,Utilities & Power,Water,PCW01 Process Water,TCMG-PP-UTL-WATER-PCW01,PCW01-PA01,Process Water Pump (Duty),TCMG-PP-UTL-WATER-PCW01,,,Process Water Pump - Duty,Mechanical Seal Upgrade; SiC/SiC/FkM,,PR32-2,,,,,,,,,,,,,,,
7,TCMG,Processing Plant,UTL,Utilities & Power,Water,PCW01 Process Water,TCMG-PP-UTL-WATER-PCW01,PCW01-PA01,Process Water Pump (Duty),TCMG-PP-UTL-WATER-PCW01,,,Process Water Pump - Duty,Impeller,,SJG763,,,,,,,,,,,,,,,
7,TCMG,Processing Plant,UTL,Utilities & Power,Water,PCW01 Process Water,TCMG-PP-UTL-WATER-PCW01,PCW01-PA01,Process Water Pump (Duty),TCMG-PP-UTL-WATER-PCW01,,,Process Water Pump - Duty,Impeller Trim; 394mm,,ZZ008,,,,,,,,,,,,,,,
7,TCMG,Processing Plant,UTL,Utilities & Power,Water,PCW01 Process Water,TCMG-PP-UTL-WATER-PCW01,PCW01-PA01,Process Water Pump (Duty),TCMG-PP-UTL-WATER-PCW01,,,Process Water Pump - Duty,Mechanical Seal Kit; SiC/SiC/FKM,,ISO3901,,,,,,,,,,,,,,,
6,TCMG,Processing Plant,UTL,Utilities & Power,Water,PCW01 Process Water,TCMG-PP-UTL-WATER-PCW01,PCW01-PB01,Process Water Pump (Standby),TCMG-PP-UTL-WATER-PCW01,11-PU-130B,,,,,,,,,,,,,,,,,,,
7,TCMG,Processing Plant,UTL,Utilities & Power,Water,PCW01 Process Water,TCMG-PP-UTL-WATER-PCW01,PCW01-PB01,Process Water Pump (Standby),TCMG-PP-UTL-WATER-PCW01,,,Process Water Pump - Standby,Full Motor Assembly,,KTE44 W22 M,,,,,,,,,,,,,,,
7,TCMG,Processing Plant,UTL,Utilities & Power,Water,PCW01 Process Water,TCMG-PP-UTL-WATER-PCW01,PCW01-PB01,Process Water Pump (Standby),TCMG-PP-UTL-WATER-PCW01,,,Process Water Pump - Standby,Southern Cross ISOPro 150x125-400; Ci/SS/SS,,PRJG3J,,,,,,,,,,,,,,,
7,TCMG,Processing Plant,UTL,Utilities & Power,Water,PCW01 Process Water,TCMG-PP-UTL-WATER-PCW01,PCW01-PB01,Process Water Pump (Standby),TCMG-PP-UTL-WATER-PCW01,,,Process Water Pump - Standby,Impeller Trim; 394mm,,PSJE75,,,,,,,,,,,,,,,
7,TCMG,Processing Plant,UTL,Utilities & Power,Water,PCW01 Process Water,TCMG-PP-UTL-WATER-PCW01,PCW01-PB01,Process Water Pump (Standby),TCMG-PP-UTL-WATER-PCW01,,,Process Water Pump - Standby,Mechanical Seal Upgrade; SiC/SiC/FkM,,PR32-2,,,,,,,,,,,,,,,
7,TCMG,Processing Plant,UTL,Utilities & Power,Water,PCW01 Process Water,TCMG-PP-UTL-WATER-PCW01,PCW01-PB01,Process Water Pump (Standby),TCMG-PP-UTL-WATER-PCW01,,,Process Water Pump - Standby,Impeller,,SJG763,,,,,,,,,,,,,,,
7,TCMG,Processing Plant,UTL,Utilities & Power,Water,PCW01 Process Water,TCMG-PP-UTL-WATER-PCW01,PCW01-PB01,Process Water Pump (Standby),TCMG-PP-UTL-WATER-PCW01,,,Process Water Pump - Standby,Impeller Trim; 394mm,,ZZ008,,,,,,,,,,,,,,,
7,TCMG,Processing Plant,UTL,Utilities & Power,Water,PCW01 Process Water,TCMG-PP-UTL-WATER-PCW01,PCW01-PB01,Process Water Pump (Standby),TCMG-PP-UTL-WATER-PCW01,,,Process Water Pump - Standby,Mechanical Seal Kit; SiC/SiC/FKM,,ISO3901,,,,,,,,,,,,,,,
6,TCMG,Processing Plant,UTL,Utilities & Power,Water,PCW01 Process Water,TCMG-PP-UTL-WATER-PCW01,PCW01-VLV02,Butterfly Valve (large),TCMG-PP-UTL-WATER-PCW01,200V05,,,,,,,,,,,,,,,,,,,
6,TCMG,Processing Plant,UTL,Utilities & Power,Water,PCW01 Process Water,TCMG-PP-UTL-WATER-PCW01,PCW01-VLV01,Knife Gate,TCMG-PP-UTL-WATER-PCW01,200V03-V383,,,,,,,,,,,,,,,,,,,
6,TCMG,Processing Plant,UTL,Utilities & Power,Water,PCW01 Process Water,TCMG-PP-UTL-WATER-PCW01,PCW01-VLV05,Reducer Valve 160x200mm,TCMG-PP-UTL-WATER-PCW01,V304-160x200,,,,,,,,,,,,,,,,,,,
6,TCMG,Processing Plant,UTL,Utilities & Power,Water,PCW01 Process Water,TCMG-PP-UTL-WATER-PCW01,PCW01-VLV06,Butterfly Valve 200mm,TCMG-PP-UTL-WATER-PCW01,V305-200V05,,,,,,,,,,,,,,,,,,,
6,TCMG,Processing Plant,UTL,Utilities & Power,Water,PCW01 Process Water,TCMG-PP-UTL-WATER-PCW01,PCW01-VLV03,Ball Valve 25mm,TCMG-PP-UTL-WATER-PCW01,25V01-V301,,,,,,,,,,,,,,,,,,,
6,TCMG,Processing Plant,UTL,Utilities & Power,Water,PCW01 Process Water,TCMG-PP-UTL-WATER-PCW01,PCW01-VLV04,Ball Valve 50mm,TCMG-PP-UTL-WATER-PCW01,50V01 (multiple),,,,,,,,,,,,,,,,,,,
6,TCMG,Processing Plant,UTL,Utilities & Power,Water,PCW01 Process Water,TCMG-PP-UTL-WATER-PCW01,PCW01-PIPE03,Pipe – Process Water Main,TCMG-PP-UTL-WATER-PCW01,201-MPW-HD1-200,,,,,,,,,,,,,,,,,,,
6,TCMG,Processing Plant,UTL,Utilities & Power,Water,PCW01 Process Water,TCMG-PP-UTL-WATER-PCW01,PCW01-PIPE04,Pipe – Process Water DN200 (Line 202),TCMG-PP-UTL-WATER-PCW01,202-MPW-HD1-200,,,,,,,,,,,,,,,,,,,
6,TCMG,Processing Plant,UTL,Utilities & Power,Water,PCW01 Process Water,TCMG-PP-UTL-WATER-PCW01,PCW01-PIPE05,Pipe – Process Water DN200 (Line 203),TCMG-PP-UTL-WATER-PCW01,203-MPW-HD-200,,,,,,,,,,,,,,,,,,,
6,TCMG,Processing Plant,UTL,Utilities & Power,Water,PCW01 Process Water,TCMG-PP-UTL-WATER-PCW01,PCW01-PIPE06,Pipe – Process Water (to mill),TCMG-PP-UTL-WATER-PCW01,204-MPW-HD1-110-PN6,,,,,,,,,,,,,,,,,,,
6,TCMG,Processing Plant,UTL,Utilities & Power,Water,PCW01 Process Water,TCMG-PP-UTL-WATER-PCW01,PCW01-PIPE01,Pipe – Process Water DN110 HDPE,TCMG-PP-UTL-WATER-PCW01,017-WPW-HD1-110-PN12.5,,,,,,,,,,,,,,,,,,,
6,TCMG,Processing Plant,UTL,Utilities & Power,Water,PCW01 Process Water,TCMG-PP-UTL-WATER-PCW01,PCW01-PIPE02,Pipe – Raw Water Supply (Process Water System),TCMG-PP-UTL-WATER-PCW01,1001-WRW-HD1-110-PN6,,,,,,,,,,,,,,,,,,,
6,TCMG,Processing Plant,UTL,Utilities & Power,Water,PCW01 Process Water,TCMG-PP-UTL-WATER-PCW01,PCW01-PIP01,Process Water Piping,TCMG-PP-UTL-WATER-PCW01,,,,,,,,,,,,,,,,,,,,
6,TCMG,Processing Plant,UTL,Utilities & Power,Water,PCW01 Process Water,TCMG-PP-UTL-WATER-PCW01,PCW01-PA01-VFD,Process Water Pump Duty VFD,TCMG-PP-UTL-WATER-PCW01,,,,,,,,,,,,,,,,,,,,
6,TCMG,Processing Plant,UTL,Utilities & Power,Water,PCW01 Process Water,TCMG-PP-UTL-WATER-PCW01,PCW01-PB01-VFD,Process Water Pump Standby VFD,TCMG-PP-UTL-WATER-PCW01,,,,,,,,,,,,,,,,,,,,
5,TCMG,Processing Plant,UTL,Utilities & Power,Water,RW01 Raw Water,TCMG-PP-UTL-WATER-RW01,,,,,,,,,,,,,,,,,,,,,,,
6,TCMG,Processing Plant,UTL,Utilities & Power,Water,RW01 Raw Water,TCMG-PP-UTL-WATER-RW01,RW01-SMP01,Nobles Natural Sump,TCMG-PP-UTL-WATER-RW01,11-PD-004,,,,,,,,,,,,,,,,,,,
6,TCMG,Processing Plant,UTL,Utilities & Power,Water,RW01 Raw Water,TCMG-PP-UTL-WATER-RW01,RW01-TK01,Raw Water Tank,TCMG-PP-UTL-WATER-RW01,11-TK-001,,,,,,,,,,,,,,,,,,,
6,TCMG,Processing Plant,UTL,Utilities & Power,Water,RW01 Raw Water,TCMG-PP-UTL-WATER-RW01,RW01-PA01,Raw Water Pumps (Duty),TCMG-PP-UTL-WATER-RW01,11-PU-026A,,,,,,,,,,,,,,,,,,,
7,TCMG,Processing Plant,UTL,Utilities & Power,Water,RW01 Raw Water,TCMG-PP-UTL-WATER-RW01,RW01-PA01,Raw Water Pumps (Duty),TCMG-PP-UTL-WATER-RW01,,,Raw Water pump - Duty,Pump,,CR45-3 X-F-I-E-HQQE,,,,,,,,,,,,,,,
6,TCMG,Processing Plant,UTL,Utilities & Power,Water,RW01 Raw Water,TCMG-PP-UTL-WATER-RW01,RW01-PB01,Raw Water Pumps (Standby),TCMG-PP-UTL-WATER-RW01,11-PU-026B,,,,,,,,,,,,,,,,,,,
7,TCMG,Processing Plant,UTL,Utilities & Power,Water,RW01 Raw Water,TCMG-PP-UTL-WATER-RW01,RW01-PB01,Raw Water Pumps (Standby),TCMG-PP-UTL-WATER-RW01,,,Raw Water pump - Standby,Pump,,CR45-3 X-F-I-E-HQQE,,,,,,,,,,,,,,,
6,TCMG,Processing Plant,UTL,Utilities & Power,Water,RW01 Raw Water,TCMG-PP-UTL-WATER-RW01,RW01-VLV05,Ball Valve with PRV,TCMG-PP-UTL-WATER-RW01,50V01-V084-430kPa,,,,,,,,,,,,,,,,,,,
6,TCMG,Processing Plant,UTL,Utilities & Power,Water,RW01 Raw Water,TCMG-PP-UTL-WATER-RW01,RW01-VLV04,Electric Valve,TCMG-PP-UTL-WATER-RW01,4EV01 (multiple),,,,,,,,,,,,,,,,,,,
6,TCMG,Processing Plant,UTL,Utilities & Power,Water,RW01 Raw Water,TCMG-PP-UTL-WATER-RW01,RW01-VLV02,Butterfly Valve 15mm,TCMG-PP-UTL-WATER-RW01,15V05 (multiple),,,,,,,,,,,,,,,,,,,
6,TCMG,Processing Plant,UTL,Utilities & Power,Water,RW01 Raw Water,TCMG-PP-UTL-WATER-RW01,RW01-VLV01,Butterfly Valve 100mm,TCMG-PP-UTL-WATER-RW01,100V05,,,,,,,,,,,,,,,,,,,
6,TCMG,Processing Plant,UTL,Utilities & Power,Water,RW01 Raw Water,TCMG-PP-UTL-WATER-RW01,RW01-VLV03,Large Valve,TCMG-PP-UTL-WATER-RW01,16LV05,,,,,,,,,,,,,,,,,,,
6,TCMG,Processing Plant,UTL,Utilities & Power,Water,RW01 Raw Water,TCMG-PP-UTL-WATER-RW01,RW01-VLV06,Butterfly Valve 50mm,TCMG-PP-UTL-WATER-RW01,50V05 (multiple),,,,,,,,,,,,,,,,,,,
6,TCMG,Processing Plant,UTL,Utilities & Power,Water,RW01 Raw Water,TCMG-PP-UTL-WATER-RW01,RW01-PIPE03,Pipe – Raw Water (from Juno bore),TCMG-PP-UTL-WATER-RW01,WRW-HD1-160-PN6,,,,,,,,,,,,,,,,,,,
6,TCMG,Processing Plant,UTL,Utilities & Power,Water,RW01 Raw Water,TCMG-PP-UTL-WATER-RW01,RW01-PIPE01,Pipe – Raw Water Supply DN160 HDPE,TCMG-PP-UTL-WATER-RW01,WMA-HD1-L8-PN6,,,,,,,,,,,,,,,,,,,
6,TCMG,Processing Plant,UTL,Utilities & Power,Water,RW01 Raw Water,TCMG-PP-UTL-WATER-RW01,RW01-PIPE02,Pipe – Raw Water Main DN160 HDPE,TCMG-PP-UTL-WATER-RW01,WRW-HD1-110-PN12.5,,,,,,,,,,,,,,,,,,,
6,TCMG,Processing Plant,UTL,Utilities & Power,Water,RW01 Raw Water,TCMG-PP-UTL-WATER-RW01,RW01-PIPE04,Pipe – Raw Water to Thickener,TCMG-PP-UTL-WATER-RW01,WRW-HS-MA-PN6,,,,,,,,,,,,,,,,,,,
4,TCMG,Processing Plant,UTL,Utilities & Power,Compressed Air,,,,,,,,,,,,,,,,,,,,,,,,,
5,TCMG,Processing Plant,UTL,Utilities & Power,Compressed Air,CA-COMP01 Compressed Air System,TCMG-PP-UTL-COMPR-COMP01,,,,,,,,,,,,,,,,,,,,,,,
6,TCMG,Processing Plant,UTL,Utilities & Power,Compressed Air,CA-COMP01 Compressed Air System,TCMG-PP-UTL-COMPR-COMP01,CA-COMP01-HPAC01,HP Air Compressor 1,TCMG-PP-UTL-COMPR-COMP01,05-CP-132,,,,,,,,,,,,,,,,,,,
7,TCMG,Processing Plant,UTL,Utilities & Power,Compressed Air,CA-COMP01 Compressed Air System,TCMG-PP-UTL-COMPR-COMP01,CA-COMP01-HPAC01,HP Air Compressor 1,TCMG-PP-UTL-COMPR-COMP01,,,HP Air Compressor,Full Unit,,GA22-FF,,,,,,,,,,,,,,,
6,TCMG,Processing Plant,UTL,Utilities & Power,Compressed Air,CA-COMP01 Compressed Air System,TCMG-PP-UTL-COMPR-COMP01,CA-COMP01-HPAC02,HP Air Compressor 2,TCMG-PP-UTL-COMPR-COMP01,05-CP-133,,,,,,,,,,,,,,,,,,,
7,TCMG,Processing Plant,UTL,Utilities & Power,Compressed Air,CA-COMP01 Compressed Air System,TCMG-PP-UTL-COMPR-COMP01,CA-COMP01-HPAC02,HP Air Compressor 2,TCMG-PP-UTL-COMPR-COMP01,,,HP Air Compressor,Full Unit,,GA22-FF,,,,,,,,,,,,,,,
6,TCMG,Processing Plant,UTL,Utilities & Power,Compressed Air,CA-COMP01 Compressed Air System,TCMG-PP-UTL-COMPR-COMP01,CA-COMP01-ARCV01,Air Receiver 1,TCMG-PP-UTL-COMPR-COMP01,05-AR-132,,,,,,,,,,,,,,,,,,,
7,TCMG,Processing Plant,UTL,Utilities & Power,Compressed Air,CA-COMP01 Compressed Air System,TCMG-PP-UTL-COMPR-COMP01,CA-COMP01-ARCV01,Air Receiver 1,TCMG-PP-UTL-COMPR-COMP01,,,HP Air Receiver,VAR 1000L Max. W.P. 1100 kPa,,1280017169,,,,,,,,,,,,,,,
7,TCMG,Processing Plant,UTL,Utilities & Power,Compressed Air,CA-COMP01 Compressed Air System,TCMG-PP-UTL-COMPR-COMP01,CA-COMP01-ARCV01,Air Receiver 1,TCMG-PP-UTL-COMPR-COMP01,,,HP Air Receiver,Kit 10B for VAR 1000L,,3330860350,,,,,,,,,,,,,,,
7,TCMG,Processing Plant,UTL,Utilities & Power,Compressed Air,CA-COMP01 Compressed Air System,TCMG-PP-UTL-COMPR-COMP01,CA-COMP01-ARCV01,Air Receiver 1,TCMG-PP-UTL-COMPR-COMP01,,,HP Air Receiver,WD80,,8102025007,,,,,,,,,,,,,,,
6,TCMG,Processing Plant,UTL,Utilities & Power,Compressed Air,CA-COMP01 Compressed Air System,TCMG-PP-UTL-COMPR-COMP01,CA-COMP01-ARCV02,Air Receiver 2,TCMG-PP-UTL-COMPR-COMP01,05-AR-133,,,,,,,,,,,,,,,,,,,
7,TCMG,Processing Plant,UTL,Utilities & Power,Compressed Air,CA-COMP01 Compressed Air System,TCMG-PP-UTL-COMPR-COMP01,CA-COMP01-ARCV02,Air Receiver 2,TCMG-PP-UTL-COMPR-COMP01,,,HP Air Receiver,VAR 1000L Max. W.P. 1100 kPa,,1280017169,,,,,,,,,,,,,,,
7,TCMG,Processing Plant,UTL,Utilities & Power,Compressed Air,CA-COMP01 Compressed Air System,TCMG-PP-UTL-COMPR-COMP01,CA-COMP01-ARCV02,Air Receiver 2,TCMG-PP-UTL-COMPR-COMP01,,,HP Air Receiver,Kit 10B for VAR 1000L,,3330860350,,,,,,,,,,,,,,,
7,TCMG,Processing Plant,UTL,Utilities & Power,Compressed Air,CA-COMP01 Compressed Air System,TCMG-PP-UTL-COMPR-COMP01,CA-COMP01-ARCV02,Air Receiver 2,TCMG-PP-UTL-COMPR-COMP01,,,HP Air Receiver,WD80,,8102025007,,,,,,,,,,,,,,,
6,TCMG,Processing Plant,UTL,Utilities & Power,Compressed Air,CA-COMP01 Compressed Air System,TCMG-PP-UTL-COMPR-COMP01,CA-COMP01-AFLT01,Air Filter,TCMG-PP-UTL-COMPR-COMP01,05-AF-132,,,,,,,,,,,,,,,,,,,
7,TCMG,Processing Plant,UTL,Utilities & Power,Compressed Air,CA-COMP01 Compressed Air System,TCMG-PP-UTL-COMPR-COMP01,CA-COMP01-AFLT01,Air Filter,TCMG-PP-UTL-COMPR-COMP01,,,Air Filters,Full Unit,,UD75+ (G1),,,,,,,,,,,,,,,
6,TCMG,Processing Plant,UTL,Utilities & Power,Compressed Air,CA-COMP01 Compressed Air System,TCMG-PP-UTL-COMPR-COMP01,CA-COMP01-HPRV01,HP Air Receiver 1,TCMG-PP-UTL-COMPR-COMP01,,,,,,,,,,,,,,,,,,,,
6,TCMG,Processing Plant,UTL,Utilities & Power,Compressed Air,CA-COMP01 Compressed Air System,TCMG-PP-UTL-COMPR-COMP01,CA-COMP01-HPRV02,HP Air Receiver 2,TCMG-PP-UTL-COMPR-COMP01,,,,,,,,,,,,,,,,,,,,
6,TCMG,Processing Plant,UTL,Utilities & Power,Compressed Air,CA-COMP01 Compressed Air System,TCMG-PP-UTL-COMPR-COMP01,CA-COMP01-PIPE01,Pipe – Plant Air (compressor outlet),TCMG-PP-UTL-COMPR-COMP01,AC-CS1-25,,,,,,,,,,,,,,,,,,,
6,TCMG,Processing Plant,UTL,Utilities & Power,Compressed Air,CA-COMP01 Compressed Air System,TCMG-PP-UTL-COMPR-COMP01,CA-COMP01-PIPE02,Pipe – Plant Air Main,TCMG-PP-UTL-COMPR-COMP01,AC-CS1-50,,,,,,,,,,,,,,,,,,,
6,TCMG,Processing Plant,UTL,Utilities & Power,Compressed Air,CA-COMP01 Compressed Air System,TCMG-PP-UTL-COMPR-COMP01,CA-COMP01-PIPE03,Pipe – Plant Air Distribution,TCMG-PP-UTL-COMPR-COMP01,AC-HD1-50,,,,,,,,,,,,,,,,,,,
3,TCMG,Processing Plant,COM,Comminution / Process,,,,,,,,,,,,,,,,,,,,,,,,,,
4,TCMG,Processing Plant,COM,Comminution / Process,Feed / Reclaim,,,,,,,,,,,,,,,,,,,,,,,,,
5,TCMG,Processing Plant,COM,Comminution / Process,Feed / Reclaim,RCFD01 Reclaim Hopper & Feeder,TCMG-PP-COMM-FEED-RCFD01,,,,,,,,,,,,,,,,,,,,,,,
6,TCMG,Processing Plant,COM,Comminution / Process,Feed / Reclaim,RCFD01 Reclaim Hopper & Feeder,TCMG-PP-COMM-FEED-RCFD01,RCFD01-HP01,Reclaim Hopper,TCMG-PP-COMM-FEED-RCFD01,04-PB-099,,,,,,,,,,,,,,,,,,,
6,TCMG,Processing Plant,COM,Comminution / Process,Feed / Reclaim,RCFD01 Reclaim Hopper & Feeder,TCMG-PP-COMM-FEED-RCFD01,RCFD01,Reclaim Feeder,TCMG-PP-COMM-FEED-RCFD01,04-FE-100,,,,,,,,,,,,,,,,,,,
7,TCMG,Processing Plant,COM,Comminution / Process,Feed / Reclaim,RCFD01 Reclaim Hopper & Feeder,TCMG-PP-COMM-FEED-RCFD01,RCFD01,Reclaim Feeder,TCMG-PP-COMM-FEED-RCFD01,,,Roller,Reclaim Feeder Roller,P/N: K-ROL-STR-600B25,Reclaim Feeder Roller,,,,,,,,,,,,,,,
7,TCMG,Processing Plant,COM,Comminution / Process,Feed / Reclaim,RCFD01 Reclaim Hopper & Feeder,TCMG-PP-COMM-FEED-RCFD01,RCFD01,Reclaim Feeder,TCMG-PP-COMM-FEED-RCFD01,,,Roller,Reclaim Feeder Roller,P/N: K-ROL-SRR-1200B25,Reclaim Feeder Roller,,,,,,,,,,,,,,,
7,TCMG,Processing Plant,COM,Comminution / Process,Feed / Reclaim,RCFD01 Reclaim Hopper & Feeder,TCMG-PP-COMM-FEED-RCFD01,RCFD01,Reclaim Feeder,TCMG-PP-COMM-FEED-RCFD01,,,Wear Items,Reclaim Feeder Wear Items,"Dimensions: 3750 x 100mm, Thickness: 12mm, Material: Bisalloy",Reclaim Feeder Wear Items,,,,,,,,,,,,,,,
7,TCMG,Processing Plant,COM,Comminution / Process,Feed / Reclaim,RCFD01 Reclaim Hopper & Feeder,TCMG-PP-COMM-FEED-RCFD01,RCFD01,Reclaim Feeder,TCMG-PP-COMM-FEED-RCFD01,,,Motor,Reclaim Feeder Motor,SEW-EURODRIVE KA107R77 DRN112M4/V,Reclaim Feeder Motor,,,,,,,,,,,,,,,
7,TCMG,Processing Plant,COM,Comminution / Process,Feed / Reclaim,RCFD01 Reclaim Hopper & Feeder,TCMG-PP-COMM-FEED-RCFD01,RCFD01,Reclaim Feeder,TCMG-PP-COMM-FEED-RCFD01,,,Gearbox,Reclaim Feeder Gearbox,SEW-EURODRIVE KA107R77 DRN112M4/V,Reclaim Feeder Gearbox,,,,,,,,,,,,,,,
7,TCMG,Processing Plant,COM,Comminution / Process,Feed / Reclaim,RCFD01 Reclaim Hopper & Feeder,TCMG-PP-COMM-FEED-RCFD01,RCFD01,Reclaim Feeder,TCMG-PP-COMM-FEED-RCFD01,,,Head pulley Pillow Block,Head pulley Pillow Block,,Head pulley Pillow Block,,,,,,,,,,,,,,,
7,TCMG,Processing Plant,COM,Comminution / Process,Feed / Reclaim,RCFD01 Reclaim Hopper & Feeder,TCMG-PP-COMM-FEED-RCFD01,RCFD01,Reclaim Feeder,TCMG-PP-COMM-FEED-RCFD01,,,Head pulley Bearing,Head pulley Bearing,,Head pulley Bearing,,,,,,,,,,,,,,,
7,TCMG,Processing Plant,COM,Comminution / Process,Feed / Reclaim,RCFD01 Reclaim Hopper & Feeder,TCMG-PP-COMM-FEED-RCFD01,RCFD01,Reclaim Feeder,TCMG-PP-COMM-FEED-RCFD01,,,Tail pulley Pillow Block,Tail pulley Pillow Block,,Tail pulley Pillow Block,,,,,,,,,,,,,,,
7,TCMG,Processing Plant,COM,Comminution / Process,Feed / Reclaim,RCFD01 Reclaim Hopper & Feeder,TCMG-PP-COMM-FEED-RCFD01,RCFD01,Reclaim Feeder,TCMG-PP-COMM-FEED-RCFD01,,,Tail pulley Bearings,Tail pulley Bearings,,Tail pulley Bearings,,,,,,,,,,,,,,,
7,TCMG,Processing Plant,COM,Comminution / Process,Feed / Reclaim,RCFD01 Reclaim Hopper & Feeder,TCMG-PP-COMM-FEED-RCFD01,RCFD01,Reclaim Feeder,TCMG-PP-COMM-FEED-RCFD01,,,Conveyor belt,Conveyor belt,,Conveyor belt,,,,,,,,,,,,,,,
5,TCMG,Processing Plant,COM,Comminution / Process,Feed / Reclaim,TRCV01 Transfer Conveyor,TCMG-PP-COMM-FEED-TRCV01,,,,,,,,,,,,,,,,,,,,,,,
6,TCMG,Processing Plant,COM,Comminution / Process,Feed / Reclaim,TRCV01 Transfer Conveyor,TCMG-PP-COMM-FEED-TRCV01,TRCV01,Transfer Conveyor,TCMG-PP-COMM-FEED-TRCV01,04-FE-101,,,,,,,,,,,,,,,,,,,
7,TCMG,Processing Plant,COM,Comminution / Process,Feed / Reclaim,TRCV01 Transfer Conveyor,TCMG-PP-COMM-FEED-TRCV01,TRCV01,Transfer Conveyor,TCMG-PP-COMM-FEED-TRCV01,,,Motor,Transfer Conveyor Motor,SEW-EURODRIVE KA77/T.DRE132M4/RS,Transfer Conveyor Motor,,,,,,,,,,,,,,,
7,TCMG,Processing Plant,COM,Comminution / Process,Feed / Reclaim,TRCV01 Transfer Conveyor,TCMG-PP-COMM-FEED-TRCV01,TRCV01,Transfer Conveyor,TCMG-PP-COMM-FEED-TRCV01,,,Gearbox,Transfer Conveyor Gearbox,SEW-EURODRIVE KA77/T.DRE132M4/RS,Transfer Conveyor Gearbox,,,,,,,,,,,,,,,
7,TCMG,Processing Plant,COM,Comminution / Process,Feed / Reclaim,TRCV01 Transfer Conveyor,TCMG-PP-COMM-FEED-TRCV01,TRCV01,Transfer Conveyor,TCMG-PP-COMM-FEED-TRCV01,,,Rollers,Transfer Conveyor Rollers,P/N: K-ROL-STR-600B25,Transfer Conveyor Rollers,,,,,,,,,,,,,,,
7,TCMG,Processing Plant,COM,Comminution / Process,Feed / Reclaim,TRCV01 Transfer Conveyor,TCMG-PP-COMM-FEED-TRCV01,TRCV01,Transfer Conveyor,TCMG-PP-COMM-FEED-TRCV01,,,Rollers,Transfer Conveyor Rollers,P/N: K-ROL-STR-600B25,Transfer Conveyor Rollers,,,,,,,,,,,,,,,
7,TCMG,Processing Plant,COM,Comminution / Process,Feed / Reclaim,TRCV01 Transfer Conveyor,TCMG-PP-COMM-FEED-TRCV01,TRCV01,Transfer Conveyor,TCMG-PP-COMM-FEED-TRCV01,,,Head pulley Pillow Block,Head pulley Pillow Block,,Head pulley Pillow Block,,,,,,,,,,,,,,,
7,TCMG,Processing Plant,COM,Comminution / Process,Feed / Reclaim,TRCV01 Transfer Conveyor,TCMG-PP-COMM-FEED-TRCV01,TRCV01,Transfer Conveyor,TCMG-PP-COMM-FEED-TRCV01,,,Head pulley Bearing,Head pulley Bearing,,Head pulley Bearing,,,,,,,,,,,,,,,
7,TCMG,Processing Plant,COM,Comminution / Process,Feed / Reclaim,TRCV01 Transfer Conveyor,TCMG-PP-COMM-FEED-TRCV01,TRCV01,Transfer Conveyor,TCMG-PP-COMM-FEED-TRCV01,,,Tail pulley Pillow Block,Tail pulley Pillow Block,,Tail pulley Pillow Block,,,,,,,,,,,,,,,
7,TCMG,Processing Plant,COM,Comminution / Process,Feed / Reclaim,TRCV01 Transfer Conveyor,TCMG-PP-COMM-FEED-TRCV01,TRCV01,Transfer Conveyor,TCMG-PP-COMM-FEED-TRCV01,,,Tail pulley Bearings,Tail pulley Bearings,,Tail pulley Bearings,,,,,,,,,,,,,,,
7,TCMG,Processing Plant,COM,Comminution / Process,Feed / Reclaim,TRCV01 Transfer Conveyor,TCMG-PP-COMM-FEED-TRCV01,TRCV01,Transfer Conveyor,TCMG-PP-COMM-FEED-TRCV01,,,Conveyor belt,Conveyor belt,,Conveyor belt,,,,,,,,,,,,,,,
6,TCMG,Processing Plant,COM,Comminution / Process,Feed / Reclaim,TRCV01 Transfer Conveyor,TCMG-PP-COMM-FEED-TRCV01,TRCV01-CH01,Transfer Conveyor Discharge Chute,TCMG-PP-COMM-FEED-TRCV01,04-CH-100,,,,,,,,,,,,,,,,,,,
5,TCMG,Processing Plant,COM,Comminution / Process,Feed / Reclaim,MFCV01 Mill Feed Conveyor,TCMG-PP-COMM-FEED-MFCV01,,,,,,,,,,,,,,,,,,,,,,,
6,TCMG,Processing Plant,COM,Comminution / Process,Feed / Reclaim,MFCV01 Mill Feed Conveyor,TCMG-PP-COMM-FEED-MFCV01,MFCV01,Mill Feed Conveyor,TCMG-PP-COMM-FEED-MFCV01,04-BC-100,,,,,,,,,,,,,,,,,,,
7,TCMG,Processing Plant,COM,Comminution / Process,Feed / Reclaim,MFCV01 Mill Feed Conveyor,TCMG-PP-COMM-FEED-MFCV01,MFCV01,Mill Feed Conveyor,TCMG-PP-COMM-FEED-MFCV01,,,Motor,Motor,,Motor,,,,,,,,,,,,,,,
7,TCMG,Processing Plant,COM,Comminution / Process,Feed / Reclaim,MFCV01 Mill Feed Conveyor,TCMG-PP-COMM-FEED-MFCV01,MFCV01,Mill Feed Conveyor,TCMG-PP-COMM-FEED-MFCV01,,,Gearbox,Gearbox,,Gearbox,,,,,,,,,,,,,,,
7,TCMG,Processing Plant,COM,Comminution / Process,Feed / Reclaim,MFCV01 Mill Feed Conveyor,TCMG-PP-COMM-FEED-MFCV01,MFCV01,Mill Feed Conveyor,TCMG-PP-COMM-FEED-MFCV01,,,Motor Pulley,Motor Pulley,,Motor Pulley,,,,,,,,,,,,,,,
7,TCMG,Processing Plant,COM,Comminution / Process,Feed / Reclaim,MFCV01 Mill Feed Conveyor,TCMG-PP-COMM-FEED-MFCV01,MFCV01,Mill Feed Conveyor,TCMG-PP-COMM-FEED-MFCV01,,,Gearbox Pulley,Gearbox Pulley,,Gearbox Pulley,,,,,,,,,,,,,,,
7,TCMG,Processing Plant,COM,Comminution / Process,Feed / Reclaim,MFCV01 Mill Feed Conveyor,TCMG-PP-COMM-FEED-MFCV01,MFCV01,Mill Feed Conveyor,TCMG-PP-COMM-FEED-MFCV01,,,Drive Belt,Drive Belt,,Drive Belt,,,,,,,,,,,,,,,
7,TCMG,Processing Plant,COM,Comminution / Process,Feed / Reclaim,MFCV01 Mill Feed Conveyor,TCMG-PP-COMM-FEED-MFCV01,MFCV01,Mill Feed Conveyor,TCMG-PP-COMM-FEED-MFCV01,,,Head pulley Pillow Block,Head pulley Pillow Block,,Head pulley Pillow Block,,,,,,,,,,,,,,,
7,TCMG,Processing Plant,COM,Comminution / Process,Feed / Reclaim,MFCV01 Mill Feed Conveyor,TCMG-PP-COMM-FEED-MFCV01,MFCV01,Mill Feed Conveyor,TCMG-PP-COMM-FEED-MFCV01,,,Head pulley Bearing,Head pulley Bearing,,Head pulley Bearing,,,,,,,,,,,,,,,
7,TCMG,Processing Plant,COM,Comminution / Process,Feed / Reclaim,MFCV01 Mill Feed Conveyor,TCMG-PP-COMM-FEED-MFCV01,MFCV01,Mill Feed Conveyor,TCMG-PP-COMM-FEED-MFCV01,,,Tail pulley Pillow Block,Tail pulley Pillow Block,,Tail pulley Pillow Block,,,,,,,,,,,,,,,
7,TCMG,Processing Plant,COM,Comminution / Process,Feed / Reclaim,MFCV01 Mill Feed Conveyor,TCMG-PP-COMM-FEED-MFCV01,MFCV01,Mill Feed Conveyor,TCMG-PP-COMM-FEED-MFCV01,,,Tail pulley Bearings,Tail pulley Bearings,,Tail pulley Bearings,,,,,,,,,,,,,,,
7,TCMG,Processing Plant,COM,Comminution / Process,Feed / Reclaim,MFCV01 Mill Feed Conveyor,TCMG-PP-COMM-FEED-MFCV01,MFCV01,Mill Feed Conveyor,TCMG-PP-COMM-FEED-MFCV01,,,Conveyor belt,Conveyor belt,,Conveyor belt,,,,,,,,,,,,,,,
7,TCMG,Processing Plant,COM,Comminution / Process,Feed / Reclaim,MFCV01 Mill Feed Conveyor,TCMG-PP-COMM-FEED-MFCV01,MFCV01,Mill Feed Conveyor,TCMG-PP-COMM-FEED-MFCV01,,,Side Guide Roller,Side Guide Roller,,P/N: K-ROL-SG-60x125-B,,,,,,,,,,,,,,,
7,TCMG,Processing Plant,COM,Comminution / Process,Feed / Reclaim,MFCV01 Mill Feed Conveyor,TCMG-PP-COMM-FEED-MFCV01,MFCV01,Mill Feed Conveyor,TCMG-PP-COMM-FEED-MFCV01,,,Roller - Steel Trough,Roller - Steel Trough,,P/N: K-ROL-STR-600B25,,,,,,,,,,,,,,,
7,TCMG,Processing Plant,COM,Comminution / Process,Feed / Reclaim,MFCV01 Mill Feed Conveyor,TCMG-PP-COMM-FEED-MFCV01,MFCV01,Mill Feed Conveyor,TCMG-PP-COMM-FEED-MFCV01,,,Roller - Steel Return,Roller - Steel Return,,P/N: K-ROL-SRR-600B25,,,,,,,,,,,,,,,
6,TCMG,Processing Plant,COM,Comminution / Process,Feed / Reclaim,MFCV01 Mill Feed Conveyor,TCMG-PP-COMM-FEED-MFCV01,MFCV01-CH02,Mill Feed Conveyor Discharge Chute,TCMG-PP-COMM-FEED-MFCV01,04-CH-101,,,,,,,,,,,,,,,,,,,
6,TCMG,Processing Plant,COM,Comminution / Process,Feed / Reclaim,MFCV01 Mill Feed Conveyor,TCMG-PP-COMM-FEED-MFCV01,MFCV01-CH01,Primary Mill Feed Chute,TCMG-PP-COMM-FEED-MFCV01,04-CH-102,,,,,,,,,,,,,,,,,,,
7,TCMG,Processing Plant,COM,Comminution / Process,Feed / Reclaim,MFCV01 Mill Feed Conveyor,TCMG-PP-COMM-FEED-MFCV01,MFCV01-CH01,Primary Mill Feed Chute,TCMG-PP-COMM-FEED-MFCV01,,,Mill Chute,Set of ceramic liners,,Set of ceramic liners,,,,,,,,,,,,,,,
4,TCMG,Processing Plant,COM,Comminution / Process,Grinding,,,,,,,,,,,,,,,,,,,,,,,,,
5,TCMG,Processing Plant,COM,Comminution / Process,Grinding,BM01 Primary Ball Mill,TCMG-PP-COMM-GRIND-BM01,,,,,,,,,,,,,,,,,,,,,,,
6,TCMG,Processing Plant,COM,Comminution / Process,Grinding,BM01 Primary Ball Mill,TCMG-PP-COMM-GRIND-BM01,BM01,Primary Ball Mill,TCMG-PP-COMM-GRIND-BM01,04-ML-100,,,,,,,,,,,,,,,,,,,
7,TCMG,Processing Plant,COM,Comminution / Process,Grinding,BM01 Primary Ball Mill,TCMG-PP-COMM-GRIND-BM01,BM01,Primary Ball Mill,TCMG-PP-COMM-GRIND-BM01,,,Motor,Motor,,Motor,,,,,,,,,,,,,,,
7,TCMG,Processing Plant,COM,Comminution / Process,Grinding,BM01 Primary Ball Mill,TCMG-PP-COMM-GRIND-BM01,BM01,Primary Ball Mill,TCMG-PP-COMM-GRIND-BM01,,,"Pinnion assembly (2 bearings, 2 pillow block, 1 pinion)","Pinnion assembly (2 bearings, 2 pillow block, 1 pinion)",,"Pinnion assembly (2 bearings, 2 pillow block, 1 pinion)",,,,,,,,,,,,,,,
7,TCMG,Processing Plant,COM,Comminution / Process,Grinding,BM01 Primary Ball Mill,TCMG-PP-COMM-GRIND-BM01,BM01,Primary Ball Mill,TCMG-PP-COMM-GRIND-BM01,,,PiIlow block pinion bearing,PiIlow block pinion bearing,,PiIlow block pinion bearing,,,,,,,,,,,,,,,
7,TCMG,Processing Plant,COM,Comminution / Process,Grinding,BM01 Primary Ball Mill,TCMG-PP-COMM-GRIND-BM01,BM01,Primary Ball Mill,TCMG-PP-COMM-GRIND-BM01,,,Bearing,Bearing,,Bearing,,,,,,,,,,,,,,,
7,TCMG,Processing Plant,COM,Comminution / Process,Grinding,BM01 Primary Ball Mill,TCMG-PP-COMM-GRIND-BM01,BM01,Primary Ball Mill,TCMG-PP-COMM-GRIND-BM01,,,Set of liners (Ops to advise),Set of liners (Ops to advise),,Set of liners (Ops to advise),,,,,,,,,,,,,,,
7,TCMG,Processing Plant,COM,Comminution / Process,Grinding,BM01 Primary Ball Mill,TCMG-PP-COMM-GRIND-BM01,BM01,Primary Ball Mill,TCMG-PP-COMM-GRIND-BM01,,,Trunnion mats,Trunnion mats,,Trunnion mats,,,,,,,,,,,,,,,
6,TCMG,Processing Plant,COM,Comminution / Process,Grinding,BM01 Primary Ball Mill,TCMG-PP-COMM-GRIND-BM01,BM01-FBB,Primary Mill Feed Boiler Box,TCMG-PP-COMM-GRIND-BM01,04-PB-105,,,,,,,,,,,,,,,,,,,
6,TCMG,Processing Plant,COM,Comminution / Process,Grinding,BM01 Primary Ball Mill,TCMG-PP-COMM-GRIND-BM01,BM01-GBX01,Primary Ball Mill – Gear Reducer,TCMG-PP-COMM-GRIND-BM01,04-GR-100,,,,,,,,,,,,,,,,,,,
7,TCMG,Processing Plant,COM,Comminution / Process,Grinding,BM01 Primary Ball Mill,TCMG-PP-COMM-GRIND-BM01,BM01-GBX01,Primary Ball Mill – Gear Reducer,TCMG-PP-COMM-GRIND-BM01,,,Primary Ball Mill Gear Reducer,Gear Box Replacement unit,,Gear Box Replacement unit,,,,,,,,,,,,,,,
7,TCMG,Processing Plant,COM,Comminution / Process,Grinding,BM01 Primary Ball Mill,TCMG-PP-COMM-GRIND-BM01,BM01-GBX01,Primary Ball Mill – Gear Reducer,TCMG-PP-COMM-GRIND-BM01,,,Primary Ball Mill Gear Reducer,Coupling motor side (high speed),,Coupling motor side (high speed),,,,,,,,,,,,,,,
7,TCMG,Processing Plant,COM,Comminution / Process,Grinding,BM01 Primary Ball Mill,TCMG-PP-COMM-GRIND-BM01,BM01-GBX01,Primary Ball Mill – Gear Reducer,TCMG-PP-COMM-GRIND-BM01,,,Primary Ball Mill Gear Reducer,Coupling pinion side (lowspeed),,Coupling pinion side (lowspeed),,,,,,,,,,,,,,,
7,TCMG,Processing Plant,COM,Comminution / Process,Grinding,BM01 Primary Ball Mill,TCMG-PP-COMM-GRIND-BM01,BM01-GBX01,Primary Ball Mill – Gear Reducer,TCMG-PP-COMM-GRIND-BM01,,,Gear Box Replacement unit,Gear Box Replacement unit,,JKD 4504150638.01.001 / H1 SH 15 B,,,,,,,,,,,,,,,
7,TCMG,Processing Plant,COM,Comminution / Process,Grinding,BM01 Primary Ball Mill,TCMG-PP-COMM-GRIND-BM01,BM01-GBX01,Primary Ball Mill – Gear Reducer,TCMG-PP-COMM-GRIND-BM01,,,Coupling motor side (high speed),Coupling motor side (high speed),,Rupex RWN 450 Coupling,,,,,,,,,,,,,,,
7,TCMG,Processing Plant,COM,Comminution / Process,Grinding,BM01 Primary Ball Mill,TCMG-PP-COMM-GRIND-BM01,BM01-GBX01,Primary Ball Mill – Gear Reducer,TCMG-PP-COMM-GRIND-BM01,,,Coupling pinion side (lowspeed),Coupling pinion side (lowspeed),,Zapex ZWN 415 Coupling,,,,,,,,,,,,,,,
6,TCMG,Processing Plant,COM,Comminution / Process,Grinding,BM01 Primary Ball Mill,TCMG-PP-COMM-GRIND-BM01,BM01-LDCH,Primary Ball Mill Loading Chute,TCMG-PP-COMM-GRIND-BM01,04-CH-010,,,,,,,,,,,,,,,,,,,
6,TCMG,Processing Plant,COM,Comminution / Process,Grinding,BM01 Primary Ball Mill,TCMG-PP-COMM-GRIND-BM01,BM01-SCV,Primary Mill Scats Conveyor,TCMG-PP-COMM-GRIND-BM01,04-CV-011,,,,,,,,,,,,,,,,,,,
7,TCMG,Processing Plant,COM,Comminution / Process,Grinding,BM01 Primary Ball Mill,TCMG-PP-COMM-GRIND-BM01,BM01-SCV,Primary Mill Scats Conveyor,TCMG-PP-COMM-GRIND-BM01,,,"Rigid Coupling Complete, Drum and Motor Side","Rigid Coupling Complete, Drum and Motor Side",,15-01-0003,,,,,,,,,,,,,,,
7,TCMG,Processing Plant,COM,Comminution / Process,Grinding,BM01 Primary Ball Mill,TCMG-PP-COMM-GRIND-BM01,BM01-SCV,Primary Mill Scats Conveyor,TCMG-PP-COMM-GRIND-BM01,,,Flange Bearing Set,Flange Bearing Set,,13-02-4002,,,,,,,,,,,,,,,
7,TCMG,Processing Plant,COM,Comminution / Process,Grinding,BM01 Primary Ball Mill,TCMG-PP-COMM-GRIND-BM01,BM01-SCV,Primary Mill Scats Conveyor,TCMG-PP-COMM-GRIND-BM01,,,Pillow Block Bearing,Pillow Block Bearing,,13-01-0002,,,,,,,,,,,,,,,
7,TCMG,Processing Plant,COM,Comminution / Process,Grinding,BM01 Primary Ball Mill,TCMG-PP-COMM-GRIND-BM01,BM01-SCV,Primary Mill Scats Conveyor,TCMG-PP-COMM-GRIND-BM01,,,Centre Roller MS Stackers (360x102 (20mm shaft x 25mm),Centre Roller MS Stackers (360x102 (20mm shaft x 25mm),,10-01-0003,,,,,,,,,,,,,,,
7,TCMG,Processing Plant,COM,Comminution / Process,Grinding,BM01 Primary Ball Mill,TCMG-PP-COMM-GRIND-BM01,BM01-SCV,Primary Mill Scats Conveyor,TCMG-PP-COMM-GRIND-BM01,,,Wing Rollers MS/FS Series Stackers,Wing Rollers MS/FS Series Stackers,,10-02-0002,,,,,,,,,,,,,,,
7,TCMG,Processing Plant,COM,Comminution / Process,Grinding,BM01 Primary Ball Mill,TCMG-PP-COMM-GRIND-BM01,BM01-SCV,Primary Mill Scats Conveyor,TCMG-PP-COMM-GRIND-BM01,,,Return Roller MS Series Stackers 880mm Face EXT Shaft,Return Roller MS Series Stackers 880mm Face EXT Shaft,,10-03-0004,,,,,,,,,,,,,,,
7,TCMG,Processing Plant,COM,Comminution / Process,Grinding,BM01 Primary Ball Mill,TCMG-PP-COMM-GRIND-BM01,BM01-SCV,Primary Mill Scats Conveyor,TCMG-PP-COMM-GRIND-BM01,,,U-Bolt,U-Bolt,,21-01-1008,,,,,,,,,,,,,,,
7,TCMG,Processing Plant,COM,Comminution / Process,Grinding,BM01 Primary Ball Mill,TCMG-PP-COMM-GRIND-BM01,BM01-SCV,Primary Mill Scats Conveyor,TCMG-PP-COMM-GRIND-BM01,,,J-Bolt,J-Bolt,,21-01-3006,,,,,,,,,,,,,,,
7,TCMG,Processing Plant,COM,Comminution / Process,Grinding,BM01 Primary Ball Mill,TCMG-PP-COMM-GRIND-BM01,BM01-SCV,Primary Mill Scats Conveyor,TCMG-PP-COMM-GRIND-BM01,,,Rubber Skirt 10mm x 100mm NAT 30Mtr Rolls,Rubber Skirt 10mm x 100mm NAT 30Mtr Rolls,,RUBBER 10X100,,,,,,,,,,,,,,,
5,TCMG,Processing Plant,COM,Comminution / Process,Grinding,CFP01 Cyclone Feed Pumps,TCMG-PP-COMM-GRIND-CFP01,,,,,,,,,,,,,,,,,,,,,,,
6,TCMG,Processing Plant,COM,Comminution / Process,Grinding,CFP01 Cyclone Feed Pumps,TCMG-PP-COMM-GRIND-CFP01,CFP01-HP01,Primary Mill Discharge Hopper,TCMG-PP-COMM-GRIND-CFP01,04-PB-100,,,,,,,,,,,,,,,,,,,
6,TCMG,Processing Plant,COM,Comminution / Process,Grinding,CFP01 Cyclone Feed Pumps,TCMG-PP-COMM-GRIND-CFP01,CFP01-PA01,Primary Cyclone Feed Pump (Duty),TCMG-PP-COMM-GRIND-CFP01,04-PU-102A,,,,,,,,,,,,,,,,,,,
7,TCMG,Processing Plant,COM,Comminution / Process,Grinding,CFP01 Cyclone Feed Pumps,TCMG-PP-COMM-GRIND-CFP01,CFP01-PA01,Primary Cyclone Feed Pump (Duty),TCMG-PP-COMM-GRIND-CFP01,,,Primary Mill Cyclone Feed Pump - Duty,Full Motor Assembly,,KTE50 W22M,,,,,,,,,,,,,,,
7,TCMG,Processing Plant,COM,Comminution / Process,Grinding,CFP01 Cyclone Feed Pumps,TCMG-PP-COMM-GRIND-CFP01,CFP01-PA01,Primary Cyclone Feed Pump (Duty),TCMG-PP-COMM-GRIND-CFP01,,,Primary Mill Cyclone Feed Pump - Duty,Bearing,,EAM005M / 1811005,,,,,,,,,,,,,,,
7,TCMG,Processing Plant,COM,Comminution / Process,Grinding,CFP01 Cyclone Feed Pumps,TCMG-PP-COMM-GRIND-CFP01,CFP01-PA01,Primary Cyclone Feed Pump (Duty),TCMG-PP-COMM-GRIND-CFP01,,,Primary Mill Cyclone Feed Pump - Duty,Belts,,SPC 2360,,,,,,,,,,,,,,,
7,TCMG,Processing Plant,COM,Comminution / Process,Grinding,CFP01 Cyclone Feed Pumps,TCMG-PP-COMM-GRIND-CFP01,CFP01-PA01,Primary Cyclone Feed Pump (Duty),TCMG-PP-COMM-GRIND-CFP01,,,Primary Mill Cyclone Feed Pump - Duty,Impeller,,F6147A05,,,,,,,,,,,,,,,
7,TCMG,Processing Plant,COM,Comminution / Process,Grinding,CFP01 Cyclone Feed Pumps,TCMG-PP-COMM-GRIND-CFP01,CFP01-PA01,Primary Cyclone Feed Pump (Duty),TCMG-PP-COMM-GRIND-CFP01,,,Primary Mill Cyclone Feed Pump - Duty,Volute Liner,,F6110A05,,,,,,,,,,,,,,,
7,TCMG,Processing Plant,COM,Comminution / Process,Grinding,CFP01 Cyclone Feed Pumps,TCMG-PP-COMM-GRIND-CFP01,CFP01-PA01,Primary Cyclone Feed Pump (Duty),TCMG-PP-COMM-GRIND-CFP01,,,Primary Mill Cyclone Feed Pump - Duty,Frame Plate Liner Insert,,F6041MA05,,,,,,,,,,,,,,,
7,TCMG,Processing Plant,COM,Comminution / Process,Grinding,CFP01 Cyclone Feed Pumps,TCMG-PP-COMM-GRIND-CFP01,CFP01-PA01,Primary Cyclone Feed Pump (Duty),TCMG-PP-COMM-GRIND-CFP01,,,Primary Mill Cyclone Feed Pump - Duty,Throat Bush,,F6083A05,,,,,,,,,,,,,,,
7,TCMG,Processing Plant,COM,Comminution / Process,Grinding,CFP01 Cyclone Feed Pumps,TCMG-PP-COMM-GRIND-CFP01,CFP01-PA01,Primary Cyclone Feed Pump (Duty),TCMG-PP-COMM-GRIND-CFP01,,,Primary Mill Cyclone Feed Pump - Duty,Volute Liner Seal,,F8124S01,,,,,,,,,,,,,,,
7,TCMG,Processing Plant,COM,Comminution / Process,Grinding,CFP01 Cyclone Feed Pumps,TCMG-PP-COMM-GRIND-CFP01,CFP01-PA01,Primary Cyclone Feed Pump (Duty),TCMG-PP-COMM-GRIND-CFP01,,,Primary Mill Cyclone Feed Pump - Duty,Shaft Sleave,,EAM076C21,,,,,,,,,,,,,,,
7,TCMG,Processing Plant,COM,Comminution / Process,Grinding,CFP01 Cyclone Feed Pumps,TCMG-PP-COMM-GRIND-CFP01,CFP01-PA01,Primary Cyclone Feed Pump (Duty),TCMG-PP-COMM-GRIND-CFP01,,,Primary Mill Cyclone Feed Pump - Duty,TOROIDAL O-RING,,53T184N366,,,,,,,,,,,,,,,
7,TCMG,Processing Plant,COM,Comminution / Process,Grinding,CFP01 Cyclone Feed Pumps,TCMG-PP-COMM-GRIND-CFP01,CFP01-PA01,Primary Cyclone Feed Pump (Duty),TCMG-PP-COMM-GRIND-CFP01,,,Primary Mill Cyclone Feed Pump - Duty,IMPELLER O-RING,,F064S10,,,,,,,,,,,,,,,
7,TCMG,Processing Plant,COM,Comminution / Process,Grinding,CFP01 Cyclone Feed Pumps,TCMG-PP-COMM-GRIND-CFP01,CFP01-PA01,Primary Cyclone Feed Pump (Duty),TCMG-PP-COMM-GRIND-CFP01,,,Primary Mill Cyclone Feed Pump - Duty,O-ring,,E109S10,,,,,,,,,,,,,,,
7,TCMG,Processing Plant,COM,Comminution / Process,Grinding,CFP01 Cyclone Feed Pumps,TCMG-PP-COMM-GRIND-CFP01,CFP01-PA01,Primary Cyclone Feed Pump (Duty),TCMG-PP-COMM-GRIND-CFP01,,,Primary Mill Cyclone Feed Pump - Duty,Joint Ring intake,,F6060S01,,,,,,,,,,,,,,,
7,TCMG,Processing Plant,COM,Comminution / Process,Grinding,CFP01 Cyclone Feed Pumps,TCMG-PP-COMM-GRIND-CFP01,CFP01-PA01,Primary Cyclone Feed Pump (Duty),TCMG-PP-COMM-GRIND-CFP01,,,Primary Mill Cyclone Feed Pump - Duty,Joint Ring Discharge,,F6132LS01,,,,,,,,,,,,,,,
7,TCMG,Processing Plant,COM,Comminution / Process,Grinding,CFP01 Cyclone Feed Pumps,TCMG-PP-COMM-GRIND-CFP01,CFP01-PA01,Primary Cyclone Feed Pump (Duty),TCMG-PP-COMM-GRIND-CFP01,,,Primary Mill Cyclone Feed Pump - Duty,"SEAL, EXPELLER RING OR STUFFING BOX",,F122S44,,,,,,,,,,,,,,,
7,TCMG,Processing Plant,COM,Comminution / Process,Grinding,CFP01 Cyclone Feed Pumps,TCMG-PP-COMM-GRIND-CFP01,CFP01-PA01,Primary Cyclone Feed Pump (Duty),TCMG-PP-COMM-GRIND-CFP01,,,Primary Mill Cyclone Feed Pump - Duty,Lantern Restrictor,,E118C73,,,,,,,,,,,,,,,
7,TCMG,Processing Plant,COM,Comminution / Process,Grinding,CFP01 Cyclone Feed Pumps,TCMG-PP-COMM-GRIND-CFP01,CFP01-PA01,Primary Cyclone Feed Pump (Duty),TCMG-PP-COMM-GRIND-CFP01,,,Primary Mill Cyclone Feed Pump - Duty,Packing,,E111Q20-set,,,,,,,,,,,,,,,
7,TCMG,Processing Plant,COM,Comminution / Process,Grinding,CFP01 Cyclone Feed Pumps,TCMG-PP-COMM-GRIND-CFP01,CFP01-PA01,Primary Cyclone Feed Pump (Duty),TCMG-PP-COMM-GRIND-CFP01,,,Primary Mill Cyclone Feed Pump - Standby,Motor pulley (Robbie to advise),,Motor pulley (Robbie to advise),,,,,,,,,,,,,,,
7,TCMG,Processing Plant,COM,Comminution / Process,Grinding,CFP01 Cyclone Feed Pumps,TCMG-PP-COMM-GRIND-CFP01,CFP01-PA01,Primary Cyclone Feed Pump (Duty),TCMG-PP-COMM-GRIND-CFP01,,,Primary Mill Cyclone Feed Pump - Standby,Pump pulley (Robbie to advise),,Pump pulley (Robbie to advise),,,,,,,,,,,,,,,
6,TCMG,Processing Plant,COM,Comminution / Process,Grinding,CFP01 Cyclone Feed Pumps,TCMG-PP-COMM-GRIND-CFP01,CFP01-PB01,Primary Cyclone Feed Pump (Standby),TCMG-PP-COMM-GRIND-CFP01,04-PU-102B,,,,,,,,,,,,,,,,,,,
7,TCMG,Processing Plant,COM,Comminution / Process,Grinding,CFP01 Cyclone Feed Pumps,TCMG-PP-COMM-GRIND-CFP01,CFP01-PB01,Primary Cyclone Feed Pump (Standby),TCMG-PP-COMM-GRIND-CFP01,,,Primary Mill Cyclone Feed Pump - Standby,Full Motor Assembly,,KTE50 W22M,,,,,,,,,,,,,,,
7,TCMG,Processing Plant,COM,Comminution / Process,Grinding,CFP01 Cyclone Feed Pumps,TCMG-PP-COMM-GRIND-CFP01,CFP01-PB01,Primary Cyclone Feed Pump (Standby),TCMG-PP-COMM-GRIND-CFP01,,,Primary Mill Cyclone Feed Pump - Standby,Bearing,,EAM005M / 1811005,,,,,,,,,,,,,,,
7,TCMG,Processing Plant,COM,Comminution / Process,Grinding,CFP01 Cyclone Feed Pumps,TCMG-PP-COMM-GRIND-CFP01,CFP01-PB01,Primary Cyclone Feed Pump (Standby),TCMG-PP-COMM-GRIND-CFP01,,,Primary Mill Cyclone Feed Pump - Standby,Belts,,SPC 2360,,,,,,,,,,,,,,,
7,TCMG,Processing Plant,COM,Comminution / Process,Grinding,CFP01 Cyclone Feed Pumps,TCMG-PP-COMM-GRIND-CFP01,CFP01-PB01,Primary Cyclone Feed Pump (Standby),TCMG-PP-COMM-GRIND-CFP01,,,Primary Mill Cyclone Feed Pump - Standby,Impeller,,F6147A05,,,,,,,,,,,,,,,
7,TCMG,Processing Plant,COM,Comminution / Process,Grinding,CFP01 Cyclone Feed Pumps,TCMG-PP-COMM-GRIND-CFP01,CFP01-PB01,Primary Cyclone Feed Pump (Standby),TCMG-PP-COMM-GRIND-CFP01,,,Primary Mill Cyclone Feed Pump - Standby,Volute Liner,,F6110A05,,,,,,,,,,,,,,,
7,TCMG,Processing Plant,COM,Comminution / Process,Grinding,CFP01 Cyclone Feed Pumps,TCMG-PP-COMM-GRIND-CFP01,CFP01-PB01,Primary Cyclone Feed Pump (Standby),TCMG-PP-COMM-GRIND-CFP01,,,Primary Mill Cyclone Feed Pump - Standby,Frame Plate Liner Insert,,F6041MA05,,,,,,,,,,,,,,,
7,TCMG,Processing Plant,COM,Comminution / Process,Grinding,CFP01 Cyclone Feed Pumps,TCMG-PP-COMM-GRIND-CFP01,CFP01-PB01,Primary Cyclone Feed Pump (Standby),TCMG-PP-COMM-GRIND-CFP01,,,Primary Mill Cyclone Feed Pump - Standby,Throat Bush,,F6083A05,,,,,,,,,,,,,,,
7,TCMG,Processing Plant,COM,Comminution / Process,Grinding,CFP01 Cyclone Feed Pumps,TCMG-PP-COMM-GRIND-CFP01,CFP01-PB01,Primary Cyclone Feed Pump (Standby),TCMG-PP-COMM-GRIND-CFP01,,,Primary Mill Cyclone Feed Pump - Standby,Volute Liner Seal,,F8124S01,,,,,,,,,,,,,,,
7,TCMG,Processing Plant,COM,Comminution / Process,Grinding,CFP01 Cyclone Feed Pumps,TCMG-PP-COMM-GRIND-CFP01,CFP01-PB01,Primary Cyclone Feed Pump (Standby),TCMG-PP-COMM-GRIND-CFP01,,,Primary Mill Cyclone Feed Pump - Standby,Shaft Sleave,,EAM076C21,,,,,,,,,,,,,,,
7,TCMG,Processing Plant,COM,Comminution / Process,Grinding,CFP01 Cyclone Feed Pumps,TCMG-PP-COMM-GRIND-CFP01,CFP01-PB01,Primary Cyclone Feed Pump (Standby),TCMG-PP-COMM-GRIND-CFP01,,,Primary Mill Cyclone Feed Pump - Standby,TOROIDAL O-RING,,53T184N366,,,,,,,,,,,,,,,
7,TCMG,Processing Plant,COM,Comminution / Process,Grinding,CFP01 Cyclone Feed Pumps,TCMG-PP-COMM-GRIND-CFP01,CFP01-PB01,Primary Cyclone Feed Pump (Standby),TCMG-PP-COMM-GRIND-CFP01,,,Primary Mill Cyclone Feed Pump - Standby,IMPELLER O-RING,,F064S10,,,,,,,,,,,,,,,
7,TCMG,Processing Plant,COM,Comminution / Process,Grinding,CFP01 Cyclone Feed Pumps,TCMG-PP-COMM-GRIND-CFP01,CFP01-PB01,Primary Cyclone Feed Pump (Standby),TCMG-PP-COMM-GRIND-CFP01,,,Primary Mill Cyclone Feed Pump - Standby,O-ring,,E109S10,,,,,,,,,,,,,,,
7,TCMG,Processing Plant,COM,Comminution / Process,Grinding,CFP01 Cyclone Feed Pumps,TCMG-PP-COMM-GRIND-CFP01,CFP01-PB01,Primary Cyclone Feed Pump (Standby),TCMG-PP-COMM-GRIND-CFP01,,,Primary Mill Cyclone Feed Pump - Standby,Joint Ring intake,,F6060S01,,,,,,,,,,,,,,,
7,TCMG,Processing Plant,COM,Comminution / Process,Grinding,CFP01 Cyclone Feed Pumps,TCMG-PP-COMM-GRIND-CFP01,CFP01-PB01,Primary Cyclone Feed Pump (Standby),TCMG-PP-COMM-GRIND-CFP01,,,Primary Mill Cyclone Feed Pump - Standby,Joint Ring Discharge,,F6132LS01,,,,,,,,,,,,,,,
7,TCMG,Processing Plant,COM,Comminution / Process,Grinding,CFP01 Cyclone Feed Pumps,TCMG-PP-COMM-GRIND-CFP01,CFP01-PB01,Primary Cyclone Feed Pump (Standby),TCMG-PP-COMM-GRIND-CFP01,,,Primary Mill Cyclone Feed Pump - Standby,"SEAL, EXPELLER RING OR STUFFING BOX",,F122S44,,,,,,,,,,,,,,,
7,TCMG,Processing Plant,COM,Comminution / Process,Grinding,CFP01 Cyclone Feed Pumps,TCMG-PP-COMM-GRIND-CFP01,CFP01-PB01,Primary Cyclone Feed Pump (Standby),TCMG-PP-COMM-GRIND-CFP01,,,Primary Mill Cyclone Feed Pump - Standby,Lantern Restrictor,,E118C73,,,,,,,,,,,,,,,
7,TCMG,Processing Plant,COM,Comminution / Process,Grinding,CFP01 Cyclone Feed Pumps,TCMG-PP-COMM-GRIND-CFP01,CFP01-PB01,Primary Cyclone Feed Pump (Standby),TCMG-PP-COMM-GRIND-CFP01,,,Primary Mill Cyclone Feed Pump - Standby,Packing,,E111Q20-set,,,,,,,,,,,,,,,
6,TCMG,Processing Plant,COM,Comminution / Process,Grinding,CFP01 Cyclone Feed Pumps,TCMG-PP-COMM-GRIND-CFP01,CFP01-TTV01,Primary Cyclone Feed TechTaylor Valve,TCMG-PP-COMM-GRIND-CFP01,04-XV-,,,,,,,,,,,,,,,,,,,
5,TCMG,Processing Plant,COM,Comminution / Process,Grinding,MLUB01 Mill Lubrication System,TCMG-PP-COMM-GRIND-MLUB01,,,,,,,,,,,,,,,,,,,,,,,
6,TCMG,Processing Plant,COM,Comminution / Process,Grinding,MLUB01 Mill Lubrication System,TCMG-PP-COMM-GRIND-MLUB01,MLUB01,Primary Ball Mill Lube System,TCMG-PP-COMM-GRIND-MLUB01,04-LS-100,,,,,,,,,,,,,,,,,,,
7,TCMG,Processing Plant,COM,Comminution / Process,Grinding,MLUB01 Mill Lubrication System,TCMG-PP-COMM-GRIND-MLUB01,MLUB01,Primary Ball Mill Lube System,TCMG-PP-COMM-GRIND-MLUB01,,,Heater 2 kW,Heater 2 kW,,HRW2020,,,,,,,,,,,,,,,
7,TCMG,Processing Plant,COM,Comminution / Process,Grinding,MLUB01 Mill Lubrication System,TCMG-PP-COMM-GRIND-MLUB01,MLUB01,Primary Ball Mill Lube System,TCMG-PP-COMM-GRIND-MLUB01,,,Water Strainer,Water Strainer,,CY26SS-16,,,,,,,,,,,,,,,
7,TCMG,Processing Plant,COM,Comminution / Process,Grinding,MLUB01 Mill Lubrication System,TCMG-PP-COMM-GRIND-MLUB01,MLUB01,Primary Ball Mill Lube System,TCMG-PP-COMM-GRIND-MLUB01,,,Reservoir Breather (Desiccant),Reservoir Breather (Desiccant),,934330TX1,,,,,,,,,,,,,,,
7,TCMG,Processing Plant,COM,Comminution / Process,Grinding,MLUB01 Mill Lubrication System,TCMG-PP-COMM-GRIND-MLUB01,MLUB01,Primary Ball Mill Lube System,TCMG-PP-COMM-GRIND-MLUB01,,,Reservoir Refill Element,Reservoir Refill Element,,FTBE2A10Q,,,,,,,,,,,,,,,
7,TCMG,Processing Plant,COM,Comminution / Process,Grinding,MLUB01 Mill Lubrication System,TCMG-PP-COMM-GRIND-MLUB01,MLUB01,Primary Ball Mill Lube System,TCMG-PP-COMM-GRIND-MLUB01,,,Oil Level / Temperature Controller,Oil Level / Temperature Controller,,SCLTSD-520-10-05,,,,,,,,,,,,,,,
7,TCMG,Processing Plant,COM,Comminution / Process,Grinding,MLUB01 Mill Lubrication System,TCMG-PP-COMM-GRIND-MLUB01,MLUB01,Primary Ball Mill Lube System,TCMG-PP-COMM-GRIND-MLUB01,,,Pressure Sensor & Switch,Pressure Sensor & Switch,,SCPSD-400-14-25,,,,,,,,,,,,,,,
7,TCMG,Processing Plant,COM,Comminution / Process,Grinding,MLUB01 Mill Lubrication System,TCMG-PP-COMM-GRIND-MLUB01,MLUB01,Primary Ball Mill Lube System,TCMG-PP-COMM-GRIND-MLUB01,,,Cable (Level - Temp - Pressure),Cable (Level - Temp - Pressure),,SCK-400-10-55,,,,,,,,,,,,,,,
7,TCMG,Processing Plant,COM,Comminution / Process,Grinding,MLUB01 Mill Lubrication System,TCMG-PP-COMM-GRIND-MLUB01,MLUB01,Primary Ball Mill Lube System,TCMG-PP-COMM-GRIND-MLUB01,,,Coil (Water Solenoid),Coil (Water Solenoid),,482725C2,,,,,,,,,,,,,,,
7,TCMG,Processing Plant,COM,Comminution / Process,Grinding,MLUB01 Mill Lubrication System,TCMG-PP-COMM-GRIND-MLUB01,MLUB01,Primary Ball Mill Lube System,TCMG-PP-COMM-GRIND-MLUB01,,,Coupling Spider (Low Pressure Pump),Coupling Spider (Low Pressure Pump),,R62,,,,,,,,,,,,,,,
7,TCMG,Processing Plant,COM,Comminution / Process,Grinding,MLUB01 Mill Lubrication System,TCMG-PP-COMM-GRIND-MLUB01,MLUB01,Primary Ball Mill Lube System,TCMG-PP-COMM-GRIND-MLUB01,,,Pump Coupling (Low Pressure Pump),Pump Coupling (Low Pressure Pump),,ND65HD99,,,,,,,,,,,,,,,
7,TCMG,Processing Plant,COM,Comminution / Process,Grinding,MLUB01 Mill Lubrication System,TCMG-PP-COMM-GRIND-MLUB01,MLUB01,Primary Ball Mill Lube System,TCMG-PP-COMM-GRIND-MLUB01,,,Motor Coupling (Low Pressure Pump),Motor Coupling (Low Pressure Pump),,ND65C,,,,,,,,,,,,,,,
7,TCMG,Processing Plant,COM,Comminution / Process,Grinding,MLUB01 Mill Lubrication System,TCMG-PP-COMM-GRIND-MLUB01,MLUB01,Primary Ball Mill Lube System,TCMG-PP-COMM-GRIND-MLUB01,,,Relief Valve (Low Pressure),Relief Valve (Low Pressure),,RAH201S10,,,,,,,,,,,,,,,
7,TCMG,Processing Plant,COM,Comminution / Process,Grinding,MLUB01 Mill Lubrication System,TCMG-PP-COMM-GRIND-MLUB01,MLUB01,Primary Ball Mill Lube System,TCMG-PP-COMM-GRIND-MLUB01,,,Filter Element (Medium Pressure Filter),Filter Element (Medium Pressure Filter),,932667Q,,,,,,,,,,,,,,,
7,TCMG,Processing Plant,COM,Comminution / Process,Grinding,MLUB01 Mill Lubrication System,TCMG-PP-COMM-GRIND-MLUB01,MLUB01,Primary Ball Mill Lube System,TCMG-PP-COMM-GRIND-MLUB01,,,Electrical Indicator (Medium Pressure Filter),Electrical Indicator (Medium Pressure Filter),,929599,,,,,,,,,,,,,,,
7,TCMG,Processing Plant,COM,Comminution / Process,Grinding,MLUB01 Mill Lubrication System,TCMG-PP-COMM-GRIND-MLUB01,MLUB01,Primary Ball Mill Lube System,TCMG-PP-COMM-GRIND-MLUB01,,,Drive Ring (High Pressure Pump),Drive Ring (High Pressure Pump),,R103,,,,,,,,,,,,,,,
7,TCMG,Processing Plant,COM,Comminution / Process,Grinding,MLUB01 Mill Lubrication System,TCMG-PP-COMM-GRIND-MLUB01,MLUB01,Primary Ball Mill Lube System,TCMG-PP-COMM-GRIND-MLUB01,,,Pump Coupling (High Pressure Pump),Pump Coupling (High Pressure Pump),,ND108HD24,,,,,,,,,,,,,,,
7,TCMG,Processing Plant,COM,Comminution / Process,Grinding,MLUB01 Mill Lubrication System,TCMG-PP-COMM-GRIND-MLUB01,MLUB01,Primary Ball Mill Lube System,TCMG-PP-COMM-GRIND-MLUB01,,,Motor Coupling (High Pressure Pump),Motor Coupling (High Pressure Pump),,ND108B,,,,,,,,,,,,,,,
7,TCMG,Processing Plant,COM,Comminution / Process,Grinding,MLUB01 Mill Lubrication System,TCMG-PP-COMM-GRIND-MLUB01,MLUB01,Primary Ball Mill Lube System,TCMG-PP-COMM-GRIND-MLUB01,,,Relief Valve (High Pressure),Relief Valve (High Pressure),,RAH101S50V,,,,,,,,,,,,,,,
7,TCMG,Processing Plant,COM,Comminution / Process,Grinding,MLUB01 Mill Lubrication System,TCMG-PP-COMM-GRIND-MLUB01,MLUB01,Primary Ball Mill Lube System,TCMG-PP-COMM-GRIND-MLUB01,,,Flow Meter,Flow Meter,,SCVF-060-10-07,,,,,,,,,,,,,,,
7,TCMG,Processing Plant,COM,Comminution / Process,Grinding,MLUB01 Mill Lubrication System,TCMG-PP-COMM-GRIND-MLUB01,MLUB01,Primary Ball Mill Lube System,TCMG-PP-COMM-GRIND-MLUB01,,,Cable (Flow Meter),Cable (Flow Meter),,SCK-400-10-45,,,,,,,,,,,,,,,
7,TCMG,Processing Plant,COM,Comminution / Process,Grinding,MLUB01 Mill Lubrication System,TCMG-PP-COMM-GRIND-MLUB01,MLUB01,Primary Ball Mill Lube System,TCMG-PP-COMM-GRIND-MLUB01,,,Check Valve,Check Valve,,9C1200S,,,,,,,,,,,,,,,
7,TCMG,Processing Plant,COM,Comminution / Process,Grinding,MLUB01 Mill Lubrication System,TCMG-PP-COMM-GRIND-MLUB01,MLUB01,Primary Ball Mill Lube System,TCMG-PP-COMM-GRIND-MLUB01,,,Coupling (Flow Divider),Coupling (Flow Divider),,A4-31169,,,,,,,,,,,,,,,
7,TCMG,Processing Plant,COM,Comminution / Process,Grinding,MLUB01 Mill Lubrication System,TCMG-PP-COMM-GRIND-MLUB01,MLUB01,Primary Ball Mill Lube System,TCMG-PP-COMM-GRIND-MLUB01,,,Filter Element (Low Pressure Filter),Filter Element (Low Pressure Filter),,937399Q,,,,,,,,,,,,,,,
7,TCMG,Processing Plant,COM,Comminution / Process,Grinding,MLUB01 Mill Lubrication System,TCMG-PP-COMM-GRIND-MLUB01,MLUB01,Primary Ball Mill Lube System,TCMG-PP-COMM-GRIND-MLUB01,,,Electrical Indicator (Low Pressure Filter),Electrical Indicator (Low Pressure Filter),,926643,,,,,,,,,,,,,,,
7,TCMG,Processing Plant,COM,Comminution / Process,Grinding,MLUB01 Mill Lubrication System,TCMG-PP-COMM-GRIND-MLUB01,MLUB01,Primary Ball Mill Lube System,TCMG-PP-COMM-GRIND-MLUB01,,,Pressure Gauge (400 Bar),Pressure Gauge (400 Bar),,UCPGF1001400,,,,,,,,,,,,,,,
7,TCMG,Processing Plant,COM,Comminution / Process,Grinding,MLUB01 Mill Lubrication System,TCMG-PP-COMM-GRIND-MLUB01,MLUB01,Primary Ball Mill Lube System,TCMG-PP-COMM-GRIND-MLUB01,,,Pressure Gauge (16 Bar),Pressure Gauge (16 Bar),,UCPGF1001016,,,,,,,,,,,,,,,
6,TCMG,Processing Plant,COM,Comminution / Process,Grinding,MLUB01 Mill Lubrication System,TCMG-PP-COMM-GRIND-MLUB01,MLUB02,Primary Ball Mill Girth Gear Lube System,TCMG-PP-COMM-GRIND-MLUB01,04-LS-101,,,,,,,,,,,,,,,,,,,
7,TCMG,Processing Plant,COM,Comminution / Process,Grinding,MLUB01 Mill Lubrication System,TCMG-PP-COMM-GRIND-MLUB01,MLUB02,Primary Ball Mill Girth Gear Lube System,TCMG-PP-COMM-GRIND-MLUB01,,,Grease Pump,Grease Pump,,239888,,,,,,,,,,,,,,,
6,TCMG,Processing Plant,COM,Comminution / Process,Grinding,MLUB01 Mill Lubrication System,TCMG-PP-COMM-GRIND-MLUB01,MLUB02-PU,Primary Ball Mill Girth Gear Lube Pump,TCMG-PP-COMM-GRIND-MLUB01,04-LS-101P,,,,,,,,,,,,,,,,,,,
6,TCMG,Processing Plant,COM,Comminution / Process,Grinding,MLUB01 Mill Lubrication System,TCMG-PP-COMM-GRIND-MLUB01,MLUB01-CLR,Primary Ball Mill Lube Air Blast Oil Cooler,TCMG-PP-COMM-GRIND-MLUB01,04-FA-006,,,,,,,,,,,,,,,,,,,
7,TCMG,Processing Plant,COM,Comminution / Process,Grinding,MLUB01 Mill Lubrication System,TCMG-PP-COMM-GRIND-MLUB01,MLUB01-CLR,Primary Ball Mill Lube Air Blast Oil Cooler,TCMG-PP-COMM-GRIND-MLUB01,,,AC-LN7S/1.0/F/A/BP3 (Assess if fan is big enough in summer),AC-LN7S/1.0/F/A/BP3 (Assess if fan is big enough in summer),,4028981,,,,,,,,,,,,,,,
7,TCMG,Processing Plant,COM,Comminution / Process,Grinding,MLUB01 Mill Lubrication System,TCMG-PP-COMM-GRIND-MLUB01,MLUB01-CLR,Primary Ball Mill Lube Air Blast Oil Cooler,TCMG-PP-COMM-GRIND-MLUB01,,,E-Motor IMB14 100M 3.0kW 4P 3Ph,E-Motor IMB14 100M 3.0kW 4P 3Ph,,2355748,,,,,,,,,,,,,,,
7,TCMG,Processing Plant,COM,Comminution / Process,Grinding,MLUB01 Mill Lubrication System,TCMG-PP-COMM-GRIND-MLUB01,MLUB01-CLR,Primary Ball Mill Lube Air Blast Oil Cooler,TCMG-PP-COMM-GRIND-MLUB01,,,650/7-7/30/PAGI/2ZR/28/8/82/B/G6.3@1400,650/7-7/30/PAGI/2ZR/28/8/82/B/G6.3@1400,,3206360,,,,,,,,,,,,,,,
7,TCMG,Processing Plant,COM,Comminution / Process,Grinding,MLUB01 Mill Lubrication System,TCMG-PP-COMM-GRIND-MLUB01,MLUB01-CLR,Primary Ball Mill Lube Air Blast Oil Cooler,TCMG-PP-COMM-GRIND-MLUB01,,,KIT Cooler Core Assembly,KIT Cooler Core Assembly,,2355914,,,,,,,,,,,,,,,
6,TCMG,Processing Plant,COM,Comminution / Process,Grinding,MLUB01 Mill Lubrication System,TCMG-PP-COMM-GRIND-MLUB01,MLUB01-HPP,Primary Ball Mill High Pressure Lube Pump,TCMG-PP-COMM-GRIND-MLUB01,04-PU-101,,,,,,,,,,,,,,,,,,,
7,TCMG,Processing Plant,COM,Comminution / Process,Grinding,MLUB01 Mill Lubrication System,TCMG-PP-COMM-GRIND-MLUB01,MLUB01-HPP,Primary Ball Mill High Pressure Lube Pump,TCMG-PP-COMM-GRIND-MLUB01,,,Motor,Motor,,L30 STDE2,,,,,,,,,,,,,,,
7,TCMG,Processing Plant,COM,Comminution / Process,Grinding,MLUB01 Mill Lubrication System,TCMG-PP-COMM-GRIND-MLUB01,MLUB01-HPP,Primary Ball Mill High Pressure Lube Pump,TCMG-PP-COMM-GRIND-MLUB01,,,Pump (High Pressure),Pump (High Pressure),,3706030,,,,,,,,,,,,,,,
6,TCMG,Processing Plant,COM,Comminution / Process,Grinding,MLUB01 Mill Lubrication System,TCMG-PP-COMM-GRIND-MLUB01,MLUB01-RP,Primary Ball Mill Lube Recirculating Pump,TCMG-PP-COMM-GRIND-MLUB01,04-PU-016,,,,,,,,,,,,,,,,,,,
7,TCMG,Processing Plant,COM,Comminution / Process,Grinding,MLUB01 Mill Lubrication System,TCMG-PP-COMM-GRIND-MLUB01,MLUB01-RP,Primary Ball Mill Lube Recirculating Pump,TCMG-PP-COMM-GRIND-MLUB01,,,Full Pump Unit,Full Pump Unit,,3339111496,,,,,,,,,,,,,,,
6,TCMG,Processing Plant,COM,Comminution / Process,Grinding,MLUB01 Mill Lubrication System,TCMG-PP-COMM-GRIND-MLUB01,MLUB01-LPPA,Primary Ball Mill Low Pressure Lube Pump (Duty),TCMG-PP-COMM-GRIND-MLUB01,04-PU-100A,,,,,,,,,,,,,,,,,,,
7,TCMG,Processing Plant,COM,Comminution / Process,Grinding,MLUB01 Mill Lubrication System,TCMG-PP-COMM-GRIND-MLUB01,MLUB01-LPPA,Primary Ball Mill Low Pressure Lube Pump (Duty),TCMG-PP-COMM-GRIND-MLUB01,,,Full Motor Assembly,Full Motor Assembly,,L194 W22,,,,,,,,,,,,,,,
7,TCMG,Processing Plant,COM,Comminution / Process,Grinding,MLUB01 Mill Lubrication System,TCMG-PP-COMM-GRIND-MLUB01,MLUB01-LPPA,Primary Ball Mill Low Pressure Lube Pump (Duty),TCMG-PP-COMM-GRIND-MLUB01,,,Pump,Pump,,3339111192,,,,,,,,,,,,,,,
7,TCMG,Processing Plant,COM,Comminution / Process,Grinding,MLUB01 Mill Lubrication System,TCMG-PP-COMM-GRIND-MLUB01,MLUB01-LPPA,Primary Ball Mill Low Pressure Lube Pump (Duty),TCMG-PP-COMM-GRIND-MLUB01,,,Seals Kit,Seals Kit,,3911822071,,,,,,,,,,,,,,,
6,TCMG,Processing Plant,COM,Comminution / Process,Grinding,MLUB01 Mill Lubrication System,TCMG-PP-COMM-GRIND-MLUB01,MLUB01-LPPB,Primary Ball Mill Low Pressure Lube Pump (Standby),TCMG-PP-COMM-GRIND-MLUB01,04-PU-100B,,,,,,,,,,,,,,,,,,,
7,TCMG,Processing Plant,COM,Comminution / Process,Grinding,MLUB01 Mill Lubrication System,TCMG-PP-COMM-GRIND-MLUB01,MLUB01-LPPB,Primary Ball Mill Low Pressure Lube Pump (Standby),TCMG-PP-COMM-GRIND-MLUB01,,,Motor,Motor,,L194 W22,,,,,,,,,,,,,,,
7,TCMG,Processing Plant,COM,Comminution / Process,Grinding,MLUB01 Mill Lubrication System,TCMG-PP-COMM-GRIND-MLUB01,MLUB01-LPPB,Primary Ball Mill Low Pressure Lube Pump (Standby),TCMG-PP-COMM-GRIND-MLUB01,,,Pump (Low Pressure),Pump (Low Pressure),,3339111192,,,,,,,,,,,,,,,
7,TCMG,Processing Plant,COM,Comminution / Process,Grinding,MLUB01 Mill Lubrication System,TCMG-PP-COMM-GRIND-MLUB01,MLUB01-LPPB,Primary Ball Mill Low Pressure Lube Pump (Standby),TCMG-PP-COMM-GRIND-MLUB01,,,Seals Kit,Seals Kit,,3911822071,,,,,,,,,,,,,,,
6,TCMG,Processing Plant,COM,Comminution / Process,Grinding,MLUB01 Mill Lubrication System,TCMG-PP-COMM-GRIND-MLUB01,MLUB01-FLA,Primary Ball Mill Lube System Filter A,,04-FL-100A,,,,,,,,,,,,,,,,,,,
6,TCMG,Processing Plant,COM,Comminution / Process,Grinding,MLUB01 Mill Lubrication System,TCMG-PP-COMM-GRIND-MLUB01,MLUB01-FLB,Primary Ball Mill Lube System Filter,TCMG-PP-COMM-GRIND-MLUB01,04-FL-100B,,,,,,,,,,,,,,,,,,,
6,TCMG,Processing Plant,COM,Comminution / Process,Grinding,MLUB01 Mill Lubrication System,TCMG-PP-COMM-GRIND-MLUB01,MLUB02-CP01,Girth Gear Lube System Control Panel,TCMG-PP-COMM-GRIND-MLUB01,,,,,,,,,,,,,,,,,,,,
5,TCMG,Processing Plant,COM,Comminution / Process,Grinding,MLA01 Milling Ancillary,TCMG-PP-COMM-GRIND-MLANC01,,,,,,,,,,,,,,,,,,,,,,,
6,TCMG,Processing Plant,COM,Comminution / Process,Grinding,MLA01 Milling Ancillary,TCMG-PP-COMM-GRIND-MLANC01,MLA01-SHW01,Lime Area Safety Shower,TCMG-PP-COMM-GRIND-MLANC01,04-SS-01,,,,,,,,,,,,,,,,,,,
7,TCMG,Processing Plant,COM,Comminution / Process,Grinding,MLA01 Milling Ancillary,TCMG-PP-COMM-GRIND-MLANC01,MLA01-SHW01,Lime Area Safety Shower,TCMG-PP-COMM-GRIND-MLANC01,,,Full Unit,Full Unit,,SE607,,,,,,,,,,,,,,,
6,TCMG,Processing Plant,COM,Comminution / Process,Grinding,MLA01 Milling Ancillary,TCMG-PP-COMM-GRIND-MLANC01,MLA01-SHW02,Primary Mill Area Safety Shower,TCMG-PP-COMM-GRIND-MLANC01,04-SS-02,,,,,,,,,,,,,,,,,,,
7,TCMG,Processing Plant,COM,Comminution / Process,Grinding,MLA01 Milling Ancillary,TCMG-PP-COMM-GRIND-MLANC01,MLA01-SHW02,Primary Mill Area Safety Shower,TCMG-PP-COMM-GRIND-MLANC01,,,Full Unit,Full Unit,,SE607,,,,,,,,,,,,,,,
6,TCMG,Processing Plant,COM,Comminution / Process,Grinding,MLA01 Milling Ancillary,TCMG-PP-COMM-GRIND-MLANC01,MLA01-WTM01,Weightometer,TCMG-PP-COMM-GRIND-MLANC01,04-WE-506,,,,,,,,,,,,,,,,,,,
6,TCMG,Processing Plant,COM,Comminution / Process,Grinding,MLA01 Milling Ancillary,TCMG-PP-COMM-GRIND-MLANC01,MLA01-SILO01,Lime Storage Silo,TCMG-PP-COMM-GRIND-MLANC01,04-TK-100,,,,,,,,,,,,,,,,,,,
6,TCMG,Processing Plant,COM,Comminution / Process,Grinding,MLA01 Milling Ancillary,TCMG-PP-COMM-GRIND-MLANC01,MLA01-SILO01-RVL01,Lime Rotary Valve,TCMG-PP-COMM-GRIND-MLANC01,04-FE-102,,,,,,,,,,,,,,,,,,,
7,TCMG,Processing Plant,COM,Comminution / Process,Grinding,MLA01 Milling Ancillary,TCMG-PP-COMM-GRIND-MLANC01,MLA01-SILO01-RVL01,Lime Rotary Valve,TCMG-PP-COMM-GRIND-MLANC01,,,Motor and Gearbox,Motor and Gearbox,,Motor and Gearbox,,,,,,,,,,,,,,,
6,TCMG,Processing Plant,COM,Comminution / Process,Grinding,MLA01 Milling Ancillary,TCMG-PP-COMM-GRIND-MLANC01,MLA01-SILO01-VIB01,Lime Silo Vibrator,TCMG-PP-COMM-GRIND-MLANC01,04-BA-102,,,,,,,,,,,,,,,,,,,
6,TCMG,Processing Plant,COM,Comminution / Process,Grinding,MLA01 Milling Ancillary,TCMG-PP-COMM-GRIND-MLANC01,MLA01-PRV01,Pressure Relief Valve 800 kPa,TCMG-PP-COMM-GRIND-MLANC01,PRV-800kPa,,,,,,,,,,,,,,,,,,,
6,TCMG,Processing Plant,COM,Comminution / Process,Grinding,MLA01 Milling Ancillary,TCMG-PP-COMM-GRIND-MLANC01,MLA01-VLV03,Ball Valve 25mm (multiple locations),TCMG-PP-COMM-GRIND-MLANC01,25V01,,,,,,,,,,,,,,,,,,,
6,TCMG,Processing Plant,COM,Comminution / Process,Grinding,MLA01 Milling Ancillary,TCMG-PP-COMM-GRIND-MLANC01,MLA01-VLV04,Ball Valve 25mm,TCMG-PP-COMM-GRIND-MLANC01,25V88,,,,,,,,,,,,,,,,,,,
6,TCMG,Processing Plant,COM,Comminution / Process,Grinding,MLA01 Milling Ancillary,TCMG-PP-COMM-GRIND-MLANC01,MLA01-VLV01,Ball Valve 15mm (multiple),TCMG-PP-COMM-GRIND-MLANC01,15V01,,,,,,,,,,,,,,,,,,,
6,TCMG,Processing Plant,COM,Comminution / Process,Grinding,MLA01 Milling Ancillary,TCMG-PP-COMM-GRIND-MLANC01,MLA01-VLV02,Ball Valve 15mm,TCMG-PP-COMM-GRIND-MLANC01,15V11,,,,,,,,,,,,,,,,,,,
6,TCMG,Processing Plant,COM,Comminution / Process,Grinding,MLA01 Milling Ancillary,TCMG-PP-COMM-GRIND-MLANC01,MLA01-TTV01,TechTaylor Valve,TCMG-PP-COMM-GRIND-MLANC01,V15,,,,,,,,,,,,,,,,,,,
6,TCMG,Processing Plant,COM,Comminution / Process,Grinding,MLA01 Milling Ancillary,TCMG-PP-COMM-GRIND-MLANC01,MLA01-PIPE05,"Process Water Pipe – HD1, 110mm, PN12.5",TCMG-PP-COMM-GRIND-MLANC01,WPW-HD1-110-PN12.5,,,,,,,,,,,,,,,,,,,
6,TCMG,Processing Plant,COM,Comminution / Process,Grinding,MLA01 Milling Ancillary,TCMG-PP-COMM-GRIND-MLANC01,MLA01-PIPE04,"Process Water Pipe – HD1, 90mm, PN12.5",TCMG-PP-COMM-GRIND-MLANC01,WPW-HD1-90-PN12.5,,,,,,,,,,,,,,,,,,,
6,TCMG,Processing Plant,COM,Comminution / Process,Grinding,MLA01 Milling Ancillary,TCMG-PP-COMM-GRIND-MLANC01,MLA01-PIPE02,"Plant Air Pipe – HD1, 63mm, PN12.5",TCMG-PP-COMM-GRIND-MLANC01,AC-HD1-63-PN12.5,,,,,,,,,,,,,,,,,,,
6,TCMG,Processing Plant,COM,Comminution / Process,Grinding,MLA01 Milling Ancillary,TCMG-PP-COMM-GRIND-MLANC01,MLA01-PIPE01,"Plant Air Pipe – HD1, 15mm, PN12.5",TCMG-PP-COMM-GRIND-MLANC01,AC-HD1-15-PN12.5,,,,,,,,,,,,,,,,,,,
6,TCMG,Processing Plant,COM,Comminution / Process,Grinding,MLA01 Milling Ancillary,TCMG-PP-COMM-GRIND-MLANC01,MLA01-PIPE03,"Slurry Pipe – HD1, 200mm, PN6 (Mill Discharge)",TCMG-PP-COMM-GRIND-MLANC01,SP-HD1-200-PN6,,,,,,,,,,,,,,,,,,,
6,TCMG,Processing Plant,COM,Comminution / Process,Grinding,MLA01 Milling Ancillary,TCMG-PP-COMM-GRIND-MLANC01,MLA01-PMP01,Grinding Area Sump Pump,,04-PU-120,,,,,,,,,,,,,,,,,,,
7,TCMG,Processing Plant,COM,Comminution / Process,Grinding,MLA01 Milling Ancillary,TCMG-PP-COMM-GRIND-MLANC01,MLA01-PMP01,Grinding Area Sump Pump,,,,Belts,Belts,,SPA 1250,,,,,,,,,,,,,,,
7,TCMG,Processing Plant,COM,Comminution / Process,Grinding,MLA01 Milling Ancillary,TCMG-PP-COMM-GRIND-MLANC01,MLA01-PMP01,Grinding Area Sump Pump,,,,Impeller/Flinger,Impeller/Flinger,,QVR184S44,,,,,,,,,,,,,,,
7,TCMG,Processing Plant,COM,Comminution / Process,Grinding,MLA01 Milling Ancillary,TCMG-PP-COMM-GRIND-MLANC01,MLA01-PMP01,Grinding Area Sump Pump,,,,Back Liner,Back Liner,,SPR65041S21,,,,,,,,,,,,,,,
7,TCMG,Processing Plant,COM,Comminution / Process,Grinding,MLA01 Milling Ancillary,TCMG-PP-COMM-GRIND-MLANC01,MLA01-PMP01,Grinding Area Sump Pump,,,,Casing,Casing,,SPR65092S21,,,,,,,,,,,,,,,
7,TCMG,Processing Plant,COM,Comminution / Process,Grinding,MLA01 Milling Ancillary,TCMG-PP-COMM-GRIND-MLANC01,MLA01-PMP01,Grinding Area Sump Pump,,,,Impeller O-ring,Impeller O-ring,,26T36N127,,,,,,,,,,,,,,,
7,TCMG,Processing Plant,COM,Comminution / Process,Grinding,MLA01 Milling Ancillary,TCMG-PP-COMM-GRIND-MLANC01,MLA01-PMP01,Grinding Area Sump Pump,,,,Discharge pipe clamp,Discharge pipe clamp,,SPR65153S21,,,,,,,,,,,,,,,
7,TCMG,Processing Plant,COM,Comminution / Process,Grinding,MLA01 Milling Ancillary,TCMG-PP-COMM-GRIND-MLANC01,MLA01-PMP01,Grinding Area Sump Pump,,,,Socket head protector,Socket head protector,,M20-291S42,,,,,,,,,,,,,,,
7,TCMG,Processing Plant,COM,Comminution / Process,Grinding,MLA01 Milling Ancillary,TCMG-PP-COMM-GRIND-MLANC01,MLA01-PMP01,Grinding Area Sump Pump,,,,Hex socket head cap screw,Hex socket head cap screw,,M20A4-80S,,,,,,,,,,,,,,,
7,TCMG,Processing Plant,COM,Comminution / Process,Grinding,MLA01 Milling Ancillary,TCMG-PP-COMM-GRIND-MLANC01,MLA01-PMP01,Grinding Area Sump Pump,,,,Strainer lower,Strainer lower,,SPR65116LAUC23,,,,,,,,,,,,,,,
7,TCMG,Processing Plant,COM,Comminution / Process,Grinding,MLA01 Milling Ancillary,TCMG-PP-COMM-GRIND-MLANC01,MLA01-PMP01,Grinding Area Sump Pump,,,,Strainer upper,Strainer upper,,SPR65116,,,,,,,,,,,,,,,
4,TCMG,Processing Plant,COM,Comminution / Process,Classification,,,,,,,,,,,,,,,,,,,,,,,,,
5,TCMG,Processing Plant,COM,Comminution / Process,Classification,CYC01 Primary Cyclones,TCMG-PP-COMM-CLASS-CYC01,,,,,,,,,,,,,,,,,,,,,,,
6,TCMG,Processing Plant,COM,Comminution / Process,Classification,CYC01 Primary Cyclones,TCMG-PP-COMM-CLASS-CYC01,CYC01-CLU01,Primary Cyclone Cluster,TCMG-PP-COMM-CLASS-CYC01,04-CY-100,,,,,,,,,,,,,,,,,,,
6,TCMG,Processing Plant,COM,Comminution / Process,Classification,CYC01 Primary Cyclones,TCMG-PP-COMM-CLASS-CYC01,CYC01-CYA,Primary Cyclone A,TCMG-PP-COMM-CLASS-CYC01,04-CY-100A,,,,,,,,,,,,,,,,,,,
7,TCMG,Processing Plant,COM,Comminution / Process,Classification,CYC01 Primary Cyclones,TCMG-PP-COMM-CLASS-CYC01,CYC01-CYA,Primary Cyclone A,TCMG-PP-COMM-CLASS-CYC01,,,"Primary Cyclones, 100mm Spigot, 150mm Vortex Finder",Feed Chamber Cover Liner,,15018CVXR55,,,,,,,,,,,,,,,
7,TCMG,Processing Plant,COM,Comminution / Process,Classification,CYC01 Primary Cyclones,TCMG-PP-COMM-CLASS-CYC01,CYC01-CYA,Primary Cyclone A,TCMG-PP-COMM-CLASS-CYC01,,,"Primary Cyclones, 100mm Spigot, 150mm Vortex Finder",Feed Chamber Liner - 111mm,,15035CVX111R55,,,,,,,,,,,,,,,
7,TCMG,Processing Plant,COM,Comminution / Process,Classification,CYC01 Primary Cyclones,TCMG-PP-COMM-CLASS-CYC01,CYC01-CYA,Primary Cyclone A,TCMG-PP-COMM-CLASS-CYC01,,,"Primary Cyclones, 100mm Spigot, 150mm Vortex Finder",Cone Liner 15-10,,15004C-10R55,,,,,,,,,,,,,,,
7,TCMG,Processing Plant,COM,Comminution / Process,Classification,CYC01 Primary Cyclones,TCMG-PP-COMM-CLASS-CYC01,CYC01-CYA,Primary Cyclone A,TCMG-PP-COMM-CLASS-CYC01,,,"Primary Cyclones, 100mm Spigot, 150mm Vortex Finder",Cone Liner 10-10,,10004C-10R55,,,,,,,,,,,,,,,
7,TCMG,Processing Plant,COM,Comminution / Process,Classification,CYC01 Primary Cyclones,TCMG-PP-COMM-CLASS-CYC01,CYC01-CYA,Primary Cyclone A,TCMG-PP-COMM-CLASS-CYC01,,,"Primary Cyclones, 100mm Spigot, 150mm Vortex Finder",Spray Gaurd Liner,,15074CVXY14,,,,,,,,,,,,,,,
6,TCMG,Processing Plant,COM,Comminution / Process,Classification,CYC01 Primary Cyclones,TCMG-PP-COMM-CLASS-CYC01,CYC01-CYB,Primary Cyclone B,TCMG-PP-COMM-CLASS-CYC01,04-CY-100B,,,,,,,,,,,,,,,,,,,
7,TCMG,Processing Plant,COM,Comminution / Process,Classification,CYC01 Primary Cyclones,TCMG-PP-COMM-CLASS-CYC01,CYC01-CYB,Primary Cyclone B,TCMG-PP-COMM-CLASS-CYC01,,,"Primary Cyclones, 100mm Spigot, 150mm Vortex Finder",Feed Chamber Cover Liner,,15018CVXR55,,,,,,,,,,,,,,,
7,TCMG,Processing Plant,COM,Comminution / Process,Classification,CYC01 Primary Cyclones,TCMG-PP-COMM-CLASS-CYC01,CYC01-CYB,Primary Cyclone B,TCMG-PP-COMM-CLASS-CYC01,,,"Primary Cyclones, 100mm Spigot, 150mm Vortex Finder",Feed Chamber Liner - 111mm,,15035CVX111R55,,,,,,,,,,,,,,,
7,TCMG,Processing Plant,COM,Comminution / Process,Classification,CYC01 Primary Cyclones,TCMG-PP-COMM-CLASS-CYC01,CYC01-CYB,Primary Cyclone B,TCMG-PP-COMM-CLASS-CYC01,,,"Primary Cyclones, 100mm Spigot, 150mm Vortex Finder",Cone Liner 15-10,,15004C-10R55,,,,,,,,,,,,,,,
7,TCMG,Processing Plant,COM,Comminution / Process,Classification,CYC01 Primary Cyclones,TCMG-PP-COMM-CLASS-CYC01,CYC01-CYB,Primary Cyclone B,TCMG-PP-COMM-CLASS-CYC01,,,"Primary Cyclones, 100mm Spigot, 150mm Vortex Finder",Cone Liner 10-10,,10004C-10R55,,,,,,,,,,,,,,,
7,TCMG,Processing Plant,COM,Comminution / Process,Classification,CYC01 Primary Cyclones,TCMG-PP-COMM-CLASS-CYC01,CYC01-CYB,Primary Cyclone B,TCMG-PP-COMM-CLASS-CYC01,,,"Primary Cyclones, 100mm Spigot, 150mm Vortex Finder",Spray Gaurd Liner,,15074CVXY14,,,,,,,,,,,,,,,
6,TCMG,Processing Plant,COM,Comminution / Process,Classification,CYC01 Primary Cyclones,TCMG-PP-COMM-CLASS-CYC01,CYC01-CYC,Primary Cyclone C,TCMG-PP-COMM-CLASS-CYC01,04-CY-100C,,,,,,,,,,,,,,,,,,,
7,TCMG,Processing Plant,COM,Comminution / Process,Classification,CYC01 Primary Cyclones,TCMG-PP-COMM-CLASS-CYC01,CYC01-CYC,Primary Cyclone C,TCMG-PP-COMM-CLASS-CYC01,,,"Primary Cyclones, 100mm Spigot, 150mm Vortex Finder",Feed Chamber Cover Liner,,15018CVXR55,,,,,,,,,,,,,,,
7,TCMG,Processing Plant,COM,Comminution / Process,Classification,CYC01 Primary Cyclones,TCMG-PP-COMM-CLASS-CYC01,CYC01-CYC,Primary Cyclone C,TCMG-PP-COMM-CLASS-CYC01,,,"Primary Cyclones, 100mm Spigot, 150mm Vortex Finder",Feed Chamber Liner - 111mm,,15035CVX111R55,,,,,,,,,,,,,,,
7,TCMG,Processing Plant,COM,Comminution / Process,Classification,CYC01 Primary Cyclones,TCMG-PP-COMM-CLASS-CYC01,CYC01-CYC,Primary Cyclone C,TCMG-PP-COMM-CLASS-CYC01,,,"Primary Cyclones, 100mm Spigot, 150mm Vortex Finder",Cone Liner 15-10,,15004C-10R55,,,,,,,,,,,,,,,
7,TCMG,Processing Plant,COM,Comminution / Process,Classification,CYC01 Primary Cyclones,TCMG-PP-COMM-CLASS-CYC01,CYC01-CYC,Primary Cyclone C,TCMG-PP-COMM-CLASS-CYC01,,,"Primary Cyclones, 100mm Spigot, 150mm Vortex Finder",Cone Liner 10-10,,10004C-10R55,,,,,,,,,,,,,,,
7,TCMG,Processing Plant,COM,Comminution / Process,Classification,CYC01 Primary Cyclones,TCMG-PP-COMM-CLASS-CYC01,CYC01-CYC,Primary Cyclone C,TCMG-PP-COMM-CLASS-CYC01,,,"Primary Cyclones, 100mm Spigot, 150mm Vortex Finder",Spray Gaurd Liner,,15074CVXY14,,,,,,,,,,,,,,,
6,TCMG,Processing Plant,COM,Comminution / Process,Classification,CYC01 Primary Cyclones,TCMG-PP-COMM-CLASS-CYC01,CYC01-UFSB01,Primary Cyclone Underflow Splitter Box,TCMG-PP-COMM-CLASS-CYC01,04-PB-101,,,,,,,,,,,,,,,,,,,
5,TCMG,Processing Plant,COM,Comminution / Process,Classification,CLA01 Classification Ancillary,TCMG-PP-COMM-CLASS-CLANC01,,,,,,,,,,,,,,,,,,,,,,,
6,TCMG,Processing Plant,COM,Comminution / Process,Classification,CLA01 Classification Ancillary,TCMG-PP-COMM-CLASS-CLANC01,CLA01-PIPE02,"Slurry Pipe – HD1, 200mm, PN6 (Cyclone Feed)",TCMG-PP-COMM-CLASS-CLANC01,SP-HD1-200-PN6,,,,,,,,,,,,,,,,,,,
6,TCMG,Processing Plant,COM,Comminution / Process,Classification,CLA01 Classification Ancillary,TCMG-PP-COMM-CLASS-CLANC01,CLA01-ZIC01,Cyclone Isolation Control (multiple),TCMG-PP-COMM-CLASS-CLANC01,ZIC-ICCYnn1,,,,,,,,,,,,,,,,,,,
6,TCMG,Processing Plant,COM,Comminution / Process,Classification,CLA01 Classification Ancillary,TCMG-PP-COMM-CLASS-CLANC01,CLA01-VLV02,Ball Valve 15mm (multiple on cyclones),TCMG-PP-COMM-CLASS-CLANC01,15V03,,,,,,,,,,,,,,,,,,,
6,TCMG,Processing Plant,COM,Comminution / Process,Classification,CLA01 Classification Ancillary,TCMG-PP-COMM-CLASS-CLANC01,CLA01-VLV01,Solenoid Valve 15mm (cyclone isolation),TCMG-PP-COMM-CLASS-CLANC01,15SV03,,,,,,,,,,,,,,,,,,,
6,TCMG,Processing Plant,COM,Comminution / Process,Classification,CLA01 Classification Ancillary,TCMG-PP-COMM-CLASS-CLANC01,CLA01-PIPE03,"Slurry Pipe – HD1, 250mm, PN6 (Cyclone U/F)",TCMG-PP-COMM-CLASS-CLANC01,SP-HD1-250-PN6,,,,,,,,,,,,,,,,,,,
6,TCMG,Processing Plant,COM,Comminution / Process,Classification,CLA01 Classification Ancillary,TCMG-PP-COMM-CLASS-CLANC01,CLA01-PIPE01,"Slurry Pipe – HD1, 160mm, PN6 (to Trash Screen)",TCMG-PP-COMM-CLASS-CLANC01,SP-HD1-160-PN6,,,,,,,,,,,,,,,,,,,
3,TCMG,Processing Plant,REC,Gold Recovery,,,,,,,,,,,,,,,,,,,,,,,,,,
4,TCMG,Processing Plant,REC,Gold Recovery,Reagents,,,,,,,,,,,,,,,,,,,,,,,,,
5,TCMG,Processing Plant,REC,Gold Recovery,Reagents,DSL01 Diesel System,TCMG-PP-UTL-REAG-DSL01,,,,,,,,,,,,,,,,,,,,,,,
6,TCMG,Processing Plant,REC,Gold Recovery,Reagents,DSL01 Diesel System,TCMG-PP-UTL-REAG-DSL01,DSL01-TK01,Diesel Day Tank,TCMG-PP-UTL-REAG-DSL01,08-TK-002,,,,,,,,,,,,,,,,,,,
6,TCMG,Processing Plant,REC,Gold Recovery,Reagents,DSL01 Diesel System,TCMG-PP-UTL-REAG-DSL01,DSL01-PMP01,Diesel Pump,TCMG-PP-UTL-REAG-DSL01,08-PU-002,,,,,,,,,,,,,,,,,,,
6,TCMG,Processing Plant,REC,Gold Recovery,Reagents,DSL01 Diesel System,TCMG-PP-UTL-REAG-DSL01,DSL01-PIPE01,Pipe – Diesel Supply Main,TCMG-PP-UTL-REAG-DSL01,063-OD-CS1-25,,,,,,,,,,,,,,,,,,,
5,TCMG,Processing Plant,REC,Gold Recovery,Reagents,CS01 Caustic & Acid Dosing,TCMG-PP-UTL-REAG-CS01,,,,,,,,,,,,,,,,,,,,,,,
6,TCMG,Processing Plant,REC,Gold Recovery,Reagents,CS01 Caustic & Acid Dosing,TCMG-PP-UTL-REAG-CS01,CS01-BB01,Caustic Bag Breaker,TCMG-PP-UTL-REAG-CS01,06-XM-002,,,,,,,,,,,,,,,,,,,
6,TCMG,Processing Plant,REC,Gold Recovery,Reagents,CS01 Caustic & Acid Dosing,TCMG-PP-UTL-REAG-CS01,CS01-DP01,Caustic Dosing Pump,TCMG-PP-UTL-REAG-CS01,06-PU-005,,,,,,,,,,,,,,,,,,,
7,TCMG,Processing Plant,REC,Gold Recovery,Reagents,CS01 Caustic & Acid Dosing,TCMG-PP-UTL-REAG-CS01,CS01-DP01,Caustic Dosing Pump,TCMG-PP-UTL-REAG-CS01,,,Full Motor Assembly,Full Motor Assembly,,L12C W22,,,,,,,,,,,,,,,
7,TCMG,Processing Plant,REC,Gold Recovery,Reagents,CS01 Caustic & Acid Dosing,TCMG-PP-UTL-REAG-CS01,CS01-DP01,Caustic Dosing Pump,TCMG-PP-UTL-REAG-CS01,,,Wet end,Wet end,,ESTAMPINOX EFI-2,,,,,,,,,,,,,,,
7,TCMG,Processing Plant,REC,Gold Recovery,Reagents,CS01 Caustic & Acid Dosing,TCMG-PP-UTL-REAG-CS01,CS01-DP01,Caustic Dosing Pump,TCMG-PP-UTL-REAG-CS01,,,O-Ring Kit,O-Ring Kit,,"96455091 (POS# 37, 38, 109)",,,,,,,,,,,,,,,
7,TCMG,Processing Plant,REC,Gold Recovery,Reagents,CS01 Caustic & Acid Dosing,TCMG-PP-UTL-REAG-CS01,CS01-DP01,Caustic Dosing Pump,TCMG-PP-UTL-REAG-CS01,,,Shaft Seal Kit,Shaft Seal Kit,,96455087 (Pos# 105),,,,,,,,,,,,,,,
7,TCMG,Processing Plant,REC,Gold Recovery,Reagents,CS01 Caustic & Acid Dosing,TCMG-PP-UTL-REAG-CS01,CS01-DP01,Caustic Dosing Pump,TCMG-PP-UTL-REAG-CS01,,,"Kit, Wear Parts","Kit, Wear Parts",,"96455096 (Pos# 4a, 39, 45, 47a, 47, 64c, 65, 65, 66, 67)",,,,,,,,,,,,,,,
7,TCMG,Processing Plant,REC,Gold Recovery,Reagents,CS01 Caustic & Acid Dosing,TCMG-PP-UTL-REAG-CS01,CS01-DP01,Caustic Dosing Pump,TCMG-PP-UTL-REAG-CS01,,,Chamber Stack,Chamber Stack,,"96453600 (Pos# 80, 4a, 4, 5a, 44a, 45, 47a, 47, 49, 50, 51, 64d, 64c, 64a, 64, 65, 66, 67,69)",,,,,,,,,,,,,,,
7,TCMG,Processing Plant,REC,Gold Recovery,Reagents,CS01 Caustic & Acid Dosing,TCMG-PP-UTL-REAG-CS01,CS01-DP01,Caustic Dosing Pump,TCMG-PP-UTL-REAG-CS01,,,"Kit, Plug","Kit, Plug",,"96505133 (Pos# 18, 23b, 25, 38)",,,,,,,,,,,,,,,
7,TCMG,Processing Plant,REC,Gold Recovery,Reagents,CS01 Caustic & Acid Dosing,TCMG-PP-UTL-REAG-CS01,CS01-DP01,Caustic Dosing Pump,TCMG-PP-UTL-REAG-CS01,,,"Kit, Coupling","Kit, Coupling",,"00415060 (Pos# 9, 10a, 10)",,,,,,,,,,,,,,,
6,TCMG,Processing Plant,REC,Gold Recovery,Reagents,CS01 Caustic & Acid Dosing,TCMG-PP-UTL-REAG-CS01,CS01-HDP01,HCl Acid Dosing Pump,TCMG-PP-UTL-REAG-CS01,08-PU-003,,,,,,,,,,,,,,,,,,,
7,TCMG,Processing Plant,REC,Gold Recovery,Reagents,CS01 Caustic & Acid Dosing,TCMG-PP-UTL-REAG-CS01,CS01-HDP01,HCl Acid Dosing Pump,TCMG-PP-UTL-REAG-CS01,,,Exchange Spare Pump,Exchange Spare Pump,,3376.08 AP 01,,,,,,,,,,,,,,,
7,TCMG,Processing Plant,REC,Gold Recovery,Reagents,CS01 Caustic & Acid Dosing,TCMG-PP-UTL-REAG-CS01,CS01-HDP01,HCl Acid Dosing Pump,TCMG-PP-UTL-REAG-CS01,,,Service Kit VA25 Poly/Stanoprere,Service Kit VA25 Poly/Stanoprere,,3376.08 AP 03,,,,,,,,,,,,,,,
7,TCMG,Processing Plant,REC,Gold Recovery,Reagents,CS01 Caustic & Acid Dosing,TCMG-PP-UTL-REAG-CS01,CS01-HDP01,HCl Acid Dosing Pump,TCMG-PP-UTL-REAG-CS01,,,Air Valve Serivce Repair Kit VA25,Air Valve Serivce Repair Kit VA25,,3376.08 AP 04,,,,,,,,,,,,,,,
6,TCMG,Processing Plant,REC,Gold Recovery,Reagents,CS01 Caustic & Acid Dosing,TCMG-PP-UTL-REAG-CS01,CS01-VLV01,Ball Valve 15mm,TCMG-PP-UTL-REAG-CS01,15V01-V200,,,,,,,,,,,,,,,,,,,
6,TCMG,Processing Plant,REC,Gold Recovery,Reagents,CS01 Caustic & Acid Dosing,TCMG-PP-UTL-REAG-CS01,CS01-VLV03,Ball Valve 15mm,TCMG-PP-UTL-REAG-CS01,15V11-V201,,,,,,,,,,,,,,,,,,,
6,TCMG,Processing Plant,REC,Gold Recovery,Reagents,CS01 Caustic & Acid Dosing,TCMG-PP-UTL-REAG-CS01,CS01-VLV02,Pressure Regulator 700kPa,TCMG-PP-UTL-REAG-CS01,15V11-700kPa REGULATOR,,,,,,,,,,,,,,,,,,,
6,TCMG,Processing Plant,REC,Gold Recovery,Reagents,CS01 Caustic & Acid Dosing,TCMG-PP-UTL-REAG-CS01,CS01-PIPE02,Pipe – HCl Acid Dosing Supply,TCMG-PP-UTL-REAG-CS01,119-RHC-HD3-32-PN10,,,,,,,,,,,,,,,,,,,
6,TCMG,Processing Plant,REC,Gold Recovery,Reagents,CS01 Caustic & Acid Dosing,TCMG-PP-UTL-REAG-CS01,CS01-PIPE01,Pipe – Caustic Soda Dosing Supply,TCMG-PP-UTL-REAG-CS01,ROH-SS-32-PN12.5,,,,,,,,,,,,,,,,,,,
5,TCMG,Processing Plant,REC,Gold Recovery,Reagents,CN01 Cyanide System,TCMG-PP-UTL-REAG-CN01,,,,,,,,,,,,,,,,,,,,,,,
6,TCMG,Processing Plant,REC,Gold Recovery,Reagents,CN01 Cyanide System,TCMG-PP-UTL-REAG-CN01,CN01-BB01,Cyanide Bag Breaker,TCMG-PP-UTL-REAG-CN01,06-XM-001,,,,,,,,,,,,,,,,,,,
6,TCMG,Processing Plant,REC,Gold Recovery,Reagents,CN01 Cyanide System,TCMG-PP-UTL-REAG-CN01,CN01-MR01,Cyanide Monorail,TCMG-PP-UTL-REAG-CN01,06-MR-101,,,,,,,,,,,,,,,,,,,
7,TCMG,Processing Plant,REC,Gold Recovery,Reagents,CN01 Cyanide System,TCMG-PP-UTL-REAG-CN01,CN01-MR01,Cyanide Monorail,TCMG-PP-UTL-REAG-CN01,,,Full Hoist Replacement,Full Hoist Replacement,,"CKX10C042200, 1.5 tonne electric hoist",,,,,,,,,,,,,,,
6,TCMG,Processing Plant,REC,Gold Recovery,Reagents,CN01 Cyanide System,TCMG-PP-UTL-REAG-CN01,CN01-MXT01,Cyanide Mixing Tank,TCMG-PP-UTL-REAG-CN01,06-TK-001,,,,,,,,,,,,,,,,,,,
6,TCMG,Processing Plant,REC,Gold Recovery,Reagents,CN01 Cyanide System,TCMG-PP-UTL-REAG-CN01,CN01-MXT01-AGT01,Cyanide Mixing Tank Agitator,TCMG-PP-UTL-REAG-CN01,06-AG-001,,,,,,,,,,,,,,,,,,,
7,TCMG,Processing Plant,REC,Gold Recovery,Reagents,CN01 Cyanide System,TCMG-PP-UTL-REAG-CN01,CN01-MXT01-AGT01,Cyanide Mixing Tank Agitator,TCMG-PP-UTL-REAG-CN01,,,Motor W22M 0.75kW,Motor W22M 0.75kW,,MTE8 W22M,,,,,,,,,,,,,,,
7,TCMG,Processing Plant,REC,Gold Recovery,Reagents,CN01 Cyanide System,TCMG-PP-UTL-REAG-CN01,CN01-MXT01-AGT01,Cyanide Mixing Tank Agitator,TCMG-PP-UTL-REAG-CN01,,,Gearbox Incl Coupling Half & Motor Adapter,Gearbox Incl Coupling Half & Motor Adapter,,MC4350/02/GBOX/1057,,,,,,,,,,,,,,,
7,TCMG,Processing Plant,REC,Gold Recovery,Reagents,CN01 Cyanide System,TCMG-PP-UTL-REAG-CN01,CN01-MXT01-AGT01,Cyanide Mixing Tank Agitator,TCMG-PP-UTL-REAG-CN01,,,Agitator Shaft,Agitator Shaft,,MC4350/02/SHAFT,,,,,,,,,,,,,,,
6,TCMG,Processing Plant,REC,Gold Recovery,Reagents,CN01 Cyanide System,TCMG-PP-UTL-REAG-CN01,CN01-PMP01,Cyanide Solution Transfer Pump,TCMG-PP-UTL-REAG-CN01,06-PU-001,,,,,,,,,,,,,,,,,,,
7,TCMG,Processing Plant,REC,Gold Recovery,Reagents,CN01 Cyanide System,TCMG-PP-UTL-REAG-CN01,CN01-PMP01,Cyanide Solution Transfer Pump,TCMG-PP-UTL-REAG-CN01,,,Pump replacement Unit,Pump replacement Unit,,CRN20-01 A FGJ-G-V-HQQV,,,,,,,,,,,,,,,
7,TCMG,Processing Plant,REC,Gold Recovery,Reagents,CN01 Cyanide System,TCMG-PP-UTL-REAG-CN01,CN01-PMP01,Cyanide Solution Transfer Pump,TCMG-PP-UTL-REAG-CN01,,,Gasket Kit,Gasket Kit,,"6509610 (Pos# 37, 38a, 38, 60, 100, 441b)",,,,,,,,,,,,,,,
7,TCMG,Processing Plant,REC,Gold Recovery,Reagents,CN01 Cyanide System,TCMG-PP-UTL-REAG-CN01,CN01-PMP01,Cyanide Solution Transfer Pump,TCMG-PP-UTL-REAG-CN01,,,Shaft Seal Kit,Shaft Seal Kit,,96511845 (Pos# 105),,,,,,,,,,,,,,,
7,TCMG,Processing Plant,REC,Gold Recovery,Reagents,CN01 Cyanide System,TCMG-PP-UTL-REAG-CN01,CN01-PMP01,Cyanide Solution Transfer Pump,TCMG-PP-UTL-REAG-CN01,,,"Kit, Wear Parts","Kit, Wear Parts",,"96511824 (Pos# 4a, 3a, 26c, 26b, 45, 47a, 47, 49c, 62, 64d, 64c, 64b, 64a, 65, 66, 67)",,,,,,,,,,,,,,,
7,TCMG,Processing Plant,REC,Gold Recovery,Reagents,CN01 Cyanide System,TCMG-PP-UTL-REAG-CN01,CN01-PMP01,Cyanide Solution Transfer Pump,TCMG-PP-UTL-REAG-CN01,,,Chamber Stack,Chamber Stack,,"96491784 (Pos# 80, 4a, 3a, 4, 3, 26c, 26b, 44b, 44a, 45, 47a, 47, 49, 49c, 49, 51, 62, 64d, 64c, 64b, 64a, 64, 65, 66, 67)",,,,,,,,,,,,,,,
7,TCMG,Processing Plant,REC,Gold Recovery,Reagents,CN01 Cyanide System,TCMG-PP-UTL-REAG-CN01,CN01-PMP01,Cyanide Solution Transfer Pump,TCMG-PP-UTL-REAG-CN01,,,"Kit, Plug","Kit, Plug",,"96511312 (Pos# 18, 23, 25, 38a, 38)",,,,,,,,,,,,,,,
7,TCMG,Processing Plant,REC,Gold Recovery,Reagents,CN01 Cyanide System,TCMG-PP-UTL-REAG-CN01,CN01-PMP01,Cyanide Solution Transfer Pump,TCMG-PP-UTL-REAG-CN01,,,"Kit, Coupling","Kit, Coupling",,"96511317 (Pos# 9, 10a, 10)",,,,,,,,,,,,,,,
6,TCMG,Processing Plant,REC,Gold Recovery,Reagents,CN01 Cyanide System,TCMG-PP-UTL-REAG-CN01,CN01-ST01,Cyanide Solution Storage Tank,TCMG-PP-UTL-REAG-CN01,06-TK-002,,,,,,,,,,,,,,,,,,,
6,TCMG,Processing Plant,REC,Gold Recovery,Reagents,CN01 Cyanide System,TCMG-PP-UTL-REAG-CN01,CN01-DPB01,Cyanide Dosing Pump (Standby),TCMG-PP-UTL-REAG-CN01,06-PU-003,,,,,,,,,,,,,,,,,,,
7,TCMG,Processing Plant,REC,Gold Recovery,Reagents,CN01 Cyanide System,TCMG-PP-UTL-REAG-CN01,CN01-DPB01,Cyanide Dosing Pump (Standby),TCMG-PP-UTL-REAG-CN01,,,Cyanide Dosing Pump - Standby,Pump replacement unit,,CRN5-4 A-FGJ-G-V-HQQV,,,,,,,,,,,,,,,
7,TCMG,Processing Plant,REC,Gold Recovery,Reagents,CN01 Cyanide System,TCMG-PP-UTL-REAG-CN01,CN01-DPB01,Cyanide Dosing Pump (Standby),TCMG-PP-UTL-REAG-CN01,,,Cyanide Dosing Pump - Standby,O-Ring Kit,,"96455091 (POS# 37, 38, 109)",,,,,,,,,,,,,,,
7,TCMG,Processing Plant,REC,Gold Recovery,Reagents,CN01 Cyanide System,TCMG-PP-UTL-REAG-CN01,CN01-DPB01,Cyanide Dosing Pump (Standby),TCMG-PP-UTL-REAG-CN01,,,Cyanide Dosing Pump - Standby,Shaft Seal Kit,,96455087 (Pos# 105),,,,,,,,,,,,,,,
7,TCMG,Processing Plant,REC,Gold Recovery,Reagents,CN01 Cyanide System,TCMG-PP-UTL-REAG-CN01,CN01-DPB01,Cyanide Dosing Pump (Standby),TCMG-PP-UTL-REAG-CN01,,,Cyanide Dosing Pump - Standby,"Kit, Wear Parts",,"96455096 (Pos# 4a, 39, 45, 47a, 47, 64c, 65, 65, 66, 67)",,,,,,,,,,,,,,,
7,TCMG,Processing Plant,REC,Gold Recovery,Reagents,CN01 Cyanide System,TCMG-PP-UTL-REAG-CN01,CN01-DPB01,Cyanide Dosing Pump (Standby),TCMG-PP-UTL-REAG-CN01,,,Cyanide Dosing Pump - Standby,Chamber Stack,,"96453600 (Pos# 80, 4a, 4, 5a, 44a, 45, 47a, 47, 49, 50, 51, 64d, 64c, 64a, 64, 65, 66, 67,69)",,,,,,,,,,,,,,,
7,TCMG,Processing Plant,REC,Gold Recovery,Reagents,CN01 Cyanide System,TCMG-PP-UTL-REAG-CN01,CN01-DPB01,Cyanide Dosing Pump (Standby),TCMG-PP-UTL-REAG-CN01,,,Cyanide Dosing Pump - Standby,"Kit, Plug",,"96505133 (Pos# 18, 23b, 25, 38)",,,,,,,,,,,,,,,
7,TCMG,Processing Plant,REC,Gold Recovery,Reagents,CN01 Cyanide System,TCMG-PP-UTL-REAG-CN01,CN01-DPB01,Cyanide Dosing Pump (Standby),TCMG-PP-UTL-REAG-CN01,,,Cyanide Dosing Pump - Standby,"Kit, Coupling",,"00415060 (Pos# 9, 10a, 10)",,,,,,,,,,,,,,,
6,TCMG,Processing Plant,REC,Gold Recovery,Reagents,CN01 Cyanide System,TCMG-PP-UTL-REAG-CN01,CN01-DPA01,Cyanide Dosing Pump (Duty),TCMG-PP-UTL-REAG-CN01,06-PU-002,,,,,,,,,,,,,,,,,,,
7,TCMG,Processing Plant,REC,Gold Recovery,Reagents,CN01 Cyanide System,TCMG-PP-UTL-REAG-CN01,CN01-DPA01,Cyanide Dosing Pump (Duty),TCMG-PP-UTL-REAG-CN01,,,Cyanide Dosing Pump - Duty,Pump replacement unit,,CRN5-4 A-FGJ-G-V-HQQV,,,,,,,,,,,,,,,
7,TCMG,Processing Plant,REC,Gold Recovery,Reagents,CN01 Cyanide System,TCMG-PP-UTL-REAG-CN01,CN01-DPA01,Cyanide Dosing Pump (Duty),TCMG-PP-UTL-REAG-CN01,,,Cyanide Dosing Pump - Duty,O-Ring Kit,,"96455091 (POS# 37, 38, 109)",,,,,,,,,,,,,,,
7,TCMG,Processing Plant,REC,Gold Recovery,Reagents,CN01 Cyanide System,TCMG-PP-UTL-REAG-CN01,CN01-DPA01,Cyanide Dosing Pump (Duty),TCMG-PP-UTL-REAG-CN01,,,Cyanide Dosing Pump - Duty,Shaft Seal Kit,,96455087 (Pos# 105),,,,,,,,,,,,,,,
7,TCMG,Processing Plant,REC,Gold Recovery,Reagents,CN01 Cyanide System,TCMG-PP-UTL-REAG-CN01,CN01-DPA01,Cyanide Dosing Pump (Duty),TCMG-PP-UTL-REAG-CN01,,,Cyanide Dosing Pump - Duty,"Kit, Wear Parts",,"96455096 (Pos# 4a, 39, 45, 47a, 47, 64c, 65, 65, 66, 67)",,,,,,,,,,,,,,,
7,TCMG,Processing Plant,REC,Gold Recovery,Reagents,CN01 Cyanide System,TCMG-PP-UTL-REAG-CN01,CN01-DPA01,Cyanide Dosing Pump (Duty),TCMG-PP-UTL-REAG-CN01,,,Cyanide Dosing Pump - Duty,Chamber Stack,,"96453600 (Pos# 80, 4a, 4, 5a, 44a, 45, 47a, 47, 49, 50, 51, 64d, 64c, 64a, 64, 65, 66, 67,69)",,,,,,,,,,,,,,,
7,TCMG,Processing Plant,REC,Gold Recovery,Reagents,CN01 Cyanide System,TCMG-PP-UTL-REAG-CN01,CN01-DPA01,Cyanide Dosing Pump (Duty),TCMG-PP-UTL-REAG-CN01,,,Cyanide Dosing Pump - Duty,"Kit, Plug",,"96505133 (Pos# 18, 23b, 25, 38)",,,,,,,,,,,,,,,
7,TCMG,Processing Plant,REC,Gold Recovery,Reagents,CN01 Cyanide System,TCMG-PP-UTL-REAG-CN01,CN01-DPA01,Cyanide Dosing Pump (Duty),TCMG-PP-UTL-REAG-CN01,,,Cyanide Dosing Pump - Duty,"Kit, Coupling",,"00415060 (Pos# 9, 10a, 10)",,,,,,,,,,,,,,,
6,TCMG,Processing Plant,REC,Gold Recovery,Reagents,CN01 Cyanide System,TCMG-PP-UTL-REAG-CN01,CN01-SMP01,Cyanide Area Sump And Pump,TCMG-PP-UTL-REAG-CN01,06-PU-004,,,,,,,,,,,,,,,,,,,
7,TCMG,Processing Plant,REC,Gold Recovery,Reagents,CN01 Cyanide System,TCMG-PP-UTL-REAG-CN01,CN01-SMP01,Cyanide Area Sump And Pump,TCMG-PP-UTL-REAG-CN01,,,Belts,Belts,,SPA 1250,,,,,,,,,,,,,,,
7,TCMG,Processing Plant,REC,Gold Recovery,Reagents,CN01 Cyanide System,TCMG-PP-UTL-REAG-CN01,CN01-SMP01,Cyanide Area Sump And Pump,TCMG-PP-UTL-REAG-CN01,,,Impeller/Flinger,Impeller/Flinger,,QVR184S44,,,,,,,,,,,,,,,
7,TCMG,Processing Plant,REC,Gold Recovery,Reagents,CN01 Cyanide System,TCMG-PP-UTL-REAG-CN01,CN01-SMP01,Cyanide Area Sump And Pump,TCMG-PP-UTL-REAG-CN01,,,Back Liner,Back Liner,,SPR65041S21,,,,,,,,,,,,,,,
7,TCMG,Processing Plant,REC,Gold Recovery,Reagents,CN01 Cyanide System,TCMG-PP-UTL-REAG-CN01,CN01-SMP01,Cyanide Area Sump And Pump,TCMG-PP-UTL-REAG-CN01,,,Casing,Casing,,SPR65092S21,,,,,,,,,,,,,,,
7,TCMG,Processing Plant,REC,Gold Recovery,Reagents,CN01 Cyanide System,TCMG-PP-UTL-REAG-CN01,CN01-SMP01,Cyanide Area Sump And Pump,TCMG-PP-UTL-REAG-CN01,,,Impeller O-ring,Impeller O-ring,,26T36N127,,,,,,,,,,,,,,,
7,TCMG,Processing Plant,REC,Gold Recovery,Reagents,CN01 Cyanide System,TCMG-PP-UTL-REAG-CN01,CN01-SMP01,Cyanide Area Sump And Pump,TCMG-PP-UTL-REAG-CN01,,,Discharge pipe clamp,Discharge pipe clamp,,SPR65153S21,,,,,,,,,,,,,,,
7,TCMG,Processing Plant,REC,Gold Recovery,Reagents,CN01 Cyanide System,TCMG-PP-UTL-REAG-CN01,CN01-SMP01,Cyanide Area Sump And Pump,TCMG-PP-UTL-REAG-CN01,,,Socket head protector,Socket head protector,,M20-291S42,,,,,,,,,,,,,,,
7,TCMG,Processing Plant,REC,Gold Recovery,Reagents,CN01 Cyanide System,TCMG-PP-UTL-REAG-CN01,CN01-SMP01,Cyanide Area Sump And Pump,TCMG-PP-UTL-REAG-CN01,,,Hex socket head cap screw,Hex socket head cap screw,,M20A4-80S,,,,,,,,,,,,,,,
7,TCMG,Processing Plant,REC,Gold Recovery,Reagents,CN01 Cyanide System,TCMG-PP-UTL-REAG-CN01,CN01-SMP01,Cyanide Area Sump And Pump,TCMG-PP-UTL-REAG-CN01,,,Strainer lower,Strainer lower,,SPR65116LAUC23,,,,,,,,,,,,,,,
7,TCMG,Processing Plant,REC,Gold Recovery,Reagents,CN01 Cyanide System,TCMG-PP-UTL-REAG-CN01,CN01-SMP01,Cyanide Area Sump And Pump,TCMG-PP-UTL-REAG-CN01,,,Strainer upper,Strainer upper,,SPR65116,,,,,,,,,,,,,,,
6,TCMG,Processing Plant,REC,Gold Recovery,Reagents,CN01 Cyanide System,TCMG-PP-UTL-REAG-CN01,CN01-VLV08,Knife Gate Valve 80mm,TCMG-PP-UTL-REAG-CN01,80V10-V064,,,,,,,,,,,,,,,,,,,
6,TCMG,Processing Plant,REC,Gold Recovery,Reagents,CN01 Cyanide System,TCMG-PP-UTL-REAG-CN01,CN01-VLV06,Butterfly Valve 80mm,TCMG-PP-UTL-REAG-CN01,80V05-V066,,,,,,,,,,,,,,,,,,,
6,TCMG,Processing Plant,REC,Gold Recovery,Reagents,CN01 Cyanide System,TCMG-PP-UTL-REAG-CN01,CN01-VLV05,Ball Valve 80mm,TCMG-PP-UTL-REAG-CN01,80V01-V067,,,,,,,,,,,,,,,,,,,
6,TCMG,Processing Plant,REC,Gold Recovery,Reagents,CN01 Cyanide System,TCMG-PP-UTL-REAG-CN01,CN01-VLV07,Butterfly Valve 80mm,TCMG-PP-UTL-REAG-CN01,80V05-V071,,,,,,,,,,,,,,,,,,,
6,TCMG,Processing Plant,REC,Gold Recovery,Reagents,CN01 Cyanide System,TCMG-PP-UTL-REAG-CN01,CN01-VLV02,Ball Valve 25mm,TCMG-PP-UTL-REAG-CN01,25V01-V074,,,,,,,,,,,,,,,,,,,
6,TCMG,Processing Plant,REC,Gold Recovery,Reagents,CN01 Cyanide System,TCMG-PP-UTL-REAG-CN01,CN01-VLV01,Butterfly Valve 100mm,TCMG-PP-UTL-REAG-CN01,100V05-V075,,,,,,,,,,,,,,,,,,,
6,TCMG,Processing Plant,REC,Gold Recovery,Reagents,CN01 Cyanide System,TCMG-PP-UTL-REAG-CN01,CN01-VLV04,Ball Valve 50mm,TCMG-PP-UTL-REAG-CN01,50V01-V079,,,,,,,,,,,,,,,,,,,
6,TCMG,Processing Plant,REC,Gold Recovery,Reagents,CN01 Cyanide System,TCMG-PP-UTL-REAG-CN01,CN01-VLV03,Ball Valve 50mm,TCMG-PP-UTL-REAG-CN01,50V01-V078,,,,,,,,,,,,,,,,,,,
6,TCMG,Processing Plant,REC,Gold Recovery,Reagents,CN01 Cyanide System,TCMG-PP-UTL-REAG-CN01,CN01-PIPE05,Pipe – Cyanide Return DN40 (Line 038),TCMG-PP-UTL-REAG-CN01,038-RCN-CS3-40-PN12.5,,,,,,,,,,,,,,,,,,,
6,TCMG,Processing Plant,REC,Gold Recovery,Reagents,CN01 Cyanide System,TCMG-PP-UTL-REAG-CN01,CN01-PIPE01,Pipe – Cyanide Main DN100 CS,TCMG-PP-UTL-REAG-CN01,034-RCN-CS3-100,,,,,,,,,,,,,,,,,,,
6,TCMG,Processing Plant,REC,Gold Recovery,Reagents,CN01 Cyanide System,TCMG-PP-UTL-REAG-CN01,CN01-PIPE02,Pipe – Cyanide DN90 CS,TCMG-PP-UTL-REAG-CN01,035-RCN-CS5-90-PN10,,,,,,,,,,,,,,,,,,,
6,TCMG,Processing Plant,REC,Gold Recovery,Reagents,CN01 Cyanide System,TCMG-PP-UTL-REAG-CN01,CN01-PIPE03,Pipe – Cyanide from Storage Tank,TCMG-PP-UTL-REAG-CN01,036-RCN-CS3-50,,,,,,,,,,,,,,,,,,,
6,TCMG,Processing Plant,REC,Gold Recovery,Reagents,CN01 Cyanide System,TCMG-PP-UTL-REAG-CN01,CN01-PIPE04,Pipe – Cyanide Return DN40 (Line 037),TCMG-PP-UTL-REAG-CN01,037-RCN-CS3-40-PN12.5,,,,,,,,,,,,,,,,,,,
5,TCMG,Processing Plant,REC,Gold Recovery,Reagents,FLOC01 Flocculant & Clarometer,TCMG-PP-UTL-REAG-FLOC01,,,,,,,,,,,,,,,,,,,,,,,
6,TCMG,Processing Plant,REC,Gold Recovery,Reagents,FLOC01 Flocculant & Clarometer,TCMG-PP-UTL-REAG-FLOC01,FLOC01-CPN01,Clarometer Panel,TCMG-PP-UTL-REAG-FLOC01,12-CL-208,,,,,,,,,,,,,,,,,,,
5,TCMG,Processing Plant,REC,Gold Recovery,Reagents,RA01 Reagents Ancillary,TCMG-PP-UTL-REAG-RA01,,,,,,,,,,,,,,,,,,,,,,,
6,TCMG,Processing Plant,REC,Gold Recovery,Reagents,RA01 Reagents Ancillary,TCMG-PP-UTL-REAG-RA01,RA01-SHW01,Reagents Area Safety Shower 1,TCMG-PP-UTL-REAG-RA01,06-SS-001,,,,,,,,,,,,,,,,,,,
6,TCMG,Processing Plant,REC,Gold Recovery,Reagents,RA01 Reagents Ancillary,TCMG-PP-UTL-REAG-RA01,RA01-SHW02,Reagents Area Safety Shower 2,TCMG-PP-UTL-REAG-RA01,06-SS-002,,,,,,,,,,,,,,,,,,,
6,TCMG,Processing Plant,REC,Gold Recovery,Reagents,RA01 Reagents Ancillary,TCMG-PP-UTL-REAG-RA01,RA01-SHW03,Reagents Area Safety Shower 3,TCMG-PP-UTL-REAG-RA01,06-SS-003,,,,,,,,,,,,,,,,,,,
6,TCMG,Processing Plant,REC,Gold Recovery,Reagents,RA01 Reagents Ancillary,TCMG-PP-UTL-REAG-RA01,RA01-PIPE01,Pipe – Raw Water Supply (Reagents Area),TCMG-PP-UTL-REAG-RA01,033-WRW-HD1-90-PN12.5,,,,,,,,,,,,,,,,,,,
6,TCMG,Processing Plant,REC,Gold Recovery,Reagents,RA01 Reagents Ancillary,TCMG-PP-UTL-REAG-RA01,RA01-PIPE02,Pipe – Sump Discharge (Reagents Area),TCMG-PP-UTL-REAG-RA01,045-SU-HD3-90-PN8,,,,,,,,,,,,,,,,,,,
6,TCMG,Processing Plant,REC,Gold Recovery,Reagents,RA01 Reagents Ancillary,TCMG-PP-UTL-REAG-RA01,RA01-PIPE03,Pipe – Safety Shower Water Supply (Reagents),TCMG-PP-UTL-REAG-RA01,046-WPOT-HD1-63-PN8,,,,,,,,,,,,,,,,,,,
6,TCMG,Processing Plant,REC,Gold Recovery,Reagents,RA01 Reagents Ancillary,TCMG-PP-UTL-REAG-RA01,RA01-PIPE04,Pipe – Plant Air Supply (Reagents Area),TCMG-PP-UTL-REAG-RA01,055-AC-HD1-63-PN12.5,,,,,,,,,,,,,,,,,,,
4,TCMG,Processing Plant,REC,Gold Recovery,Gravity Circuit,,,,,,,,,,,,,,,,,,,,,,,,,
5,TCMG,Processing Plant,REC,Gold Recovery,Gravity Circuit,GSCN01 Gravity Screen,TCMG-PP-GR-GRAV-GSCN01,,,,,,,,,,,,,,,,,,,,,,,
6,TCMG,Processing Plant,REC,Gold Recovery,Gravity Circuit,GSCN01 Gravity Screen,TCMG-PP-GR-GRAV-GSCN01,GSCN01,Gravity Screen,TCMG-PP-GR-GRAV-GSCN01,04-SC-100,,,,,,,,,,,,,,,,,,,
6,TCMG,Processing Plant,REC,Gold Recovery,Gravity Circuit,GSCN01 Gravity Screen,TCMG-PP-GR-GRAV-GSCN01,GSCN01-CHU01,Gravity Screen Feed Chute,TCMG-PP-GR-GRAV-GSCN01,04-CH-103,,,,,,,,,,,,,,,,,,,
6,TCMG,Processing Plant,REC,Gold Recovery,Gravity Circuit,GSCN01 Gravity Screen,TCMG-PP-GR-GRAV-GSCN01,GSCN01-CHU02,Gravity Screen Underpan,TCMG-PP-GR-GRAV-GSCN01,04-CH-104,,,,,,,,,,,,,,,,,,,
6,TCMG,Processing Plant,REC,Gold Recovery,Gravity Circuit,GSCN01 Gravity Screen,TCMG-PP-GR-GRAV-GSCN01,GSCN01-CHU03,Gravity Screen Oversize Chute,TCMG-PP-GR-GRAV-GSCN01,04-CH-105,,,,,,,,,,,,,,,,,,,
6,TCMG,Processing Plant,REC,Gold Recovery,Gravity Circuit,GSCN01 Gravity Screen,TCMG-PP-GR-GRAV-GSCN01,GSCN01-PIPE01,Pipe – Slurry Feed (Gravity Screen Inlet),TCMG-PP-GR-GRAV-GSCN01,100-SP-HD2-160-PN10,,,,,,,,,,,,,,,,,,,
6,TCMG,Processing Plant,REC,Gold Recovery,Gravity Circuit,GSCN01 Gravity Screen,TCMG-PP-GR-GRAV-GSCN01,GSCN01-PIPE02,Pipe – Gravity Screen O/S,TCMG-PP-GR-GRAV-GSCN01,103-SP-RL-150,,,,,,,,,,,,,,,,,,,
5,TCMG,Processing Plant,REC,Gold Recovery,Gravity Circuit,KNL01 Knelson Concentrator,TCMG-PP-GR-GRAV-KNL01,,,,,,,,,,,,,,,,,,,,,,,
6,TCMG,Processing Plant,REC,Gold Recovery,Gravity Circuit,KNL01 Knelson Concentrator,TCMG-PP-GR-GRAV-KNL01,KNL01,Knelson Concentrator,TCMG-PP-GR-GRAV-KNL01,04-GC-100,,,,,,,,,,,,,,,,,,,
6,TCMG,Processing Plant,REC,Gold Recovery,Gravity Circuit,KNL01 Knelson Concentrator,TCMG-PP-GR-GRAV-KNL01,KNL01-HST01,Knelson Hoist,TCMG-PP-GR-GRAV-KNL01,04-MK-101,,,,,,,,,,,,,,,,,,,
6,TCMG,Processing Plant,REC,Gold Recovery,Gravity Circuit,KNL01 Knelson Concentrator,TCMG-PP-GR-GRAV-KNL01,KNL01-FLT01,Knelson Pre-Filter,TCMG-PP-GR-GRAV-KNL01,04-FL-004,,,,,,,,,,,,,,,,,,,
6,TCMG,Processing Plant,REC,Gold Recovery,Gravity Circuit,KNL01 Knelson Concentrator,TCMG-PP-GR-GRAV-KNL01,CR01-PNL01,Knelson Concentrator Control Panel,TCMG-PP-GR-GRAV-KNL01,,,,,,,,,,,,,,,,,,,,
6,TCMG,Processing Plant,REC,Gold Recovery,Gravity Circuit,KNL01 Knelson Concentrator,TCMG-PP-GR-GRAV-KNL01,KNL01-SS,Speed Sensor,TCMG-PP-GR-GRAV-KNL01,,,,,,,,,,,,,,,,,,,,
6,TCMG,Processing Plant,REC,Gold Recovery,Gravity Circuit,KNL01 Knelson Concentrator,TCMG-PP-GR-GRAV-KNL01,KNL01-CP,Knelson Concentrator Control Panel,TCMG-PP-GR-GRAV-KNL01,,,,,,,,,,,,,,,,,,,,
7,TCMG,Processing Plant,REC,Gold Recovery,Gravity Circuit,KNL01 Knelson Concentrator,TCMG-PP-GR-GRAV-KNL01,KNL01-CP,Knelson Concentrator Control Panel,TCMG-PP-GR-GRAV-KNL01,,,Knelson Concentrator,Motor DI32S 5.5kW,,KTE W22M,,,,,,,,,,,,,,,
7,TCMG,Processing Plant,REC,Gold Recovery,Gravity Circuit,KNL01 Knelson Concentrator,TCMG-PP-GR-GRAV-KNL01,KNL01-CP,Knelson Concentrator Control Panel,TCMG-PP-GR-GRAV-KNL01,,,Knelson Concentrator,HOSE CLAMP-T-BOLT-25NB,,218016-025NB,,,,,,,,,,,,,,,
7,TCMG,Processing Plant,REC,Gold Recovery,Gravity Circuit,KNL01 Knelson Concentrator,TCMG-PP-GR-GRAV-KNL01,KNL01-CP,Knelson Concentrator Control Panel,TCMG-PP-GR-GRAV-KNL01,,,Knelson Concentrator,5NB WATER HOSE - PP2005 1200 LG.,,KC-XD20-0041-030,,,,,,,,,,,,,,,
7,TCMG,Processing Plant,REC,Gold Recovery,Gravity Circuit,KNL01 Knelson Concentrator,TCMG-PP-GR-GRAV-KNL01,KNL01-CP,Knelson Concentrator Control Panel,TCMG-PP-GR-GRAV-KNL01,,,Knelson Concentrator,SP-KCCD20/XD20/QS30-ROT UNION-RUBBER BOOT (165421),,SP-KC-STD-006-S1,,,,,,,,,,,,,,,
7,TCMG,Processing Plant,REC,Gold Recovery,Gravity Circuit,KNL01 Knelson Concentrator,TCMG-PP-GR-GRAV-KNL01,KNL01-CP,Knelson Concentrator Control Panel,TCMG-PP-GR-GRAV-KNL01,,,Knelson Concentrator,P-KCXD20/QS30-ROTARY UNION-FLINGER (165420),,SP-KC-STD-005-S1-02,,,,,,,,,,,,,,,
7,TCMG,Processing Plant,REC,Gold Recovery,Gravity Circuit,KNL01 Knelson Concentrator,TCMG-PP-GR-GRAV-KNL01,KNL01-CP,Knelson Concentrator Control Panel,TCMG-PP-GR-GRAV-KNL01,,,Knelson Concentrator,BELT-V-SPB-1850,,201369,,,,,,,,,,,,,,,
7,TCMG,Processing Plant,REC,Gold Recovery,Gravity Circuit,KNL01 Knelson Concentrator,TCMG-PP-GR-GRAV-KNL01,KNL01-CP,Knelson Concentrator Control Panel,TCMG-PP-GR-GRAV-KNL01,,,Knelson Concentrator,MESH-API-SC-80-30 (BROWN),,163030,,,,,,,,,,,,,,,
7,TCMG,Processing Plant,REC,Gold Recovery,Gravity Circuit,KNL01 Knelson Concentrator,TCMG-PP-GR-GRAV-KNL01,KNL01-CP,Knelson Concentrator Control Panel,TCMG-PP-GR-GRAV-KNL01,,,Knelson Concentrator,PROXIMITY SENSOR-KNELSON STANDARD-REFER TO 154283,,154005,,,,,,,,,,,,,,,
7,TCMG,Processing Plant,REC,Gold Recovery,Gravity Circuit,KNL01 Knelson Concentrator,TCMG-PP-GR-GRAV-KNL01,KNL01-CP,Knelson Concentrator Control Panel,TCMG-PP-GR-GRAV-KNL01,,,Knelson Concentrator,"KCXD20/QS30-Rotating Union-BSP TH-2"" (Upgraded)",,165495-C19740,,,,,,,,,,,,,,,
7,TCMG,Processing Plant,REC,Gold Recovery,Gravity Circuit,KNL01 Knelson Concentrator,TCMG-PP-GR-GRAV-KNL01,KNL01-CP,Knelson Concentrator Control Panel,TCMG-PP-GR-GRAV-KNL01,,,Knelson Concentrator,KCXD20-CONC Discharge Spool c/w Victaulic Grooves,,165495-C19740,,,,,,,,,,,,,,,
7,TCMG,Processing Plant,REC,Gold Recovery,Gravity Circuit,KNL01 Knelson Concentrator,TCMG-PP-GR-GRAV-KNL01,KNL01-CP,Knelson Concentrator Control Panel,TCMG-PP-GR-GRAV-KNL01,,,Knelson Concentrator,Coupling Victaulic Grooved 100NB,,200184-100,,,,,,,,,,,,,,,
7,TCMG,Processing Plant,REC,Gold Recovery,Gravity Circuit,KNL01 Knelson Concentrator,TCMG-PP-GR-GRAV-KNL01,KNL01-CP,Knelson Concentrator Control Panel,TCMG-PP-GR-GRAV-KNL01,,,Knelson Concentrator,KCXD20-Plastic Lid-Half Piece,,KC-XD20-0027,,,,,,,,,,,,,,,
7,TCMG,Processing Plant,REC,Gold Recovery,Gravity Circuit,KNL01 Knelson Concentrator,TCMG-PP-GR-GRAV-KNL01,KNL01-CP,Knelson Concentrator Control Panel,TCMG-PP-GR-GRAV-KNL01,,,Knelson Concentrator,3A 24VDC Weidmuller Power Supply,,154444,,,,,,,,,,,,,,,
7,TCMG,Processing Plant,REC,Gold Recovery,Gravity Circuit,KNL01 Knelson Concentrator,TCMG-PP-GR-GRAV-KNL01,KNL01-CP,Knelson Concentrator Control Panel,TCMG-PP-GR-GRAV-KNL01,,,Knelson Concentrator,Sensor Pressure with Display Series 8311 Pressure Sensor,,164022,,,,,,,,,,,,,,,
7,TCMG,Processing Plant,REC,Gold Recovery,Gravity Circuit,KNL01 Knelson Concentrator,TCMG-PP-GR-GRAV-KNL01,KNL01-CP,Knelson Concentrator Control Panel,TCMG-PP-GR-GRAV-KNL01,,,Knelson Concentrator,Proximity Sensor Lead & Plug,,154004,,,,,,,,,,,,,,,
7,TCMG,Processing Plant,REC,Gold Recovery,Gravity Circuit,KNL01 Knelson Concentrator,TCMG-PP-GR-GRAV-KNL01,KNL01-CP,Knelson Concentrator Control Panel,TCMG-PP-GR-GRAV-KNL01,,,Knelson Concentrator,Proximity Sensor,,154005,,,,,,,,,,,,,,,
7,TCMG,Processing Plant,REC,Gold Recovery,Gravity Circuit,KNL01 Knelson Concentrator,TCMG-PP-GR-GRAV-KNL01,KNL01-CP,Knelson Concentrator Control Panel,TCMG-PP-GR-GRAV-KNL01,,,Knelson Concentrator,Filter-30 Mesg Screen,,163030,,,,,,,,,,,,,,,
7,TCMG,Processing Plant,REC,Gold Recovery,Gravity Circuit,KNL01 Knelson Concentrator,TCMG-PP-GR-GRAV-KNL01,KNL01-CP,Knelson Concentrator Control Panel,TCMG-PP-GR-GRAV-KNL01,,,Knelson Concentrator,Fliter-Gland Rubber-Inner/Upper,,163176,,,,,,,,,,,,,,,
7,TCMG,Processing Plant,REC,Gold Recovery,Gravity Circuit,KNL01 Knelson Concentrator,TCMG-PP-GR-GRAV-KNL01,KNL01-CP,Knelson Concentrator Control Panel,TCMG-PP-GR-GRAV-KNL01,,,Knelson Concentrator,Filter-Gland Rubber-Outer/Lower,,163216,,,,,,,,,,,,,,,
7,TCMG,Processing Plant,REC,Gold Recovery,Gravity Circuit,KNL01 Knelson Concentrator,TCMG-PP-GR-GRAV-KNL01,KNL01-CP,Knelson Concentrator Control Panel,TCMG-PP-GR-GRAV-KNL01,,,Knelson Concentrator,Filter-Screen Collar,,163246,,,,,,,,,,,,,,,
7,TCMG,Processing Plant,REC,Gold Recovery,Gravity Circuit,KNL01 Knelson Concentrator,TCMG-PP-GR-GRAV-KNL01,KNL01-CP,Knelson Concentrator Control Panel,TCMG-PP-GR-GRAV-KNL01,,,Knelson Concentrator,Filter-Spin Plate,,163256,,,,,,,,,,,,,,,
7,TCMG,Processing Plant,REC,Gold Recovery,Gravity Circuit,KNL01 Knelson Concentrator,TCMG-PP-GR-GRAV-KNL01,KNL01-CP,Knelson Concentrator Control Panel,TCMG-PP-GR-GRAV-KNL01,,,Knelson Concentrator,Filter-Spin Plate Flow Plug,,163286,,,,,,,,,,,,,,,
7,TCMG,Processing Plant,REC,Gold Recovery,Gravity Circuit,KNL01 Knelson Concentrator,TCMG-PP-GR-GRAV-KNL01,KNL01-CP,Knelson Concentrator Control Panel,TCMG-PP-GR-GRAV-KNL01,,,Knelson Concentrator,Filter-Bail & Handle,,163166,,,,,,,,,,,,,,,
7,TCMG,Processing Plant,REC,Gold Recovery,Gravity Circuit,KNL01 Knelson Concentrator,TCMG-PP-GR-GRAV-KNL01,KNL01-CP,Knelson Concentrator Control Panel,TCMG-PP-GR-GRAV-KNL01,,,Knelson Concentrator,XD20 Gasket-Cone to Rotor Housing,,210155,,,,,,,,,,,,,,,
7,TCMG,Processing Plant,REC,Gold Recovery,Gravity Circuit,KNL01 Knelson Concentrator,TCMG-PP-GR-GRAV-KNL01,KNL01-CP,Knelson Concentrator Control Panel,TCMG-PP-GR-GRAV-KNL01,,,Knelson Concentrator,XD20 Vibration Isolators (Set of 4),,155900,,,,,,,,,,,,,,,
7,TCMG,Processing Plant,REC,Gold Recovery,Gravity Circuit,KNL01 Knelson Concentrator,TCMG-PP-GR-GRAV-KNL01,KNL01-CP,Knelson Concentrator Control Panel,TCMG-PP-GR-GRAV-KNL01,,,Knelson Concentrator,XD20 G6 Inner Cone c/w Wear Pad & Wear Cone (NEW),,165462,,,,,,,,,,,,,,,
7,TCMG,Processing Plant,REC,Gold Recovery,Gravity Circuit,KNL01 Knelson Concentrator,TCMG-PP-GR-GRAV-KNL01,KNL01-CP,Knelson Concentrator Control Panel,TCMG-PP-GR-GRAV-KNL01,,,Knelson Concentrator,XD20 Wear Cone,,165413,,,,,,,,,,,,,,,
7,TCMG,Processing Plant,REC,Gold Recovery,Gravity Circuit,KNL01 Knelson Concentrator,TCMG-PP-GR-GRAV-KNL01,KNL01-CP,Knelson Concentrator Control Panel,TCMG-PP-GR-GRAV-KNL01,,,Knelson Concentrator,XD20-Wear Pad,,165412,,,,,,,,,,,,,,,
7,TCMG,Processing Plant,REC,Gold Recovery,Gravity Circuit,KNL01 Knelson Concentrator,TCMG-PP-GR-GRAV-KNL01,KNL01-CP,Knelson Concentrator Control Panel,TCMG-PP-GR-GRAV-KNL01,,,Knelson Concentrator,XD20 O-Rings (Pack of 3),,165416-PK,,,,,,,,,,,,,,,
7,TCMG,Processing Plant,REC,Gold Recovery,Gravity Circuit,KNL01 Knelson Concentrator,TCMG-PP-GR-GRAV-KNL01,KNL01-CP,Knelson Concentrator Control Panel,TCMG-PP-GR-GRAV-KNL01,,,Knelson Concentrator,XD20-Bearing Pillow Block - Upper,,165410,,,,,,,,,,,,,,,
7,TCMG,Processing Plant,REC,Gold Recovery,Gravity Circuit,KNL01 Knelson Concentrator,TCMG-PP-GR-GRAV-KNL01,KNL01-CP,Knelson Concentrator Control Panel,TCMG-PP-GR-GRAV-KNL01,,,Knelson Concentrator,XD20-Bearing Pillow Block - Lower,,165411,,,,,,,,,,,,,,,
7,TCMG,Processing Plant,REC,Gold Recovery,Gravity Circuit,KNL01 Knelson Concentrator,TCMG-PP-GR-GRAV-KNL01,KNL01-CP,Knelson Concentrator Control Panel,TCMG-PP-GR-GRAV-KNL01,,,Knelson Concentrator,XD20/QS30 Rotary Union,,166102,,,,,,,,,,,,,,,
7,TCMG,Processing Plant,REC,Gold Recovery,Gravity Circuit,KNL01 Knelson Concentrator,TCMG-PP-GR-GRAV-KNL01,KNL01-CP,Knelson Concentrator Control Panel,TCMG-PP-GR-GRAV-KNL01,,,Knelson Concentrator,XD20-Pulley & Bush-Driven-V,,200941,,,,,,,,,,,,,,,
7,TCMG,Processing Plant,REC,Gold Recovery,Gravity Circuit,KNL01 Knelson Concentrator,TCMG-PP-GR-GRAV-KNL01,KNL01-CP,Knelson Concentrator Control Panel,TCMG-PP-GR-GRAV-KNL01,,,Knelson Concentrator,XD20-Pulley & Bush-Drive-V,,200940,,,,,,,,,,,,,,,
7,TCMG,Processing Plant,REC,Gold Recovery,Gravity Circuit,KNL01 Knelson Concentrator,TCMG-PP-GR-GRAV-KNL01,KNL01-CP,Knelson Concentrator Control Panel,TCMG-PP-GR-GRAV-KNL01,,,Knelson Concentrator,XD20-Drive VEE Belt,,201369,,,,,,,,,,,,,,,
7,TCMG,Processing Plant,REC,Gold Recovery,Gravity Circuit,KNL01 Knelson Concentrator,TCMG-PP-GR-GRAV-KNL01,KNL01-CP,Knelson Concentrator Control Panel,TCMG-PP-GR-GRAV-KNL01,,,Knelson Concentrator,Fluidisation Probe c/w 2 bits - Hard Shell Cones,,165002,,,,,,,,,,,,,,,
7,TCMG,Processing Plant,REC,Gold Recovery,Gravity Circuit,KNL01 Knelson Concentrator,TCMG-PP-GR-GRAV-KNL01,KNL01-CP,Knelson Concentrator Control Panel,TCMG-PP-GR-GRAV-KNL01,,,Knelson Concentrator,Pressure Gauge Liquid Filled 0-250kPA,,203000,,,,,,,,,,,,,,,
7,TCMG,Processing Plant,REC,Gold Recovery,Gravity Circuit,KNL01 Knelson Concentrator,TCMG-PP-GR-GRAV-KNL01,KNL01-CP,Knelson Concentrator Control Panel,TCMG-PP-GR-GRAV-KNL01,,,Knelson Concentrator,"Pressure Gauge Liquid Filled, 0-800kPa",,203001,,,,,,,,,,,,,,,
7,TCMG,Processing Plant,REC,Gold Recovery,Gravity Circuit,KNL01 Knelson Concentrator,TCMG-PP-GR-GRAV-KNL01,KNL01-CP,Knelson Concentrator Control Panel,TCMG-PP-GR-GRAV-KNL01,,,Knelson Concentrator,XD20/QS30-Bearing-Flinfer-Upper,,165418,,,,,,,,,,,,,,,
7,TCMG,Processing Plant,REC,Gold Recovery,Gravity Circuit,KNL01 Knelson Concentrator,TCMG-PP-GR-GRAV-KNL01,KNL01-CP,Knelson Concentrator Control Panel,TCMG-PP-GR-GRAV-KNL01,,,Knelson Concentrator,XD20-Bearing-Flinger-Lower,,165419,,,,,,,,,,,,,,,
7,TCMG,Processing Plant,REC,Gold Recovery,Gravity Circuit,KNL01 Knelson Concentrator,TCMG-PP-GR-GRAV-KNL01,KNL01-CP,Knelson Concentrator Control Panel,TCMG-PP-GR-GRAV-KNL01,,,Knelson Concentrator,XD20/QS30-Rotary Union-Flinger,,165420,,,,,,,,,,,,,,,
7,TCMG,Processing Plant,REC,Gold Recovery,Gravity Circuit,KNL01 Knelson Concentrator,TCMG-PP-GR-GRAV-KNL01,KNL01-CP,Knelson Concentrator Control Panel,TCMG-PP-GR-GRAV-KNL01,,,Knelson Concentrator,XD20/SQ30-Rotary Union-Rubber Boot,,165421,,,,,,,,,,,,,,,
7,TCMG,Processing Plant,REC,Gold Recovery,Gravity Circuit,KNL01 Knelson Concentrator,TCMG-PP-GR-GRAV-KNL01,KNL01-CP,Knelson Concentrator Control Panel,TCMG-PP-GR-GRAV-KNL01,,,Knelson Concentrator,Silt Exist Nozzles - Delrin,,315162,,,,,,,,,,,,,,,
6,TCMG,Processing Plant,REC,Gold Recovery,Gravity Circuit,KNL01 Knelson Concentrator,TCMG-PP-GR-GRAV-KNL01,CR01-PNL02,Knelson Area Hoist Control Panel,TCMG-PP-GR-GRAV-KNL01,,,,,,,,,,,,,,,,,,,,
6,TCMG,Processing Plant,REC,Gold Recovery,Gravity Circuit,KNL01 Knelson Concentrator,TCMG-PP-GR-GRAV-KNL01,KNL01-PIPE01,Pipe – Knelson Tails to Ground,TCMG-PP-GR-GRAV-KNL01,105-SP-RL-300,,,,,,,,,,,,,,,,,,,
6,TCMG,Processing Plant,REC,Gold Recovery,Gravity Circuit,KNL01 Knelson Concentrator,TCMG-PP-GR-GRAV-KNL01,KNL01-PIPE02,Pipe – Knelson Bypass DN150 RL,TCMG-PP-GR-GRAV-KNL01,165-SP-RL-150,,,,,,,,,,,,,,,,,,,
6,TCMG,Processing Plant,REC,Gold Recovery,Gravity Circuit,KNL01 Knelson Concentrator,TCMG-PP-GR-GRAV-KNL01,KNL01-PIPE03,Pipe – Knelson Bypass DN154 RL,TCMG-PP-GR-GRAV-KNL01,165-SP-RL-154,,,,,,,,,,,,,,,,,,,
6,TCMG,Processing Plant,REC,Gold Recovery,Gravity Circuit,KNL01 Knelson Concentrator,TCMG-PP-GR-GRAV-KNL01,KNL01-PIPE04,Pipe – Knelson Tails,TCMG-PP-GR-GRAV-KNL01,166-SP-RL-156,,,,,,,,,,,,,,,,,,,
5,TCMG,Processing Plant,REC,Gold Recovery,Gravity Circuit,STBL01 Shaking Table & Tails,TCMG-PP-GR-GRAV-STBL01,,,,,,,,,,,,,,,,,,,,,,,
6,TCMG,Processing Plant,REC,Gold Recovery,Gravity Circuit,STBL01 Shaking Table & Tails,TCMG-PP-GR-GRAV-STBL01,STBL01,Shaking Table & Tails,TCMG-PP-GR-GRAV-STBL01,04-ST-100,,,,,,,,,,,,,,,,,,,
6,TCMG,Processing Plant,REC,Gold Recovery,Gravity Circuit,STBL01 Shaking Table & Tails,TCMG-PP-GR-GRAV-STBL01,STBL01-PIPE01,Pipe – Screen Oversize,TCMG-PP-GR-GRAV-STBL01,103-SP-RL-154,,,,,,,,,,,,,,,,,,,
6,TCMG,Processing Plant,REC,Gold Recovery,Gravity Circuit,STBL01 Shaking Table & Tails,TCMG-PP-GR-GRAV-STBL01,STBL01-CON01,Gravity Concentrate Collection Cone,TCMG-PP-GR-GRAV-STBL01,04-PB-112,,,,,,,,,,,,,,,,,,,
6,TCMG,Processing Plant,REC,Gold Recovery,Gravity Circuit,STBL01 Shaking Table & Tails,TCMG-PP-GR-GRAV-STBL01,STBL01-PMP01,Gravity Tails Pump,TCMG-PP-GR-GRAV-STBL01,04-PU-111,,,,,,,,,,,,,,,,,,,
7,TCMG,Processing Plant,REC,Gold Recovery,Gravity Circuit,STBL01 Shaking Table & Tails,TCMG-PP-GR-GRAV-STBL01,STBL01-PMP01,Gravity Tails Pump,TCMG-PP-GR-GRAV-STBL01,,,Motor,Motor,,KTE21 W22M or VT40 05 NR/NR ?,,,,,,,,,,,,,,,
6,TCMG,Processing Plant,REC,Gold Recovery,Gravity Circuit,STBL01 Shaking Table & Tails,TCMG-PP-GR-GRAV-STBL01,STBL01-HS,Hand Switch (Shaking Table),TCMG-PP-GR-GRAV-STBL01,HS-STAB,,,,,,,,,,,,,,,,,,,
6,TCMG,Processing Plant,REC,Gold Recovery,Gravity Circuit,STBL01 Shaking Table & Tails,TCMG-PP-GR-GRAV-STBL01,STBL01-PIPE02,Pipe – Slurry Return Line DN125 RL,TCMG-PP-GR-GRAV-STBL01,104-SP-RL-125,,,,,,,,,,,,,,,,,,,
5,TCMG,Processing Plant,REC,Gold Recovery,Gravity Circuit,GRV01 Gravity Ancillary,TCMG-PP-GR-GRAV-GRV01,,,,,,,,,,,,,,,,,,,,,,,
6,TCMG,Processing Plant,REC,Gold Recovery,Gravity Circuit,GRV01 Gravity Ancillary,TCMG-PP-GR-GRAV-GRV01,GRV01-VLV08,Ball Valve 50mm,TCMG-PP-GR-GRAV-GRV01,50V01-V257,,,,,,,,,,,,,,,,,,,
6,TCMG,Processing Plant,REC,Gold Recovery,Gravity Circuit,GRV01 Gravity Ancillary,TCMG-PP-GR-GRAV-GRV01,GRV01-VLV09,Check Valve 50mm,TCMG-PP-GR-GRAV-GRV01,50V08-V258,,,,,,,,,,,,,,,,,,,
6,TCMG,Processing Plant,REC,Gold Recovery,Gravity Circuit,GRV01 Gravity Ancillary,TCMG-PP-GR-GRAV-GRV01,GRV01-VLV03,Filter Regulator,TCMG-PP-GR-GRAV-GRV01,15V11-700kPa-V282,,,,,,,,,,,,,,,,,,,
6,TCMG,Processing Plant,REC,Gold Recovery,Gravity Circuit,GRV01 Gravity Ancillary,TCMG-PP-GR-GRAV-GRV01,GRV01-VLV01,Knife Gate Valve 150mm,TCMG-PP-GR-GRAV-GRV01,150V03-V250,,,,,,,,,,,,,,,,,,,
6,TCMG,Processing Plant,REC,Gold Recovery,Gravity Circuit,GRV01 Gravity Ancillary,TCMG-PP-GR-GRAV-GRV01,GRV01-VLV02,15mm Valve,TCMG-PP-GR-GRAV-GRV01,15V03-V251,,,,,,,,,,,,,,,,,,,
6,TCMG,Processing Plant,REC,Gold Recovery,Gravity Circuit,GRV01 Gravity Ancillary,TCMG-PP-GR-GRAV-GRV01,GRV01-VLV04,Ball Valve 25mm,TCMG-PP-GR-GRAV-GRV01,25V01-V253,,,,,,,,,,,,,,,,,,,
6,TCMG,Processing Plant,REC,Gold Recovery,Gravity Circuit,GRV01 Gravity Ancillary,TCMG-PP-GR-GRAV-GRV01,GRV01-VLV05,Ball Valve 25mm,TCMG-PP-GR-GRAV-GRV01,25V01-V254,,,,,,,,,,,,,,,,,,,
6,TCMG,Processing Plant,REC,Gold Recovery,Gravity Circuit,GRV01 Gravity Ancillary,TCMG-PP-GR-GRAV-GRV01,GRV01-VLV06,Ball Valve 25mm,TCMG-PP-GR-GRAV-GRV01,25V01-V255,,,,,,,,,,,,,,,,,,,
6,TCMG,Processing Plant,REC,Gold Recovery,Gravity Circuit,GRV01 Gravity Ancillary,TCMG-PP-GR-GRAV-GRV01,GRV01-VLV11,80mm Valve,TCMG-PP-GR-GRAV-GRV01,80V04-V256,,,,,,,,,,,,,,,,,,,
6,TCMG,Processing Plant,REC,Gold Recovery,Gravity Circuit,GRV01 Gravity Ancillary,TCMG-PP-GR-GRAV-GRV01,GRV01-VLV10,Check Valve 50mm,TCMG-PP-GR-GRAV-GRV01,50V08-V261,,,,,,,,,,,,,,,,,,,
6,TCMG,Processing Plant,REC,Gold Recovery,Gravity Circuit,GRV01 Gravity Ancillary,TCMG-PP-GR-GRAV-GRV01,GRV01-VLV07,Ball Valve 50mm,TCMG-PP-GR-GRAV-GRV01,50V01-V252,,,,,,,,,,,,,,,,,,,
6,TCMG,Processing Plant,REC,Gold Recovery,Gravity Circuit,GRV01 Gravity Ancillary,TCMG-PP-GR-GRAV-GRV01,GRV01-PI01,Pressure Indicator,TCMG-PP-GR-GRAV-GRV01,PI (multiple),,,,,,,,,,,,,,,,,,,
6,TCMG,Processing Plant,REC,Gold Recovery,Gravity Circuit,GRV01 Gravity Ancillary,TCMG-PP-GR-GRAV-GRV01,GRV01-PIPE09,Pipe – Process Water DN110 HDPE,TCMG-PP-GR-GRAV-GRV01,101-WPW-HD1-110-PN12.5,,,,,,,,,,,,,,,,,,,
6,TCMG,Processing Plant,REC,Gold Recovery,Gravity Circuit,GRV01 Gravity Ancillary,TCMG-PP-GR-GRAV-GRV01,GRV01-PIPE12,Pipe – Process Water DN50 HDPE,TCMG-PP-GR-GRAV-GRV01,WPW-HD1-50-PN12.5,,,,,,,,,,,,,,,,,,,
6,TCMG,Processing Plant,REC,Gold Recovery,Gravity Circuit,GRV01 Gravity Ancillary,TCMG-PP-GR-GRAV-GRV01,GRV01-PIPE10,Pipe – Plant Air (Poly),TCMG-PP-GR-GRAV-GRV01,102-AI-POL-15-PN12.5,,,,,,,,,,,,,,,,,,,
6,TCMG,Processing Plant,REC,Gold Recovery,Gravity Circuit,GRV01 Gravity Ancillary,TCMG-PP-GR-GRAV-GRV01,GRV01-PIPE11,Pipe – HD Service Line DN50,TCMG-PP-GR-GRAV-GRV01,HD1-50-PN12.5,,,,,,,,,,,,,,,,,,,
6,TCMG,Processing Plant,REC,Gold Recovery,Gravity Circuit,GRV01 Gravity Ancillary,TCMG-PP-GR-GRAV-GRV01,GRV01-PIPE13,Pipe – Process Water (Table Room),TCMG-PP-GR-GRAV-GRV01,WPW-HD1-63-PN10,,,,,,,,,,,,,,,,,,,
4,TCMG,Processing Plant,REC,Gold Recovery,CIP,,,,,,,,,,,,,,,,,,,,,,,,,
5,TCMG,Processing Plant,REC,Gold Recovery,CIP,TSCN01 Trash Screen,TCMG-PP-GR-CIP-TSCN01,,,,,,,,,,,,,,,,,,,,,,,
6,TCMG,Processing Plant,REC,Gold Recovery,CIP,TSCN01 Trash Screen,TCMG-PP-GR-CIP-TSCN01,TSCN01-CHU01,Trash Screen Feed Box,TCMG-PP-GR-CIP-TSCN01,05-CH-001,,,,,,,,,,,,,,,,,,,
6,TCMG,Processing Plant,REC,Gold Recovery,CIP,TSCN01 Trash Screen,TCMG-PP-GR-CIP-TSCN01,TSCN01-SCN01,Trash Screen,TCMG-PP-GR-CIP-TSCN01,05-SC-001,,,,,,,,,,,,,,,,,,,
6,TCMG,Processing Plant,REC,Gold Recovery,CIP,TSCN01 Trash Screen,TCMG-PP-GR-CIP-TSCN01,TSCN01-CHU02,Trash Screen Oversize Chute,TCMG-PP-GR-CIP-TSCN01,05-CH-002,,,,,,,,,,,,,,,,,,,
6,TCMG,Processing Plant,REC,Gold Recovery,CIP,TSCN01 Trash Screen,TCMG-PP-GR-CIP-TSCN01,TSCN01-PIPE01,Pipe – Trash Screen O/S line,TCMG-PP-GR-CIP-TSCN01,005-SP-HD2-200-PN10,,,,,,,,,,,,,,,,,,,
6,TCMG,Processing Plant,REC,Gold Recovery,CIP,TSCN01 Trash Screen,TCMG-PP-GR-CIP-TSCN01,TSCN01-SCN01-EXA,CIP Trash Screen Exciter A,TCMG-PP-GR-CIP-TSCN01,,,,,,,,,,,,,,,,,,,,
6,TCMG,Processing Plant,REC,Gold Recovery,CIP,TSCN01 Trash Screen,TCMG-PP-GR-CIP-TSCN01,TSCN01-SCN01-EXB,CIP Trash Screen Exciter B,TCMG-PP-GR-CIP-TSCN01,,,,,,,,,,,,,,,,,,,,
6,TCMG,Processing Plant,REC,Gold Recovery,CIP,TSCN01 Trash Screen,TCMG-PP-GR-CIP-TSCN01,TSCN01-SCN01-SB,CIP Trash Screen Spray Bars,TCMG-PP-GR-CIP-TSCN01,,,,,,,,,,,,,,,,,,,,
7,TCMG,Processing Plant,REC,Gold Recovery,CIP,TSCN01 Trash Screen,TCMG-PP-GR-CIP-TSCN01,TSCN01-SCN01-SB,CIP Trash Screen Spray Bars,TCMG-PP-GR-CIP-TSCN01,,,Trash Screen,Uras 3.7kW 4 Pole Out of Balance Motor,,KEE 74-4,,,,,,,,,,,,,,,
7,TCMG,Processing Plant,REC,Gold Recovery,CIP,TSCN01 Trash Screen,TCMG-PP-GR-CIP-TSCN01,TSCN01-SCN01-SB,CIP Trash Screen Spray Bars,TCMG-PP-GR-CIP-TSCN01,,,Trash Screen,Exciter Bolt Assembly,,EXBA-361400,,,,,,,,,,,,,,,
7,TCMG,Processing Plant,REC,Gold Recovery,CIP,TSCN01 Trash Screen,TCMG-PP-GR-CIP-TSCN01,TSCN01-SCN01-SB,CIP Trash Screen Spray Bars,TCMG-PP-GR-CIP-TSCN01,,,Trash Screen,Screen Panel Module 0.63mm apt XF,,OF-E1381-0.63XF,,,,,,,,,,,,,,,
7,TCMG,Processing Plant,REC,Gold Recovery,CIP,TSCN01 Trash Screen,TCMG-PP-GR-CIP-TSCN01,TSCN01-SCN01-SB,CIP Trash Screen Spray Bars,TCMG-PP-GR-CIP-TSCN01,,,Trash Screen,Blank Discharge Panel 305 L,,OF-E1496-305,,,,,,,,,,,,,,,
7,TCMG,Processing Plant,REC,Gold Recovery,CIP,TSCN01 Trash Screen,TCMG-PP-GR-CIP-TSCN01,TSCN01-SCN01-SB,CIP Trash Screen Spray Bars,TCMG-PP-GR-CIP-TSCN01,,,Trash Screen,Fixing Rail - 1217L,,OF-E1397,,,,,,,,,,,,,,,
7,TCMG,Processing Plant,REC,Gold Recovery,CIP,TSCN01 Trash Screen,TCMG-PP-GR-CIP-TSCN01,TSCN01-SCN01-SB,CIP Trash Screen Spray Bars,TCMG-PP-GR-CIP-TSCN01,,,Trash Screen,Fixing Rail - 305L,,OF-E2415-305,,,,,,,,,,,,,,,
7,TCMG,Processing Plant,REC,Gold Recovery,CIP,TSCN01 Trash Screen,TCMG-PP-GR-CIP-TSCN01,TSCN01-SCN01-SB,CIP Trash Screen Spray Bars,TCMG-PP-GR-CIP-TSCN01,,,Trash Screen,Side Clamp Bar 1219L,,OF-E1427,,,,,,,,,,,,,,,
7,TCMG,Processing Plant,REC,Gold Recovery,CIP,TSCN01 Trash Screen,TCMG-PP-GR-CIP-TSCN01,TSCN01-SCN01-SB,CIP Trash Screen Spray Bars,TCMG-PP-GR-CIP-TSCN01,,,Trash Screen,Locking Strip 1230L,,OF-E1725-F-RD,,,,,,,,,,,,,,,
7,TCMG,Processing Plant,REC,Gold Recovery,CIP,TSCN01 Trash Screen,TCMG-PP-GR-CIP-TSCN01,TSCN01-SCN01-SB,CIP Trash Screen Spray Bars,TCMG-PP-GR-CIP-TSCN01,,,Trash Screen,Side Clamp Bar Discharge 1219L,,OF-E1805,,,,,,,,,,,,,,,
7,TCMG,Processing Plant,REC,Gold Recovery,CIP,TSCN01 Trash Screen,TCMG-PP-GR-CIP-TSCN01,TSCN01-SCN01-SB,CIP Trash Screen Spray Bars,TCMG-PP-GR-CIP-TSCN01,,,Trash Screen,Side Clamp Bar 1524L,,OF-E1914,,,,,,,,,,,,,,,
7,TCMG,Processing Plant,REC,Gold Recovery,CIP,TSCN01 Trash Screen,TCMG-PP-GR-CIP-TSCN01,TSCN01-SCN01-SB,CIP Trash Screen Spray Bars,TCMG-PP-GR-CIP-TSCN01,,,Trash Screen,Centre Protection Cover - 1217L,,OF-E2081-1217,,,,,,,,,,,,,,,
7,TCMG,Processing Plant,REC,Gold Recovery,CIP,TSCN01 Trash Screen,TCMG-PP-GR-CIP-TSCN01,TSCN01-SCN01-SB,CIP Trash Screen Spray Bars,TCMG-PP-GR-CIP-TSCN01,,,Trash Screen,Centre Protection Cover - 280L,,OF-E3643-280,,,,,,,,,,,,,,,
7,TCMG,Processing Plant,REC,Gold Recovery,CIP,TSCN01 Trash Screen,TCMG-PP-GR-CIP-TSCN01,TSCN01-SCN01-SB,CIP Trash Screen Spray Bars,TCMG-PP-GR-CIP-TSCN01,,,Trash Screen,Wedge Bracket c/w Bolt Assemblies,,OF-E1429,,,,,,,,,,,,,,,
7,TCMG,Processing Plant,REC,Gold Recovery,CIP,TSCN01 Trash Screen,TCMG-PP-GR-CIP-TSCN01,TSCN01-SCN01-SB,CIP Trash Screen Spray Bars,TCMG-PP-GR-CIP-TSCN01,,,Trash Screen,Isolation Spring 92ID x 225mm Height,,SPX-105-225,,,,,,,,,,,,,,,
5,TCMG,Processing Plant,REC,Gold Recovery,CIP,LCH01 Leach Tanks,TCMG-PP-GR-CIP-LCH01,,,,,,,,,,,,,,,,,,,,,,,
6,TCMG,Processing Plant,REC,Gold Recovery,CIP,LCH01 Leach Tanks,TCMG-PP-GR-CIP-LCH01,LCH01-TK01,Leach Tank 1,TCMG-PP-GR-CIP-LCH01,05-TK-001,,,,,,,,,,,,,,,,,,,
6,TCMG,Processing Plant,REC,Gold Recovery,CIP,LCH01 Leach Tanks,TCMG-PP-GR-CIP-LCH01,LCH01-TK01-AGT01,Leach Tank 1 Agitator,TCMG-PP-GR-CIP-LCH01,05-AG-001,,,,,,,,,,,,,,,,,,,
7,TCMG,Processing Plant,REC,Gold Recovery,CIP,LCH01 Leach Tanks,TCMG-PP-GR-CIP-LCH01,LCH01-TK01-AGT01,Leach Tank 1 Agitator,TCMG-PP-GR-CIP-LCH01,,,Motor 180L,Motor 180L,,MTE36 W22M,,,,,,,,,,,,,,,
7,TCMG,Processing Plant,REC,Gold Recovery,CIP,LCH01 Leach Tanks,TCMG-PP-GR-CIP-LCH01,LCH01-TK01-AGT01,Leach Tank 1 Agitator,TCMG-PP-GR-CIP-LCH01,,,Geabox Incl Coupling Half & Motor Adapter,Geabox Incl Coupling Half & Motor Adapter,,MC4350/01/GBOX/1167,,,,,,,,,,,,,,,
7,TCMG,Processing Plant,REC,Gold Recovery,CIP,LCH01 Leach Tanks,TCMG-PP-GR-CIP-LCH01,LCH01-TK01-AGT01,Leach Tank 1 Agitator,TCMG-PP-GR-CIP-LCH01,,,Agitator Shaft,Agitator Shaft,,MC4350/01/SHAFT,,,,,,,,,,,,,,,
7,TCMG,Processing Plant,REC,Gold Recovery,CIP,LCH01 Leach Tanks,TCMG-PP-GR-CIP-LCH01,LCH01-TK01-AGT01,Leach Tank 1 Agitator,TCMG-PP-GR-CIP-LCH01,,,Impeller Blades Per Set,Impeller Blades Per Set,,MC4350/01/HA715,,,,,,,,,,,,,,,
7,TCMG,Processing Plant,REC,Gold Recovery,CIP,LCH01 Leach Tanks,TCMG-PP-GR-CIP-LCH01,LCH01-TK01-AGT01,Leach Tank 1 Agitator,TCMG-PP-GR-CIP-LCH01,,,Impeller Blades Per Set,Impeller Blades Per Set,,MC4350/01/HA800,,,,,,,,,,,,,,,
6,TCMG,Processing Plant,REC,Gold Recovery,CIP,LCH01 Leach Tanks,TCMG-PP-GR-CIP-LCH01,LCH01-TK01-NZL01,Air Sparge Nozzles (Leach Tank 1),TCMG-PP-GR-CIP-LCH01,05-XM-001,,,,,,,,,,,,,,,,,,,
6,TCMG,Processing Plant,REC,Gold Recovery,CIP,LCH01 Leach Tanks,TCMG-PP-GR-CIP-LCH01,LCH01-TK01-PH,Leach Tank 1 PH Probe,TCMG-PP-GR-CIP-LCH01,,,,,,,,,,,,,,,,,,,,
6,TCMG,Processing Plant,REC,Gold Recovery,CIP,LCH01 Leach Tanks,TCMG-PP-GR-CIP-LCH01,LCH01-TK02,Leach Tank 2,TCMG-PP-GR-CIP-LCH01,05-TK-002,,,,,,,,,,,,,,,,,,,
6,TCMG,Processing Plant,REC,Gold Recovery,CIP,LCH01 Leach Tanks,TCMG-PP-GR-CIP-LCH01,LCH01-TK02-AGT01,Leach Tank 2 Agitator,TCMG-PP-GR-CIP-LCH01,05-AG-002,,,,,,,,,,,,,,,,,,,
7,TCMG,Processing Plant,REC,Gold Recovery,CIP,LCH01 Leach Tanks,TCMG-PP-GR-CIP-LCH01,LCH01-TK02-AGT01,Leach Tank 2 Agitator,TCMG-PP-GR-CIP-LCH01,,,Motor 180L,Motor 180L,,MTE36 W22M,,,,,,,,,,,,,,,
7,TCMG,Processing Plant,REC,Gold Recovery,CIP,LCH01 Leach Tanks,TCMG-PP-GR-CIP-LCH01,LCH01-TK02-AGT01,Leach Tank 2 Agitator,TCMG-PP-GR-CIP-LCH01,,,Geabox Incl Coupling Half & Motor Adapter,Geabox Incl Coupling Half & Motor Adapter,,MC4350/01/GBOX/1167,,,,,,,,,,,,,,,
7,TCMG,Processing Plant,REC,Gold Recovery,CIP,LCH01 Leach Tanks,TCMG-PP-GR-CIP-LCH01,LCH01-TK02-AGT01,Leach Tank 2 Agitator,TCMG-PP-GR-CIP-LCH01,,,Agitator Shaft,Agitator Shaft,,MC4350/01/SHAFT,,,,,,,,,,,,,,,
7,TCMG,Processing Plant,REC,Gold Recovery,CIP,LCH01 Leach Tanks,TCMG-PP-GR-CIP-LCH01,LCH01-TK02-AGT01,Leach Tank 2 Agitator,TCMG-PP-GR-CIP-LCH01,,,Impeller Blades Per Set,Impeller Blades Per Set,,MC4350/01/HA715,,,,,,,,,,,,,,,
7,TCMG,Processing Plant,REC,Gold Recovery,CIP,LCH01 Leach Tanks,TCMG-PP-GR-CIP-LCH01,LCH01-TK02-AGT01,Leach Tank 2 Agitator,TCMG-PP-GR-CIP-LCH01,,,Impeller Blades Per Set,Impeller Blades Per Set,,MC4350/01/HA800,,,,,,,,,,,,,,,
6,TCMG,Processing Plant,REC,Gold Recovery,CIP,LCH01 Leach Tanks,TCMG-PP-GR-CIP-LCH01,LCH01-TK02-NZL01,Leach Tank 2 Air Sparge Nozzles,TCMG-PP-GR-CIP-LCH01,05-XM-002,,,,,,,,,,,,,,,,,,,
5,TCMG,Processing Plant,REC,Gold Recovery,CIP,LCA01 Leaching Ancillary,TCMG-PP-GR-CIP-LCANC01,,,,,,,,,,,,,,,,,,,,,,,
6,TCMG,Processing Plant,REC,Gold Recovery,CIP,LCA01 Leaching Ancillary,TCMG-PP-GR-CIP-LCANC01,LCA01-PMP01,CIP Area Sump Pump,TCMG-PP-GR-CIP-LCANC01,05-PU-003,,,,,,,,,,,,,,,,,,,
7,TCMG,Processing Plant,REC,Gold Recovery,CIP,LCA01 Leaching Ancillary,TCMG-PP-GR-CIP-LCANC01,LCA01-PMP01,CIP Area Sump Pump,TCMG-PP-GR-CIP-LCANC01,,,Belts,Belts,,SPA 1250,,,,,,,,,,,,,,,
7,TCMG,Processing Plant,REC,Gold Recovery,CIP,LCA01 Leaching Ancillary,TCMG-PP-GR-CIP-LCANC01,LCA01-PMP01,CIP Area Sump Pump,TCMG-PP-GR-CIP-LCANC01,,,Impeller/Flinger,Impeller/Flinger,,QVR184S44,,,,,,,,,,,,,,,
7,TCMG,Processing Plant,REC,Gold Recovery,CIP,LCA01 Leaching Ancillary,TCMG-PP-GR-CIP-LCANC01,LCA01-PMP01,CIP Area Sump Pump,TCMG-PP-GR-CIP-LCANC01,,,Back Liner,Back Liner,,SPR65041S21,,,,,,,,,,,,,,,
7,TCMG,Processing Plant,REC,Gold Recovery,CIP,LCA01 Leaching Ancillary,TCMG-PP-GR-CIP-LCANC01,LCA01-PMP01,CIP Area Sump Pump,TCMG-PP-GR-CIP-LCANC01,,,Casing,Casing,,SPR65092S21,,,,,,,,,,,,,,,
7,TCMG,Processing Plant,REC,Gold Recovery,CIP,LCA01 Leaching Ancillary,TCMG-PP-GR-CIP-LCANC01,LCA01-PMP01,CIP Area Sump Pump,TCMG-PP-GR-CIP-LCANC01,,,Impeller O-ring,Impeller O-ring,,26T36N127,,,,,,,,,,,,,,,
7,TCMG,Processing Plant,REC,Gold Recovery,CIP,LCA01 Leaching Ancillary,TCMG-PP-GR-CIP-LCANC01,LCA01-PMP01,CIP Area Sump Pump,TCMG-PP-GR-CIP-LCANC01,,,Discharge pipe clamp,Discharge pipe clamp,,SPR65153S21,,,,,,,,,,,,,,,
7,TCMG,Processing Plant,REC,Gold Recovery,CIP,LCA01 Leaching Ancillary,TCMG-PP-GR-CIP-LCANC01,LCA01-PMP01,CIP Area Sump Pump,TCMG-PP-GR-CIP-LCANC01,,,Socket head protector,Socket head protector,,M20-291S42,,,,,,,,,,,,,,,
7,TCMG,Processing Plant,REC,Gold Recovery,CIP,LCA01 Leaching Ancillary,TCMG-PP-GR-CIP-LCANC01,LCA01-PMP01,CIP Area Sump Pump,TCMG-PP-GR-CIP-LCANC01,,,Hex socket head cap screw,Hex socket head cap screw,,M20A4-80S,,,,,,,,,,,,,,,
7,TCMG,Processing Plant,REC,Gold Recovery,CIP,LCA01 Leaching Ancillary,TCMG-PP-GR-CIP-LCANC01,LCA01-PMP01,CIP Area Sump Pump,TCMG-PP-GR-CIP-LCANC01,,,Strainer lower,Strainer lower,,SPR65116LAUC23,,,,,,,,,,,,,,,
7,TCMG,Processing Plant,REC,Gold Recovery,CIP,LCA01 Leaching Ancillary,TCMG-PP-GR-CIP-LCANC01,LCA01-PMP01,CIP Area Sump Pump,TCMG-PP-GR-CIP-LCANC01,,,Strainer upper,Strainer upper,,SPR65116,,,,,,,,,,,,,,,
6,TCMG,Processing Plant,REC,Gold Recovery,CIP,LCA01 Leaching Ancillary,TCMG-PP-GR-CIP-LCANC01,LCA01-SHW01,CIP Area 1 Safety Shower,TCMG-PP-GR-CIP-LCANC01,05-SS-001,,,,,,,,,,,,,,,,,,,
6,TCMG,Processing Plant,REC,Gold Recovery,CIP,LCA01 Leaching Ancillary,TCMG-PP-GR-CIP-LCANC01,LCA01-SHW02,CIP Area 2 Safety Shower,TCMG-PP-GR-CIP-LCANC01,05-SS-002,,,,,,,,,,,,,,,,,,,
7,TCMG,Processing Plant,REC,Gold Recovery,CIP,LCA01 Leaching Ancillary,TCMG-PP-GR-CIP-LCANC01,LCA01-SHW02,CIP Area 2 Safety Shower,TCMG-PP-GR-CIP-LCANC01,,,Full Unit,Full Unit,,SE607,,,,,,,,,,,,,,,
6,TCMG,Processing Plant,REC,Gold Recovery,CIP,LCA01 Leaching Ancillary,TCMG-PP-GR-CIP-LCANC01,LCA01-VLV08,Ball Valve 50mm,TCMG-PP-GR-CIP-LCANC01,50V01-V001,,,,,,,,,,,,,,,,,,,
6,TCMG,Processing Plant,REC,Gold Recovery,CIP,LCA01 Leaching Ancillary,TCMG-PP-GR-CIP-LCANC01,LCA01-VLV05,Ball Valve 25mm,TCMG-PP-GR-CIP-LCANC01,25V01-V003,,,,,,,,,,,,,,,,,,,
6,TCMG,Processing Plant,REC,Gold Recovery,CIP,LCA01 Leaching Ancillary,TCMG-PP-GR-CIP-LCANC01,LCA01-VLV06,Ball Valve 25mm,TCMG-PP-GR-CIP-LCANC01,25V02-V005,,,,,,,,,,,,,,,,,,,
6,TCMG,Processing Plant,REC,Gold Recovery,CIP,LCA01 Leaching Ancillary,TCMG-PP-GR-CIP-LCANC01,LCA01-VLV09,Butterfly Valve 80mm,TCMG-PP-GR-CIP-LCANC01,80V05-V006,,,,,,,,,,,,,,,,,,,
6,TCMG,Processing Plant,REC,Gold Recovery,CIP,LCA01 Leaching Ancillary,TCMG-PP-GR-CIP-LCANC01,LCA01-VLV10,Butterfly Valve 80mm,TCMG-PP-GR-CIP-LCANC01,80V05-V007,,,,,,,,,,,,,,,,,,,
6,TCMG,Processing Plant,REC,Gold Recovery,CIP,LCA01 Leaching Ancillary,TCMG-PP-GR-CIP-LCANC01,LCA01-VLV01,Solenoid Valve 15mm,TCMG-PP-GR-CIP-LCANC01,15SV05-V008,,,,,,,,,,,,,,,,,,,
6,TCMG,Processing Plant,REC,Gold Recovery,CIP,LCA01 Leaching Ancillary,TCMG-PP-GR-CIP-LCANC01,LCA01-VLV02,Solenoid Valve 15mm,TCMG-PP-GR-CIP-LCANC01,15SV05-V998,,,,,,,,,,,,,,,,,,,
6,TCMG,Processing Plant,REC,Gold Recovery,CIP,LCA01 Leaching Ancillary,TCMG-PP-GR-CIP-LCANC01,LCA01-VLV03,Ball Valve 15mm,TCMG-PP-GR-CIP-LCANC01,15V05-V012,,,,,,,,,,,,,,,,,,,
6,TCMG,Processing Plant,REC,Gold Recovery,CIP,LCA01 Leaching Ancillary,TCMG-PP-GR-CIP-LCANC01,LCA01-VLV07,Ball Valve (CIP Area top of tanks),TCMG-PP-GR-CIP-LCANC01,4V01,,,,,,,,,,,,,,,,,,,
6,TCMG,Processing Plant,REC,Gold Recovery,CIP,LCA01 Leaching Ancillary,TCMG-PP-GR-CIP-LCANC01,LCA01-VLV11,Launder Valve (multiple),TCMG-PP-GR-CIP-LCANC01,V16,,,,,,,,,,,,,,,,,,,
6,TCMG,Processing Plant,REC,Gold Recovery,CIP,LCA01 Leaching Ancillary,TCMG-PP-GR-CIP-LCANC01,LCA01-VLV04,Service Point,TCMG-PP-GR-CIP-LCANC01,25V01-SERVICE POINT,,,,,,,,,,,,,,,,,,,
6,TCMG,Processing Plant,REC,Gold Recovery,CIP,LCA01 Leaching Ancillary,TCMG-PP-GR-CIP-LCANC01,LCA01-PIPE09,Pipe – Process Water Supply (CIP Leaching Area),TCMG-PP-GR-CIP-LCANC01,017-WPW-HD1-110-PN10,,,,,,,,,,,,,,,,,,,
6,TCMG,Processing Plant,REC,Gold Recovery,CIP,LCA01 Leaching Ancillary,TCMG-PP-GR-CIP-LCANC01,LCA01-PIPE04,Pipe – Slurry Transfer (Leaching Area),TCMG-PP-GR-CIP-LCANC01,003-SP-HD2-180-PN12.5,,,,,,,,,,,,,,,,,,,
6,TCMG,Processing Plant,REC,Gold Recovery,CIP,LCA01 Leaching Ancillary,TCMG-PP-GR-CIP-LCANC01,LCA01-PIPE10,Pipe – Cyanide Dosing Supply (CIP Area),TCMG-PP-GR-CIP-LCANC01,037-RCN-CS3-40-PN12.5,,,,,,,,,,,,,,,,,,,
6,TCMG,Processing Plant,REC,Gold Recovery,CIP,LCA01 Leaching Ancillary,TCMG-PP-GR-CIP-LCANC01,LCA01-PIPE16,Pipe – Plant Air Supply (CIP Leaching Area),TCMG-PP-GR-CIP-LCANC01,114-AI-HD1-63-PN12.5,,,,,,,,,,,,,,,,,,,
6,TCMG,Processing Plant,REC,Gold Recovery,CIP,LCA01 Leaching Ancillary,TCMG-PP-GR-CIP-LCANC01,LCA01-PIPE12,Pipe – Instrument Air DN6 (Line 096),TCMG-PP-GR-CIP-LCANC01,096-AI-HD1-6-PN10,,,,,,,,,,,,,,,,,,,
6,TCMG,Processing Plant,REC,Gold Recovery,CIP,LCA01 Leaching Ancillary,TCMG-PP-GR-CIP-LCANC01,LCA01-PIPE14,Pipe – Slurry Transfer (small bore),TCMG-PP-GR-CIP-LCANC01,098-SP-HD2-8-PN10,,,,,,,,,,,,,,,,,,,
6,TCMG,Processing Plant,REC,Gold Recovery,CIP,LCA01 Leaching Ancillary,TCMG-PP-GR-CIP-LCANC01,LCA01-PIPE06,Pipe – CIP Area Sump Discharge,TCMG-PP-GR-CIP-LCANC01,008-SU-HD1-90-PN10,,,,,,,,,,,,,,,,,,,
6,TCMG,Processing Plant,REC,Gold Recovery,CIP,LCA01 Leaching Ancillary,TCMG-PP-GR-CIP-LCANC01,LCA01-PIPE17,Pipe – Sump Discharge (from elution),TCMG-PP-GR-CIP-LCANC01,129-SU-HD1-63-PN12.5,,,,,,,,,,,,,,,,,,,
6,TCMG,Processing Plant,REC,Gold Recovery,CIP,LCA01 Leaching Ancillary,TCMG-PP-GR-CIP-LCANC01,LCA01-PIPE05,Pipe – Sump Discharge DN90 (Line 007),TCMG-PP-GR-CIP-LCANC01,007-SU-HD1-90-PN10,,,,,,,,,,,,,,,,,,,
6,TCMG,Processing Plant,REC,Gold Recovery,CIP,LCA01 Leaching Ancillary,TCMG-PP-GR-CIP-LCANC01,LCA01-PIPE08,Pipe – Sump Discharge DN90 HD3 (Line 015),TCMG-PP-GR-CIP-LCANC01,015-SU-HD3-90-PN10,,,,,,,,,,,,,,,,,,,
6,TCMG,Processing Plant,REC,Gold Recovery,CIP,LCA01 Leaching Ancillary,TCMG-PP-GR-CIP-LCANC01,LCA01-PIPE11,Pipe – Safety Shower Water Supply (CIP Area),TCMG-PP-GR-CIP-LCANC01,046-WPOT-HD1-63-PN8,,,,,,,,,,,,,,,,,,,
6,TCMG,Processing Plant,REC,Gold Recovery,CIP,LCA01 Leaching Ancillary,TCMG-PP-GR-CIP-LCANC01,LCA01-PIPE07,Pipe – Plant Air (Poly),TCMG-PP-GR-CIP-LCANC01,015-AC-POL-63-PN12.5,,,,,,,,,,,,,,,,,,,
6,TCMG,Processing Plant,REC,Gold Recovery,CIP,LCA01 Leaching Ancillary,TCMG-PP-GR-CIP-LCANC01,LCA01-CNAY01,Cyanide Analyser Refer Dwg,TCMG-PP-GR-CIP-LCH01,CYANIDE ANALYSER,,,,,,,,,,,,,,,,,,,
5,TCMG,Processing Plant,REC,Gold Recovery,CIP,CIP01 CIP Tanks & Agitators,TCMG-PP-GR-CIP-CIP01,,,,,,,,,,,,,,,,,,,,,,,
6,TCMG,Processing Plant,REC,Gold Recovery,CIP,CIP01 CIP Tanks & Agitators,TCMG-PP-GR-CIP-CIP01,CIP01-TK03,CIP Tank 1,TCMG-PP-GR-CIP-CIP01,05-TK-003,,,,,,,,,,,,,,,,,,,
6,TCMG,Processing Plant,REC,Gold Recovery,CIP,CIP01 CIP Tanks & Agitators,TCMG-PP-GR-CIP-CIP01,CIP01-TK04,CIP Tank 2,TCMG-PP-GR-CIP-CIP01,05-TK-004,,,,,,,,,,,,,,,,,,,
6,TCMG,Processing Plant,REC,Gold Recovery,CIP,CIP01 CIP Tanks & Agitators,TCMG-PP-GR-CIP-CIP01,CIP01-TK05,CIP Tank 3,TCMG-PP-GR-CIP-CIP01,05-TK-005,,,,,,,,,,,,,,,,,,,
6,TCMG,Processing Plant,REC,Gold Recovery,CIP,CIP01 CIP Tanks & Agitators,TCMG-PP-GR-CIP-CIP01,CIP01-TK06,CIP Tank 4,TCMG-PP-GR-CIP-CIP01,05-TK-006,,,,,,,,,,,,,,,,,,,
6,TCMG,Processing Plant,REC,Gold Recovery,CIP,CIP01 CIP Tanks & Agitators,TCMG-PP-GR-CIP-CIP01,CIP01-TK07,CIP Tank 5,TCMG-PP-GR-CIP-CIP01,05-TK-007,,,,,,,,,,,,,,,,,,,
6,TCMG,Processing Plant,REC,Gold Recovery,CIP,CIP01 CIP Tanks & Agitators,TCMG-PP-GR-CIP-CIP01,CIP01-TK08,CIP Tank 6,TCMG-PP-GR-CIP-CIP01,05-TK-008,,,,,,,,,,,,,,,,,,,
6,TCMG,Processing Plant,REC,Gold Recovery,CIP,CIP01 CIP Tanks & Agitators,TCMG-PP-GR-CIP-CIP01,CIP01-TK03-AGT01,CIP Tank 1 Agitator,TCMG-PP-GR-CIP-CIP01,05-AG-003,,,,,,,,,,,,,,,,,,,
7,TCMG,Processing Plant,REC,Gold Recovery,CIP,CIP01 CIP Tanks & Agitators,TCMG-PP-GR-CIP-CIP01,CIP01-TK03-AGT01,CIP Tank 1 Agitator,TCMG-PP-GR-CIP-CIP01,,,Motor 180L,Motor 180L,,MTE36 W22M,,,,,,,,,,,,,,,
7,TCMG,Processing Plant,REC,Gold Recovery,CIP,CIP01 CIP Tanks & Agitators,TCMG-PP-GR-CIP-CIP01,CIP01-TK03-AGT01,CIP Tank 1 Agitator,TCMG-PP-GR-CIP-CIP01,,,Geabox Incl Coupling Half & Motor Adapter,Geabox Incl Coupling Half & Motor Adapter,,MC4350/01/GBOX/1167,,,,,,,,,,,,,,,
7,TCMG,Processing Plant,REC,Gold Recovery,CIP,CIP01 CIP Tanks & Agitators,TCMG-PP-GR-CIP-CIP01,CIP01-TK03-AGT01,CIP Tank 1 Agitator,TCMG-PP-GR-CIP-CIP01,,,Agitator Shaft,Agitator Shaft,,MC4350/01/SHAFT,,,,,,,,,,,,,,,
7,TCMG,Processing Plant,REC,Gold Recovery,CIP,CIP01 CIP Tanks & Agitators,TCMG-PP-GR-CIP-CIP01,CIP01-TK03-AGT01,CIP Tank 1 Agitator,TCMG-PP-GR-CIP-CIP01,,,Impeller Blades Per Set,Impeller Blades Per Set,,MC4350/01/HA715,,,,,,,,,,,,,,,
7,TCMG,Processing Plant,REC,Gold Recovery,CIP,CIP01 CIP Tanks & Agitators,TCMG-PP-GR-CIP-CIP01,CIP01-TK03-AGT01,CIP Tank 1 Agitator,TCMG-PP-GR-CIP-CIP01,,,Impeller Blades Per Set,Impeller Blades Per Set,,MC4350/01/HA800,,,,,,,,,,,,,,,
6,TCMG,Processing Plant,REC,Gold Recovery,CIP,CIP01 CIP Tanks & Agitators,TCMG-PP-GR-CIP-CIP01,CIP01-TK04-AGT01,CIP Tank 2 Agitator,TCMG-PP-GR-CIP-CIP01,05-AG-004,,,,,,,,,,,,,,,,,,,
7,TCMG,Processing Plant,REC,Gold Recovery,CIP,CIP01 CIP Tanks & Agitators,TCMG-PP-GR-CIP-CIP01,CIP01-TK04-AGT01,CIP Tank 2 Agitator,TCMG-PP-GR-CIP-CIP01,,,Motor 180L,Motor 180L,,MTE36 W22M,,,,,,,,,,,,,,,
7,TCMG,Processing Plant,REC,Gold Recovery,CIP,CIP01 CIP Tanks & Agitators,TCMG-PP-GR-CIP-CIP01,CIP01-TK04-AGT01,CIP Tank 2 Agitator,TCMG-PP-GR-CIP-CIP01,,,Geabox Incl Coupling Half & Motor Adapter,Geabox Incl Coupling Half & Motor Adapter,,MC4350/01/GBOX/1167,,,,,,,,,,,,,,,
7,TCMG,Processing Plant,REC,Gold Recovery,CIP,CIP01 CIP Tanks & Agitators,TCMG-PP-GR-CIP-CIP01,CIP01-TK04-AGT01,CIP Tank 2 Agitator,TCMG-PP-GR-CIP-CIP01,,,Agitator Shaft,Agitator Shaft,,MC4350/01/SHAFT,,,,,,,,,,,,,,,
7,TCMG,Processing Plant,REC,Gold Recovery,CIP,CIP01 CIP Tanks & Agitators,TCMG-PP-GR-CIP-CIP01,CIP01-TK04-AGT01,CIP Tank 2 Agitator,TCMG-PP-GR-CIP-CIP01,,,Impeller Blades Per Set,Impeller Blades Per Set,,MC4350/01/HA715,,,,,,,,,,,,,,,
7,TCMG,Processing Plant,REC,Gold Recovery,CIP,CIP01 CIP Tanks & Agitators,TCMG-PP-GR-CIP-CIP01,CIP01-TK04-AGT01,CIP Tank 2 Agitator,TCMG-PP-GR-CIP-CIP01,,,Impeller Blades Per Set,Impeller Blades Per Set,,MC4350/01/HA800,,,,,,,,,,,,,,,
6,TCMG,Processing Plant,REC,Gold Recovery,CIP,CIP01 CIP Tanks & Agitators,TCMG-PP-GR-CIP-CIP01,CIP01-TK05-AGT01,CIP Tank 3 Agitator,TCMG-PP-GR-CIP-CIP01,05-AG-005,,,,,,,,,,,,,,,,,,,
7,TCMG,Processing Plant,REC,Gold Recovery,CIP,CIP01 CIP Tanks & Agitators,TCMG-PP-GR-CIP-CIP01,CIP01-TK05-AGT01,CIP Tank 3 Agitator,TCMG-PP-GR-CIP-CIP01,,,Motor 180L,Motor 180L,,MTE36 W22M,,,,,,,,,,,,,,,
7,TCMG,Processing Plant,REC,Gold Recovery,CIP,CIP01 CIP Tanks & Agitators,TCMG-PP-GR-CIP-CIP01,CIP01-TK05-AGT01,CIP Tank 3 Agitator,TCMG-PP-GR-CIP-CIP01,,,Geabox Incl Coupling Half & Motor Adapter,Geabox Incl Coupling Half & Motor Adapter,,MC4350/01/GBOX/1167,,,,,,,,,,,,,,,
7,TCMG,Processing Plant,REC,Gold Recovery,CIP,CIP01 CIP Tanks & Agitators,TCMG-PP-GR-CIP-CIP01,CIP01-TK05-AGT01,CIP Tank 3 Agitator,TCMG-PP-GR-CIP-CIP01,,,Agitator Shaft,Agitator Shaft,,MC4350/01/SHAFT,,,,,,,,,,,,,,,
7,TCMG,Processing Plant,REC,Gold Recovery,CIP,CIP01 CIP Tanks & Agitators,TCMG-PP-GR-CIP-CIP01,CIP01-TK05-AGT01,CIP Tank 3 Agitator,TCMG-PP-GR-CIP-CIP01,,,Impeller Blades Per Set,Impeller Blades Per Set,,MC4350/01/HA715,,,,,,,,,,,,,,,
7,TCMG,Processing Plant,REC,Gold Recovery,CIP,CIP01 CIP Tanks & Agitators,TCMG-PP-GR-CIP-CIP01,CIP01-TK05-AGT01,CIP Tank 3 Agitator,TCMG-PP-GR-CIP-CIP01,,,Impeller Blades Per Set,Impeller Blades Per Set,,MC4350/01/HA800,,,,,,,,,,,,,,,
6,TCMG,Processing Plant,REC,Gold Recovery,CIP,CIP01 CIP Tanks & Agitators,TCMG-PP-GR-CIP-CIP01,CIP01-TK06-AGT01,CIP Tank 4 Agitator,TCMG-PP-GR-CIP-CIP01,05-AG-006,,,,,,,,,,,,,,,,,,,
7,TCMG,Processing Plant,REC,Gold Recovery,CIP,CIP01 CIP Tanks & Agitators,TCMG-PP-GR-CIP-CIP01,CIP01-TK06-AGT01,CIP Tank 4 Agitator,TCMG-PP-GR-CIP-CIP01,,,Motor 180L,Motor 180L,,MTE36 W22M,,,,,,,,,,,,,,,
7,TCMG,Processing Plant,REC,Gold Recovery,CIP,CIP01 CIP Tanks & Agitators,TCMG-PP-GR-CIP-CIP01,CIP01-TK06-AGT01,CIP Tank 4 Agitator,TCMG-PP-GR-CIP-CIP01,,,Geabox Incl Coupling Half & Motor Adapter,Geabox Incl Coupling Half & Motor Adapter,,MC4350/01/GBOX/1167,,,,,,,,,,,,,,,
7,TCMG,Processing Plant,REC,Gold Recovery,CIP,CIP01 CIP Tanks & Agitators,TCMG-PP-GR-CIP-CIP01,CIP01-TK06-AGT01,CIP Tank 4 Agitator,TCMG-PP-GR-CIP-CIP01,,,Agitator Shaft,Agitator Shaft,,MC4350/01/SHAFT,,,,,,,,,,,,,,,
7,TCMG,Processing Plant,REC,Gold Recovery,CIP,CIP01 CIP Tanks & Agitators,TCMG-PP-GR-CIP-CIP01,CIP01-TK06-AGT01,CIP Tank 4 Agitator,TCMG-PP-GR-CIP-CIP01,,,Impeller Blades Per Set,Impeller Blades Per Set,,MC4350/01/HA715,,,,,,,,,,,,,,,
7,TCMG,Processing Plant,REC,Gold Recovery,CIP,CIP01 CIP Tanks & Agitators,TCMG-PP-GR-CIP-CIP01,CIP01-TK06-AGT01,CIP Tank 4 Agitator,TCMG-PP-GR-CIP-CIP01,,,Impeller Blades Per Set,Impeller Blades Per Set,,MC4350/01/HA800,,,,,,,,,,,,,,,
6,TCMG,Processing Plant,REC,Gold Recovery,CIP,CIP01 CIP Tanks & Agitators,TCMG-PP-GR-CIP-CIP01,CIP01-TK07-AGT01,CIP Tank 5 Agitator,TCMG-PP-GR-CIP-CIP01,05-AG-007,,,,,,,,,,,,,,,,,,,
7,TCMG,Processing Plant,REC,Gold Recovery,CIP,CIP01 CIP Tanks & Agitators,TCMG-PP-GR-CIP-CIP01,CIP01-TK07-AGT01,CIP Tank 5 Agitator,TCMG-PP-GR-CIP-CIP01,,,Motor 180L,Motor 180L,,MTE36 W22M,,,,,,,,,,,,,,,
7,TCMG,Processing Plant,REC,Gold Recovery,CIP,CIP01 CIP Tanks & Agitators,TCMG-PP-GR-CIP-CIP01,CIP01-TK07-AGT01,CIP Tank 5 Agitator,TCMG-PP-GR-CIP-CIP01,,,Geabox Incl Coupling Half & Motor Adapter,Geabox Incl Coupling Half & Motor Adapter,,MC4350/01/GBOX/1167,,,,,,,,,,,,,,,
7,TCMG,Processing Plant,REC,Gold Recovery,CIP,CIP01 CIP Tanks & Agitators,TCMG-PP-GR-CIP-CIP01,CIP01-TK07-AGT01,CIP Tank 5 Agitator,TCMG-PP-GR-CIP-CIP01,,,Agitator Shaft,Agitator Shaft,,MC4350/01/SHAFT,,,,,,,,,,,,,,,
7,TCMG,Processing Plant,REC,Gold Recovery,CIP,CIP01 CIP Tanks & Agitators,TCMG-PP-GR-CIP-CIP01,CIP01-TK07-AGT01,CIP Tank 5 Agitator,TCMG-PP-GR-CIP-CIP01,,,Impeller Blades Per Set,Impeller Blades Per Set,,MC4350/01/HA715,,,,,,,,,,,,,,,
7,TCMG,Processing Plant,REC,Gold Recovery,CIP,CIP01 CIP Tanks & Agitators,TCMG-PP-GR-CIP-CIP01,CIP01-TK07-AGT01,CIP Tank 5 Agitator,TCMG-PP-GR-CIP-CIP01,,,Impeller Blades Per Set,Impeller Blades Per Set,,MC4350/01/HA800,,,,,,,,,,,,,,,
6,TCMG,Processing Plant,REC,Gold Recovery,CIP,CIP01 CIP Tanks & Agitators,TCMG-PP-GR-CIP-CIP01,CIP01-TK08-AGT01,CIP Tank 6 Agitator,TCMG-PP-GR-CIP-CIP01,05-AG-008,,,,,,,,,,,,,,,,,,,
7,TCMG,Processing Plant,REC,Gold Recovery,CIP,CIP01 CIP Tanks & Agitators,TCMG-PP-GR-CIP-CIP01,CIP01-TK08-AGT01,CIP Tank 6 Agitator,TCMG-PP-GR-CIP-CIP01,,,Motor 180L,Motor 180L,,MTE36 W22M,,,,,,,,,,,,,,,
7,TCMG,Processing Plant,REC,Gold Recovery,CIP,CIP01 CIP Tanks & Agitators,TCMG-PP-GR-CIP-CIP01,CIP01-TK08-AGT01,CIP Tank 6 Agitator,TCMG-PP-GR-CIP-CIP01,,,Geabox Incl Coupling Half & Motor Adapter,Geabox Incl Coupling Half & Motor Adapter,,MC4350/01/GBOX/1167,,,,,,,,,,,,,,,
7,TCMG,Processing Plant,REC,Gold Recovery,CIP,CIP01 CIP Tanks & Agitators,TCMG-PP-GR-CIP-CIP01,CIP01-TK08-AGT01,CIP Tank 6 Agitator,TCMG-PP-GR-CIP-CIP01,,,Agitator Shaft,Agitator Shaft,,MC4350/01/SHAFT,,,,,,,,,,,,,,,
7,TCMG,Processing Plant,REC,Gold Recovery,CIP,CIP01 CIP Tanks & Agitators,TCMG-PP-GR-CIP-CIP01,CIP01-TK08-AGT01,CIP Tank 6 Agitator,TCMG-PP-GR-CIP-CIP01,,,Impeller Blades Per Set,Impeller Blades Per Set,,MC4350/01/HA715,,,,,,,,,,,,,,,
7,TCMG,Processing Plant,REC,Gold Recovery,CIP,CIP01 CIP Tanks & Agitators,TCMG-PP-GR-CIP-CIP01,CIP01-TK08-AGT01,CIP Tank 6 Agitator,TCMG-PP-GR-CIP-CIP01,,,Impeller Blades Per Set,Impeller Blades Per Set,,MC4350/01/HA800,,,,,,,,,,,,,,,
5,TCMG,Processing Plant,REC,Gold Recovery,CIP,CT01 Carbon Transfer,TCMG-PP-GR-CIP-CT01,,,,,,,,,,,,,,,,,,,,,,,
6,TCMG,Processing Plant,REC,Gold Recovery,CIP,CT01 Carbon Transfer,TCMG-PP-GR-CIP-CT01,CT01-CHU01,Carbon Safety Screen Feed Box,TCMG-PP-GR-CIP-CT01,05-CH-004,,,,,,,,,,,,,,,,,,,
6,TCMG,Processing Plant,REC,Gold Recovery,CIP,CT01 Carbon Transfer,TCMG-PP-GR-CIP-CT01,CT01-CHU02,Loaded Carbon Screen Feedbox,TCMG-PP-GR-CIP-CT01,05-CH-007,,,,,,,,,,,,,,,,,,,
6,TCMG,Processing Plant,REC,Gold Recovery,CIP,CT01 Carbon Transfer,TCMG-PP-GR-CIP-CT01,CT01-CHU03,Loaded Carbon Screen Oversize Chute,TCMG-PP-GR-CIP-CT01,05-CH-008,,,,,,,,,,,,,,,,,,,
6,TCMG,Processing Plant,REC,Gold Recovery,CIP,CT01 Carbon Transfer,TCMG-PP-GR-CIP-CT01,CT01-SCN02,Loaded Carbon Screen And Underpan,TCMG-PP-GR-CIP-CT01,05-SC-010,,,,,,,,,,,,,,,,,,,
7,TCMG,Processing Plant,REC,Gold Recovery,CIP,CT01 Carbon Transfer,TCMG-PP-GR-CIP-CT01,CT01-SCN02,Loaded Carbon Screen And Underpan,TCMG-PP-GR-CIP-CT01,,,Loaded Carbon Screen,Uras 1.5kW 4 Pole Out of Balance Motor,,KEE 34-4,,,,,,,,,,,,,,,
7,TCMG,Processing Plant,REC,Gold Recovery,CIP,CT01 Carbon Transfer,TCMG-PP-GR-CIP-CT01,CT01-SCN02,Loaded Carbon Screen And Underpan,TCMG-PP-GR-CIP-CT01,,,Loaded Carbon Screen,M30 Exciter Bolt Assembly,,EXBA-30110,,,,,,,,,,,,,,,
7,TCMG,Processing Plant,REC,Gold Recovery,CIP,CT01 Carbon Transfer,TCMG-PP-GR-CIP-CT01,CT01-SCN02,Loaded Carbon Screen And Underpan,TCMG-PP-GR-CIP-CT01,,,Loaded Carbon Screen,Screen Panel Module 0.8mm x 18.5mm apt XF,,OF-E1381-0.8XF,,,,,,,,,,,,,,,
7,TCMG,Processing Plant,REC,Gold Recovery,CIP,CT01 Carbon Transfer,TCMG-PP-GR-CIP-CT01,CT01-SCN02,Loaded Carbon Screen And Underpan,TCMG-PP-GR-CIP-CT01,,,Loaded Carbon Screen,Blank Discharge Panel 305L,,OF-E1496-305,,,,,,,,,,,,,,,
7,TCMG,Processing Plant,REC,Gold Recovery,CIP,CT01 Carbon Transfer,TCMG-PP-GR-CIP-CT01,CT01-SCN02,Loaded Carbon Screen And Underpan,TCMG-PP-GR-CIP-CT01,,,Loaded Carbon Screen,Side Clamp Bar 1219L,,OF-E1427,,,,,,,,,,,,,,,
7,TCMG,Processing Plant,REC,Gold Recovery,CIP,CT01 Carbon Transfer,TCMG-PP-GR-CIP-CT01,CT01-SCN02,Loaded Carbon Screen And Underpan,TCMG-PP-GR-CIP-CT01,,,Loaded Carbon Screen,Side Clamp Bar 1524L,,OF-E3045,,,,,,,,,,,,,,,
7,TCMG,Processing Plant,REC,Gold Recovery,CIP,CT01 Carbon Transfer,TCMG-PP-GR-CIP-CT01,CT01-SCN02,Loaded Carbon Screen And Underpan,TCMG-PP-GR-CIP-CT01,,,Loaded Carbon Screen,Fixing Rail - 1217L,,OF-E1397,,,,,,,,,,,,,,,
7,TCMG,Processing Plant,REC,Gold Recovery,CIP,CT01 Carbon Transfer,TCMG-PP-GR-CIP-CT01,CT01-SCN02,Loaded Carbon Screen And Underpan,TCMG-PP-GR-CIP-CT01,,,Loaded Carbon Screen,Fixing Rail - 305L,,OF-E2415-305,,,,,,,,,,,,,,,
7,TCMG,Processing Plant,REC,Gold Recovery,CIP,CT01 Carbon Transfer,TCMG-PP-GR-CIP-CT01,CT01-SCN02,Loaded Carbon Screen And Underpan,TCMG-PP-GR-CIP-CT01,,,Loaded Carbon Screen,Locking Strip 1230L,,OF-E1725-F-RD,,,,,,,,,,,,,,,
7,TCMG,Processing Plant,REC,Gold Recovery,CIP,CT01 Carbon Transfer,TCMG-PP-GR-CIP-CT01,CT01-SCN02,Loaded Carbon Screen And Underpan,TCMG-PP-GR-CIP-CT01,,,Loaded Carbon Screen,Locking Strip Discharge 305L,,OF-E1711-305-F-RD,,,,,,,,,,,,,,,
7,TCMG,Processing Plant,REC,Gold Recovery,CIP,CT01 Carbon Transfer,TCMG-PP-GR-CIP-CT01,CT01-SCN02,Loaded Carbon Screen And Underpan,TCMG-PP-GR-CIP-CT01,,,Loaded Carbon Screen,"Wedge, Left Hand - Intermediate",,OF-E2079LH,,,,,,,,,,,,,,,
7,TCMG,Processing Plant,REC,Gold Recovery,CIP,CT01 Carbon Transfer,TCMG-PP-GR-CIP-CT01,CT01-SCN02,Loaded Carbon Screen And Underpan,TCMG-PP-GR-CIP-CT01,,,Loaded Carbon Screen,"Wedge, Right Hand - Intermediate",,OF-E2079RH,,,,,,,,,,,,,,,
7,TCMG,Processing Plant,REC,Gold Recovery,CIP,CT01 Carbon Transfer,TCMG-PP-GR-CIP-CT01,CT01-SCN02,Loaded Carbon Screen And Underpan,TCMG-PP-GR-CIP-CT01,,,Loaded Carbon Screen,Wedge Bracket & Bolts,,OF-E1429,,,,,,,,,,,,,,,
7,TCMG,Processing Plant,REC,Gold Recovery,CIP,CT01 Carbon Transfer,TCMG-PP-GR-CIP-CT01,CT01-SCN02,Loaded Carbon Screen And Underpan,TCMG-PP-GR-CIP-CT01,,,Loaded Carbon Screen,Spring 17mm wire x 92 ID x 225mm height,,SPX-105-225,,,,,,,,,,,,,,,
6,TCMG,Processing Plant,REC,Gold Recovery,CIP,CT01 Carbon Transfer,TCMG-PP-GR-CIP-CT01,CT01-SCN01,Carbon Safety Screen And Underpan,TCMG-PP-GR-CIP-CT01,05-SC-009; 05-CH-005,,,,,,,,,,,,,,,,,,,
7,TCMG,Processing Plant,REC,Gold Recovery,CIP,CT01 Carbon Transfer,TCMG-PP-GR-CIP-CT01,CT01-SCN01,Carbon Safety Screen And Underpan,TCMG-PP-GR-CIP-CT01,,,Carbon Safety Screen,Uras 3.7kW 4 Pole Out of Balance Motor,,KEE 74-4,,,,,,,,,,,,,,,
7,TCMG,Processing Plant,REC,Gold Recovery,CIP,CT01 Carbon Transfer,TCMG-PP-GR-CIP-CT01,CT01-SCN01,Carbon Safety Screen And Underpan,TCMG-PP-GR-CIP-CT01,,,Carbon Safety Screen,Exciter Bolt Assembly,,EXBA-361400,,,,,,,,,,,,,,,
7,TCMG,Processing Plant,REC,Gold Recovery,CIP,CT01 Carbon Transfer,TCMG-PP-GR-CIP-CT01,CT01-SCN01,Carbon Safety Screen And Underpan,TCMG-PP-GR-CIP-CT01,,,Carbon Safety Screen,Screen Panel Module 0.63mm apt XF,,OF-E1381-0.63XF,,,,,,,,,,,,,,,
7,TCMG,Processing Plant,REC,Gold Recovery,CIP,CT01 Carbon Transfer,TCMG-PP-GR-CIP-CT01,CT01-SCN01,Carbon Safety Screen And Underpan,TCMG-PP-GR-CIP-CT01,,,Carbon Safety Screen,Blank Discharge Panel 305 L,,OF-E1496-305,,,,,,,,,,,,,,,
7,TCMG,Processing Plant,REC,Gold Recovery,CIP,CT01 Carbon Transfer,TCMG-PP-GR-CIP-CT01,CT01-SCN01,Carbon Safety Screen And Underpan,TCMG-PP-GR-CIP-CT01,,,Carbon Safety Screen,Fixing Rail - 1217L,,OF-E1397,,,,,,,,,,,,,,,
7,TCMG,Processing Plant,REC,Gold Recovery,CIP,CT01 Carbon Transfer,TCMG-PP-GR-CIP-CT01,CT01-SCN01,Carbon Safety Screen And Underpan,TCMG-PP-GR-CIP-CT01,,,Carbon Safety Screen,Fixing Rail - 305L,,OF-E2415-305,,,,,,,,,,,,,,,
7,TCMG,Processing Plant,REC,Gold Recovery,CIP,CT01 Carbon Transfer,TCMG-PP-GR-CIP-CT01,CT01-SCN01,Carbon Safety Screen And Underpan,TCMG-PP-GR-CIP-CT01,,,Carbon Safety Screen,Side Clamp Bar 1219L,,OF-E1427,,,,,,,,,,,,,,,
7,TCMG,Processing Plant,REC,Gold Recovery,CIP,CT01 Carbon Transfer,TCMG-PP-GR-CIP-CT01,CT01-SCN01,Carbon Safety Screen And Underpan,TCMG-PP-GR-CIP-CT01,,,Carbon Safety Screen,Locking Strip 1230L,,OF-E1725-F-RD,,,,,,,,,,,,,,,
7,TCMG,Processing Plant,REC,Gold Recovery,CIP,CT01 Carbon Transfer,TCMG-PP-GR-CIP-CT01,CT01-SCN01,Carbon Safety Screen And Underpan,TCMG-PP-GR-CIP-CT01,,,Carbon Safety Screen,Side Clamp Bar Discharge 1219L,,OF-E1805,,,,,,,,,,,,,,,
7,TCMG,Processing Plant,REC,Gold Recovery,CIP,CT01 Carbon Transfer,TCMG-PP-GR-CIP-CT01,CT01-SCN01,Carbon Safety Screen And Underpan,TCMG-PP-GR-CIP-CT01,,,Carbon Safety Screen,Side Clamp Bar 1524L,,OF-E1914,,,,,,,,,,,,,,,
7,TCMG,Processing Plant,REC,Gold Recovery,CIP,CT01 Carbon Transfer,TCMG-PP-GR-CIP-CT01,CT01-SCN01,Carbon Safety Screen And Underpan,TCMG-PP-GR-CIP-CT01,,,Carbon Safety Screen,Centre Protection Cover - 1217L,,OF-E2081-1217,,,,,,,,,,,,,,,
7,TCMG,Processing Plant,REC,Gold Recovery,CIP,CT01 Carbon Transfer,TCMG-PP-GR-CIP-CT01,CT01-SCN01,Carbon Safety Screen And Underpan,TCMG-PP-GR-CIP-CT01,,,Carbon Safety Screen,Centre Protection Cover - 280L,,OF-E3643-280,,,,,,,,,,,,,,,
7,TCMG,Processing Plant,REC,Gold Recovery,CIP,CT01 Carbon Transfer,TCMG-PP-GR-CIP-CT01,CT01-SCN01,Carbon Safety Screen And Underpan,TCMG-PP-GR-CIP-CT01,,,Carbon Safety Screen,Wedge Bracket c/w Bolt Assemblies,,OF-E1429,,,,,,,,,,,,,,,
7,TCMG,Processing Plant,REC,Gold Recovery,CIP,CT01 Carbon Transfer,TCMG-PP-GR-CIP-CT01,CT01-SCN01,Carbon Safety Screen And Underpan,TCMG-PP-GR-CIP-CT01,,,Carbon Safety Screen,Isolation Spring 92ID x 225mm Height,,SPX-105-225,,,,,,,,,,,,,,,
6,TCMG,Processing Plant,REC,Gold Recovery,CIP,CT01 Carbon Transfer,TCMG-PP-GR-CIP-CT01,CT01-ALF01,Carbon Transfer Airlift 1,,05-AL-001,,,,,,,,,,,,,,,,,,,
6,TCMG,Processing Plant,REC,Gold Recovery,CIP,CT01 Carbon Transfer,TCMG-PP-GR-CIP-CT01,CT01-CHU05,Carbon Safety Screen Oversize Chute,TCMG-PP-GR-CIP-CT01,05-CH-006,,,,,,,,,,,,,,,,,,,
6,TCMG,Processing Plant,REC,Gold Recovery,CIP,CT01 Carbon Transfer,TCMG-PP-GR-CIP-CT01,CT01-ALF02,Carbon Transfer Airlift 2,TCMG-PP-GR-CIP-CT01,05-AL-002,,,,,,,,,,,,,,,,,,,
6,TCMG,Processing Plant,REC,Gold Recovery,CIP,CT01 Carbon Transfer,TCMG-PP-GR-CIP-CT01,CT01-ALF03,Carbon Transfer Airlift 3,TCMG-PP-GR-CIP-CT01,05-AL-003,,,,,,,,,,,,,,,,,,,
6,TCMG,Processing Plant,REC,Gold Recovery,CIP,CT01 Carbon Transfer,TCMG-PP-GR-CIP-CT01,CT01-ALF04,Carbon Transfer Airlift 4,TCMG-PP-GR-CIP-CT01,05-AL-004,,,,,,,,,,,,,,,,,,,
6,TCMG,Processing Plant,REC,Gold Recovery,CIP,CT01 Carbon Transfer,TCMG-PP-GR-CIP-CT01,CT01-ALF05,Carbon Transfer Airlift 5,TCMG-PP-GR-CIP-CT01,05-AL-005,,,,,,,,,,,,,,,,,,,
6,TCMG,Processing Plant,REC,Gold Recovery,CIP,CT01 Carbon Transfer,TCMG-PP-GR-CIP-CT01,CT01-ALF06,Carbon Transfer Airlift 6,TCMG-PP-GR-CIP-CT01,05-AL-006,,,,,,,,,,,,,,,,,,,
6,TCMG,Processing Plant,REC,Gold Recovery,CIP,CT01 Carbon Transfer,TCMG-PP-GR-CIP-CT01,CT01-ITS01,Inter Tank Screen 1,TCMG-PP-GR-CIP-CT01,05-SC-002,,,,,,,,,,,,,,,,,,,
7,TCMG,Processing Plant,REC,Gold Recovery,CIP,CT01 Carbon Transfer,TCMG-PP-GR-CIP-CT01,CT01-ITS01,Inter Tank Screen 1,TCMG-PP-GR-CIP-CT01,,,Intertank Screen 1,Motor,,Bonfiglioli MX 3SB 4 / 8AX2100DW / EV0230509803,,,,,,,,,,,,,,,
7,TCMG,Processing Plant,REC,Gold Recovery,CIP,CT01 Carbon Transfer,TCMG-PP-GR-CIP-CT01,CT01-ITS01,Inter Tank Screen 1,TCMG-PP-GR-CIP-CT01,,,Intertank Screen 1,Gearbox,,Bonfiglioli F43??4C?866?5S3 /M3??4???H5 / COD?MF65?2340005 -> send ID plate pic to supplier,,,,,,,,,,,,,,,
7,TCMG,Processing Plant,REC,Gold Recovery,CIP,CT01 Carbon Transfer,TCMG-PP-GR-CIP-CT01,CT01-ITS01,Inter Tank Screen 1,TCMG-PP-GR-CIP-CT01,,,Motor,Motor,,Bonfiglioli MX 3SB 4 / 8AX2100DW / EV0230509803,,,,,,,,,,,,,,,
6,TCMG,Processing Plant,REC,Gold Recovery,CIP,CT01 Carbon Transfer,TCMG-PP-GR-CIP-CT01,CT01-ITS02,Inter Tank Screen 2,TCMG-PP-GR-CIP-CT01,05-SC-003,,,,,,,,,,,,,,,,,,,
6,TCMG,Processing Plant,REC,Gold Recovery,CIP,CT01 Carbon Transfer,TCMG-PP-GR-CIP-CT01,CT01-ITS03,Inter Tank Screen 3,TCMG-PP-GR-CIP-CT01,05-SC-004,,,,,,,,,,,,,,,,,,,
6,TCMG,Processing Plant,REC,Gold Recovery,CIP,CT01 Carbon Transfer,TCMG-PP-GR-CIP-CT01,CT01-ITS04,Inter Tank Screen 4,TCMG-PP-GR-CIP-CT01,05-SC-005,,,,,,,,,,,,,,,,,,,
6,TCMG,Processing Plant,REC,Gold Recovery,CIP,CT01 Carbon Transfer,TCMG-PP-GR-CIP-CT01,CT01-ITS05,Inter Tank Screen 5,TCMG-PP-GR-CIP-CT01,05-SC-006,,,,,,,,,,,,,,,,,,,
6,TCMG,Processing Plant,REC,Gold Recovery,CIP,CT01 Carbon Transfer,TCMG-PP-GR-CIP-CT01,CT01-ITS06,Inter Tank Screen 6,TCMG-PP-GR-CIP-CT01,05-SC-007,,,,,,,,,,,,,,,,,,,
6,TCMG,Processing Plant,REC,Gold Recovery,CIP,CT01 Carbon Transfer,TCMG-PP-GR-CIP-CT01,CT01-SCN03,Carbon Sizing Screen,TCMG-PP-GR-CIP-CT01,08-SC-002,,,,,,,,,,,,,,,,,,,
6,TCMG,Processing Plant,REC,Gold Recovery,CIP,CT01 Carbon Transfer,TCMG-PP-GR-CIP-CT01,CT01-PIPE02,Pipe – Carbon Transfer Return Water,TCMG-PP-GR-CIP-CT01,082-SCS-HD2-63-PN12.5,,,,,,,,,,,,,,,,,,,
6,TCMG,Processing Plant,REC,Gold Recovery,CIP,CT01 Carbon Transfer,TCMG-PP-GR-CIP-CT01,CT01-PIPE03,Pipe – Loaded Carbon,TCMG-PP-GR-CIP-CT01,121-SCS-HD2-200-PN10,,,,,,,,,,,,,,,,,,,
6,TCMG,Processing Plant,REC,Gold Recovery,CIP,CT01 Carbon Transfer,TCMG-PP-GR-CIP-CT01,CT01-SCN02-EXA,Loaded Carbon Screen Exciter A,TCMG-PP-GR-CIP-CT01,,,,,,,,,,,,,,,,,,,,
6,TCMG,Processing Plant,REC,Gold Recovery,CIP,CT01 Carbon Transfer,TCMG-PP-GR-CIP-CT01,CT01-SCN02-EXB,Loaded Carbon Screen Exciter B,TCMG-PP-GR-CIP-CT01,,,,,,,,,,,,,,,,,,,,
6,TCMG,Processing Plant,REC,Gold Recovery,CIP,CT01 Carbon Transfer,TCMG-PP-GR-CIP-CT01,CT01-SB01,Loaded Carbon Screen Spray Bars,TCMG-PP-GR-CIP-CT01,,,,,,,,,,,,,,,,,,,,
5,TCMG,Processing Plant,REC,Gold Recovery,CIP,ADS01 Adsorption Ancillary,TCMG-PP-GR-CIP-ADS01,,,,,,,,,,,,,,,,,,,,,,,
6,TCMG,Processing Plant,REC,Gold Recovery,CIP,ADS01 Adsorption Ancillary,TCMG-PP-GR-CIP-ADS01,ADS01-CRN01,CIP Area Gantry Crane,,05-HT-001,,,,,,,,,,,,,,,,,,,
7,TCMG,Processing Plant,REC,Gold Recovery,CIP,ADS01 Adsorption Ancillary,TCMG-PP-GR-CIP-ADS01,ADS01-CRN01,CIP Area Gantry Crane,,,,Motor,Motor,,"DT80K8/2BMG/Z, serial 2010.53280/5.01.2002",,,,,,,,,,,,,,,
7,TCMG,Processing Plant,REC,Gold Recovery,CIP,ADS01 Adsorption Ancillary,TCMG-PP-GR-CIP-ADS01,ADS01-CRN01,CIP Area Gantry Crane,,,,Hoist,Hoist,,"CXT40210025P35FBL0F, M5, F26585/5, 2500kg, 12m",,,,,,,,,,,,,,,
6,TCMG,Processing Plant,REC,Gold Recovery,CIP,ADS01 Adsorption Ancillary,TCMG-PP-GR-CIP-ADS01,ADS01-VLV07,Launder Spade Valve (multiple),TCMG-PP-GR-CIP-ADS01,V16,,,,,,,,,,,,,,,,,,,
6,TCMG,Processing Plant,REC,Gold Recovery,CIP,ADS01 Adsorption Ancillary,TCMG-PP-GR-CIP-ADS01,ADS01-PIPE13,Pipe – Filtrate from Cyanide Analyser,TCMG-PP-GR-CIP-ADS01,099-SP-HD2-8-PN10,,,,,,,,,,,,,,,,,,,
6,TCMG,Processing Plant,REC,Gold Recovery,CIP,ADS01 Adsorption Ancillary,TCMG-PP-GR-CIP-ADS01,ADS01-PIPE01,Pipe – Sump Discharge DN90 (Line 008),TCMG-PP-GR-CIP-ADS01,008-SU-HD1-90-PN10,,,,,,,,,,,,,,,,,,,
6,TCMG,Processing Plant,REC,Gold Recovery,CIP,ADS01 Adsorption Ancillary,TCMG-PP-GR-CIP-ADS01,ADS01-PMP01,CIP Area Tails Sump Pump,TCMG-PP-GR-CIP-ADS01,05-PU-004,,,,,,,,,,,,,,,,,,,
7,TCMG,Processing Plant,REC,Gold Recovery,CIP,ADS01 Adsorption Ancillary,TCMG-PP-GR-CIP-ADS01,ADS01-PMP01,CIP Area Tails Sump Pump,TCMG-PP-GR-CIP-ADS01,,,Belts,Belts,,SPA 1250,,,,,,,,,,,,,,,
7,TCMG,Processing Plant,REC,Gold Recovery,CIP,ADS01 Adsorption Ancillary,TCMG-PP-GR-CIP-ADS01,ADS01-PMP01,CIP Area Tails Sump Pump,TCMG-PP-GR-CIP-ADS01,,,Impeller/Flinger,Impeller/Flinger,,QVR184S44,,,,,,,,,,,,,,,
7,TCMG,Processing Plant,REC,Gold Recovery,CIP,ADS01 Adsorption Ancillary,TCMG-PP-GR-CIP-ADS01,ADS01-PMP01,CIP Area Tails Sump Pump,TCMG-PP-GR-CIP-ADS01,,,Back Liner,Back Liner,,SPR65041S21,,,,,,,,,,,,,,,
7,TCMG,Processing Plant,REC,Gold Recovery,CIP,ADS01 Adsorption Ancillary,TCMG-PP-GR-CIP-ADS01,ADS01-PMP01,CIP Area Tails Sump Pump,TCMG-PP-GR-CIP-ADS01,,,Casing,Casing,,SPR65092S21,,,,,,,,,,,,,,,
7,TCMG,Processing Plant,REC,Gold Recovery,CIP,ADS01 Adsorption Ancillary,TCMG-PP-GR-CIP-ADS01,ADS01-PMP01,CIP Area Tails Sump Pump,TCMG-PP-GR-CIP-ADS01,,,Impeller o-ring,Impeller o-ring,,26T36N127,,,,,,,,,,,,,,,
7,TCMG,Processing Plant,REC,Gold Recovery,CIP,ADS01 Adsorption Ancillary,TCMG-PP-GR-CIP-ADS01,ADS01-PMP01,CIP Area Tails Sump Pump,TCMG-PP-GR-CIP-ADS01,,,Discharge pipe clamp,Discharge pipe clamp,,SPR65153S21,,,,,,,,,,,,,,,
7,TCMG,Processing Plant,REC,Gold Recovery,CIP,ADS01 Adsorption Ancillary,TCMG-PP-GR-CIP-ADS01,ADS01-PMP01,CIP Area Tails Sump Pump,TCMG-PP-GR-CIP-ADS01,,,Socket head protector,Socket head protector,,M20-291S42,,,,,,,,,,,,,,,
7,TCMG,Processing Plant,REC,Gold Recovery,CIP,ADS01 Adsorption Ancillary,TCMG-PP-GR-CIP-ADS01,ADS01-PMP01,CIP Area Tails Sump Pump,TCMG-PP-GR-CIP-ADS01,,,Hex socket head cap screw,Hex socket head cap screw,,M20A4-80S,,,,,,,,,,,,,,,
7,TCMG,Processing Plant,REC,Gold Recovery,CIP,ADS01 Adsorption Ancillary,TCMG-PP-GR-CIP-ADS01,ADS01-PMP01,CIP Area Tails Sump Pump,TCMG-PP-GR-CIP-ADS01,,,Strainer lower,Strainer lower,,SPR65116LAUC23,,,,,,,,,,,,,,,
7,TCMG,Processing Plant,REC,Gold Recovery,CIP,ADS01 Adsorption Ancillary,TCMG-PP-GR-CIP-ADS01,ADS01-PMP01,CIP Area Tails Sump Pump,TCMG-PP-GR-CIP-ADS01,,,Strainer upper,Strainer upper,,SPR65116,,,,,,,,,,,,,,,
6,TCMG,Processing Plant,REC,Gold Recovery,CIP,ADS01 Adsorption Ancillary,TCMG-PP-GR-CIP-ADS01,ADS01-PMP03,CIP Tailings Pump (Duty),,05-PU-108A,,,,,,,,,,,,,,,,,,,
7,TCMG,Processing Plant,REC,Gold Recovery,CIP,ADS01 Adsorption Ancillary,TCMG-PP-GR-CIP-ADS01,ADS01-PMP03,CIP Tailings Pump (Duty),,,,Bearing,Bearing,,KSH-DD.D121 / X DDM 01.19.09.1,,,,,,,,,,,,,,,
7,TCMG,Processing Plant,REC,Gold Recovery,CIP,ADS01 Adsorption Ancillary,TCMG-PP-GR-CIP-ADS01,ADS01-PMP03,CIP Tailings Pump (Duty),,,,Belt,Belt,,SPC 2650 Predator,,,,,,,,,,,,,,,
7,TCMG,Processing Plant,REC,Gold Recovery,CIP,ADS01 Adsorption Ancillary,TCMG-PP-GR-CIP-ADS01,ADS01-PMP03,CIP Tailings Pump (Duty),,,,Wet end,Wet end,,Warman 6/4DAH,,,,,,,,,,,,,,,
7,TCMG,Processing Plant,REC,Gold Recovery,CIP,ADS01 Adsorption Ancillary,TCMG-PP-GR-CIP-ADS01,ADS01-PMP03,CIP Tailings Pump (Duty),,,,Motor,Motor,,KTE50 W22M.DOL,,,,,,,,,,,,,,,
6,TCMG,Processing Plant,REC,Gold Recovery,CIP,ADS01 Adsorption Ancillary,TCMG-PP-GR-CIP-ADS01,ADS01-HOP01,CIP Tailings Hopper,TCMG-PP-GR-CIP-ADS01,05-HP-001,,,,,,,,,,,,,,,,,,,
6,TCMG,Processing Plant,REC,Gold Recovery,CIP,ADS01 Adsorption Ancillary,TCMG-PP-GR-CIP-ADS01,ADS01-PMP02,CIP Tailings Pump (Standby),TCMG-PP-GR-CIP-ADS01,05-PU-108B,,,,,,,,,,,,,,,,,,,
7,TCMG,Processing Plant,REC,Gold Recovery,CIP,ADS01 Adsorption Ancillary,TCMG-PP-GR-CIP-ADS01,ADS01-PMP02,CIP Tailings Pump (Standby),TCMG-PP-GR-CIP-ADS01,,,CIP Tailings Pump - Standby,Motor,,KTE50 W22M.DOL,,,,,,,,,,,,,,,
7,TCMG,Processing Plant,REC,Gold Recovery,CIP,ADS01 Adsorption Ancillary,TCMG-PP-GR-CIP-ADS01,ADS01-PMP02,CIP Tailings Pump (Standby),TCMG-PP-GR-CIP-ADS01,,,CIP Tailings Pump - Standby,Bearing,,KSH-DD.D121 / X DDM 01.19.09.1,,,,,,,,,,,,,,,
7,TCMG,Processing Plant,REC,Gold Recovery,CIP,ADS01 Adsorption Ancillary,TCMG-PP-GR-CIP-ADS01,ADS01-PMP02,CIP Tailings Pump (Standby),TCMG-PP-GR-CIP-ADS01,,,CIP Tailings Pump - Standby,Belt,,SPC 2650 Predator,,,,,,,,,,,,,,,
7,TCMG,Processing Plant,REC,Gold Recovery,CIP,ADS01 Adsorption Ancillary,TCMG-PP-GR-CIP-ADS01,ADS01-PMP02,CIP Tailings Pump (Standby),TCMG-PP-GR-CIP-ADS01,,,CIP Tailings Pump - Standby,Wet end,,Warman 6/4DAH,,,,,,,,,,,,,,,
6,TCMG,Processing Plant,REC,Gold Recovery,CIP,ADS01 Adsorption Ancillary,TCMG-PP-GR-CIP-ADS01,ADS01-PMP04,CIP Coagulant Pump,,05-PU-005,,,,,,,,,,,,,,,,,,,
6,TCMG,Processing Plant,REC,Gold Recovery,CIP,ADS01 Adsorption Ancillary,TCMG-PP-GR-CIP-ADS01,ADS01-VLV01,Solenoid Valve 15mm,TCMG-PP-GR-CIP-ADS01,15SV05-V35,,,,,,,,,,,,,,,,,,,
6,TCMG,Processing Plant,REC,Gold Recovery,CIP,ADS01 Adsorption Ancillary,TCMG-PP-GR-CIP-ADS01,ADS01-VLV04,Butterfly Valves (CIP tanks bypass),TCMG-PP-GR-CIP-ADS01,80V05-V36-V41,,,,,,,,,,,,,,,,,,,
6,TCMG,Processing Plant,REC,Gold Recovery,CIP,ADS01 Adsorption Ancillary,TCMG-PP-GR-CIP-ADS01,ADS01-VLV05,Butterfly Valve 80mm,TCMG-PP-GR-CIP-ADS01,80V05-V57,,,,,,,,,,,,,,,,,,,
6,TCMG,Processing Plant,REC,Gold Recovery,CIP,ADS01 Adsorption Ancillary,TCMG-PP-GR-CIP-ADS01,ADS01-VLV06,Butterfly Valve 80mm,TCMG-PP-GR-CIP-ADS01,80V05-V58,,,,,,,,,,,,,,,,,,,
6,TCMG,Processing Plant,REC,Gold Recovery,CIP,ADS01 Adsorption Ancillary,TCMG-PP-GR-CIP-ADS01,ADS01-VLV02,Ball Valve 50mm,TCMG-PP-GR-CIP-ADS01,50V01-V20,,,,,,,,,,,,,,,,,,,
6,TCMG,Processing Plant,REC,Gold Recovery,CIP,ADS01 Adsorption Ancillary,TCMG-PP-GR-CIP-ADS01,ADS01-VLV03,Ball Valve 50mm,TCMG-PP-GR-CIP-ADS01,50V01-V991,,,,,,,,,,,,,,,,,,,
6,TCMG,Processing Plant,REC,Gold Recovery,CIP,ADS01 Adsorption Ancillary,TCMG-PP-GR-CIP-ADS01,ADS01-PIPE02,Pipe – Sump Discharge DN90 (Line 009),TCMG-PP-GR-CIP-ADS01,009-SU-HD1-90-PN10,,,,,,,,,,,,,,,,,,,
6,TCMG,Processing Plant,REC,Gold Recovery,CIP,ADS01 Adsorption Ancillary,TCMG-PP-GR-CIP-ADS01,ADS01-PIPE03,Pipe – Sump Discharge DN90 (Line 010),TCMG-PP-GR-CIP-ADS01,010-SU-HD1-90-PN10,,,,,,,,,,,,,,,,,,,
6,TCMG,Processing Plant,REC,Gold Recovery,CIP,ADS01 Adsorption Ancillary,TCMG-PP-GR-CIP-ADS01,ADS01-PIPE04,Pipe – Sump Discharge DN90 (Line 011),TCMG-PP-GR-CIP-ADS01,011-SU-HD1-90-PN10,,,,,,,,,,,,,,,,,,,
6,TCMG,Processing Plant,REC,Gold Recovery,CIP,ADS01 Adsorption Ancillary,TCMG-PP-GR-CIP-ADS01,ADS01-PIPE07,Pipe – Process Water DN110 (Line 032),TCMG-PP-GR-CIP-ADS01,032-WPW-HD1-110-PN10,,,,,,,,,,,,,,,,,,,
6,TCMG,Processing Plant,REC,Gold Recovery,CIP,ADS01 Adsorption Ancillary,TCMG-PP-GR-CIP-ADS01,ADS01-PIPE10,Pipe – Process Water DN63 (Line 053),TCMG-PP-GR-CIP-ADS01,053-WPW-HD1-63-PN10,,,,,,,,,,,,,,,,,,,
6,TCMG,Processing Plant,REC,Gold Recovery,CIP,ADS01 Adsorption Ancillary,TCMG-PP-GR-CIP-ADS01,ADS01-PIPE08,Pipe – Plant Air Supply (Adsorption Area),TCMG-PP-GR-CIP-ADS01,048-AC-HD1-63-PN12.5,,,,,,,,,,,,,,,,,,,
6,TCMG,Processing Plant,REC,Gold Recovery,CIP,ADS01 Adsorption Ancillary,TCMG-PP-GR-CIP-ADS01,ADS01-PIPE09,Pipe – Slurry to Thickener,TCMG-PP-GR-CIP-ADS01,051-SP-HD2-315-PN12.5,,,,,,,,,,,,,,,,,,,
6,TCMG,Processing Plant,REC,Gold Recovery,CIP,ADS01 Adsorption Ancillary,TCMG-PP-GR-CIP-ADS01,ADS01-PIPE14,Pipe – Slurry DN315 HDPE (Line 118),TCMG-PP-GR-CIP-ADS01,118-SP-HD2-315-PN12.5,,,,,,,,,,,,,,,,,,,
6,TCMG,Processing Plant,REC,Gold Recovery,CIP,ADS01 Adsorption Ancillary,TCMG-PP-GR-CIP-ADS01,ADS01-PIPE11,Pipe – Carbon Slurry,TCMG-PP-GR-CIP-ADS01,083-SCS-HD2-63-PN12.5,,,,,,,,,,,,,,,,,,,
6,TCMG,Processing Plant,REC,Gold Recovery,CIP,ADS01 Adsorption Ancillary,TCMG-PP-GR-CIP-ADS01,ADS01-PIPE15,Pipe – Barren Carbon Return to CIP,TCMG-PP-GR-CIP-ADS01,165-LOB-HD1-96-PN12.5,,,,,,,,,,,,,,,,,,,
6,TCMG,Processing Plant,REC,Gold Recovery,CIP,ADS01 Adsorption Ancillary,TCMG-PP-GR-CIP-ADS01,ADS01-PIPE12,Pipe – Cyanide Analyser Air,TCMG-PP-GR-CIP-ADS01,097-AI-HD1-6-PN10,,,,,,,,,,,,,,,,,,,
6,TCMG,Processing Plant,REC,Gold Recovery,CIP,ADS01 Adsorption Ancillary,TCMG-PP-GR-CIP-ADS01,ADS01-PIPE05,Pipe – Slurry to Thickener,TCMG-PP-GR-CIP-ADS01,013-SD-HD2-98-PN12.5,,,,,,,,,,,,,,,,,,,
6,TCMG,Processing Plant,REC,Gold Recovery,CIP,ADS01 Adsorption Ancillary,TCMG-PP-GR-CIP-ADS01,ADS01-PIPE06,Pipe – Slurry DN98 HDPE (Line 016),TCMG-PP-GR-CIP-ADS01,016-SP-HD2-98-PN12.5,,,,,,,,,,,,,,,,,,,
4,TCMG,Processing Plant,REC,Gold Recovery,Elution,,,,,,,,,,,,,,,,,,,,,,,,,
5,TCMG,Processing Plant,REC,Gold Recovery,Elution,AW01 Acid Wash,TCMG-PP-GR-ELUT-AW01,,,,,,,,,,,,,,,,,,,,,,,
6,TCMG,Processing Plant,REC,Gold Recovery,Elution,AW01 Acid Wash,TCMG-PP-GR-ELUT-AW01,AW01-COL01,Acid Wash Column,TCMG-PP-GR-ELUT-AW01,08-CM-001,,,,,,,,,,,,,,,,,,,
6,TCMG,Processing Plant,REC,Gold Recovery,Elution,AW01 Acid Wash,TCMG-PP-GR-ELUT-AW01,AW01-FLT01,Acid Column Carbon Filters,TCMG-PP-GR-ELUT-AW01,08-FL-01,,,,,,,,,,,,,,,,,,,
6,TCMG,Processing Plant,REC,Gold Recovery,Elution,AW01 Acid Wash,TCMG-PP-GR-ELUT-AW01,AW01-PMP01,Acid Column Sump Pump,TCMG-PP-GR-ELUT-AW01,08-PU-004,,,,,,,,,,,,,,,,,,,
7,TCMG,Processing Plant,REC,Gold Recovery,Elution,AW01 Acid Wash,TCMG-PP-GR-ELUT-AW01,AW01-PMP01,Acid Column Sump Pump,TCMG-PP-GR-ELUT-AW01,,,Exchange Spare Pump,Exchange Spare Pump,,3376.08 ASP 01,,,,,,,,,,,,,,,
7,TCMG,Processing Plant,REC,Gold Recovery,Elution,AW01 Acid Wash,TCMG-PP-GR-ELUT-AW01,AW01-PMP01,Acid Column Sump Pump,TCMG-PP-GR-ELUT-AW01,,,"Service Kit VA50 (HE), PP, SP, SP","Service Kit VA50 (HE), PP, SP, SP",,3376.08 ASP 05,,,,,,,,,,,,,,,
7,TCMG,Processing Plant,REC,Gold Recovery,Elution,AW01 Acid Wash,TCMG-PP-GR-ELUT-AW01,AW01-PMP01,Acid Column Sump Pump,TCMG-PP-GR-ELUT-AW01,,,Air Valve Service Kit VA50 (HE),Air Valve Service Kit VA50 (HE),,3376.08 ASP 06,,,,,,,,,,,,,,,
6,TCMG,Processing Plant,REC,Gold Recovery,Elution,AW01 Acid Wash,TCMG-PP-GR-ELUT-AW01,AW01-PIPE02,Pipe – HCl Acid,TCMG-PP-GR-ELUT-AW01,119-RHC-HD3-32-PN10,,,,,,,,,,,,,,,,,,,
6,TCMG,Processing Plant,REC,Gold Recovery,Elution,AW01 Acid Wash,TCMG-PP-GR-ELUT-AW01,AW01-PIPE01,Pipe – Waste Acid,TCMG-PP-GR-ELUT-AW01,051-LWA-HD3-63-PN12.5,,,,,,,,,,,,,,,,,,,
5,TCMG,Processing Plant,REC,Gold Recovery,Elution,ELU01 Elution Column & Heating,TCMG-PP-GR-ELUT-ELU01,,,,,,,,,,,,,,,,,,,,,,,
6,TCMG,Processing Plant,REC,Gold Recovery,Elution,ELU01 Elution Column & Heating,TCMG-PP-GR-ELUT-ELU01,ELU01-PIPE08,Pipe – Diesel Supply (Elution Heater),TCMG-PP-GR-ELUT-ELU01,063-OD-CS1-25,,,,,,,,,,,,,,,,,,,
6,TCMG,Processing Plant,REC,Gold Recovery,Elution,ELU01 Elution Column & Heating,TCMG-PP-GR-ELUT-ELU01,ELU01-FLT01,Elution Column Carbon Filters,TCMG-PP-GR-ELUT-ELU01,08-FL-02,,,,,,,,,,,,,,,,,,,
6,TCMG,Processing Plant,REC,Gold Recovery,Elution,ELU01 Elution Column & Heating,TCMG-PP-GR-ELUT-ELU01,ELU01-COL01,Elution Column,TCMG-PP-GR-ELUT-ELU01,08-CM-002,,,,,,,,,,,,,,,,,,,
6,TCMG,Processing Plant,REC,Gold Recovery,Elution,ELU01 Elution Column & Heating,TCMG-PP-GR-ELUT-ELU01,ELU01-HEX01,Elution Recovery Heat Exchanger,TCMG-PP-GR-ELUT-ELU01,08-HX-001,,,,,,,,,,,,,,,,,,,
7,TCMG,Processing Plant,REC,Gold Recovery,Elution,ELU01 Elution Column & Heating,TCMG-PP-GR-ELUT-ELU01,ELU01-HEX01,Elution Recovery Heat Exchanger,TCMG-PP-GR-ELUT-ELU01,,,Flow Gasket EPDM (99 OFF in Plate Pack),Flow Gasket EPDM (99 OFF in Plate Pack),,3376.08 HXGS,,,,,,,,,,,,,,,
7,TCMG,Processing Plant,REC,Gold Recovery,Elution,ELU01 Elution Column & Heating,TCMG-PP-GR-ELUT-ELU01,ELU01-HEX01,Elution Recovery Heat Exchanger,TCMG-PP-GR-ELUT-ELU01,,,316SS Plates Set with Gaskets (98 OFF),316SS Plates Set with Gaskets (98 OFF),,3376.08 HXPPGS,,,,,,,,,,,,,,,
7,TCMG,Processing Plant,REC,Gold Recovery,Elution,ELU01 Elution Column & Heating,TCMG-PP-GR-ELUT-ELU01,ELU01-HEX01,Elution Recovery Heat Exchanger,TCMG-PP-GR-ELUT-ELU01,,,PLATE & GASKETS 316SS/EPDM (INDIVIDUAL CHANNEL),PLATE & GASKETS 316SS/EPDM (INDIVIDUAL CHANNEL),,3376.08 HXCGSI,,,,,,,,,,,,,,,
7,TCMG,Processing Plant,REC,Gold Recovery,Elution,ELU01 Elution Column & Heating,TCMG-PP-GR-ELUT-ELU01,ELU01-HEX01,Elution Recovery Heat Exchanger,TCMG-PP-GR-ELUT-ELU01,,,PLATE & GASKETS 316SS/EPDM (INDIVIDUAL END),PLATE & GASKETS 316SS/EPDM (INDIVIDUAL END),,3376.08 HXCGEI,,,,,,,,,,,,,,,
6,TCMG,Processing Plant,REC,Gold Recovery,Elution,ELU01 Elution Column & Heating,TCMG-PP-GR-ELUT-ELU01,ELU01-HTR01,Elution Heater,TCMG-PP-GR-ELUT-ELU01,08-HE-001,,,,,,,,,,,,,,,,,,,
6,TCMG,Processing Plant,REC,Gold Recovery,Elution,ELU01 Elution Column & Heating,TCMG-PP-GR-ELUT-ELU01,ELU01-BRN01,Elution Heater Burner,TCMG-PP-GR-ELUT-ELU01,08-BU-001,,,,,,,,,,,,,,,,,,,
7,TCMG,Processing Plant,REC,Gold Recovery,Elution,ELU01 Elution Column & Heating,TCMG-PP-GR-ELUT-ELU01,ELU01-BRN01,Elution Heater Burner,TCMG-PP-GR-ELUT-ELU01,,,Eluate Heater Burner,Burner replacement unit,,GX 5/2 TL,,,,,,,,,,,,,,,
7,TCMG,Processing Plant,REC,Gold Recovery,Elution,ELU01 Elution Column & Heating,TCMG-PP-GR-ELUT-ELU01,ELU01-BRN01,Elution Heater Burner,TCMG-PP-GR-ELUT-ELU01,,,Eluate Heater Burner,Blast Tube,,022924_2,,,,,,,,,,,,,,,
7,TCMG,Processing Plant,REC,Gold Recovery,Elution,ELU01 Elution Column & Heating,TCMG-PP-GR-ELUT-ELU01,ELU01-BRN01,Elution Heater Burner,TCMG-PP-GR-ELUT-ELU01,,,Eluate Heater Burner,Ignition Cable Sez.1-D5 D6.35-D4,,40304,,,,,,,,,,,,,,,
7,TCMG,Processing Plant,REC,Gold Recovery,Elution,ELU01 Elution Column & Heating,TCMG-PP-GR-ELUT-ELU01,ELU01-BRN01,Elution Heater Burner,TCMG-PP-GR-ELUT-ELU01,,,Eluate Heater Burner,Coil Parker ZB09 230V-50:60Hz,,111218,,,,,,,,,,,,,,,
7,TCMG,Processing Plant,REC,Gold Recovery,Elution,ELU01 Elution Column & Heating,TCMG-PP-GR-ELUT-ELU01,ELU01-BRN01,Elution Heater Burner,TCMG-PP-GR-ELUT-ELU01,,,Eluate Heater Burner,Pump Suntec A2L65A-9708-4P-0500-230V-50:60Hz,,258895,,,,,,,,,,,,,,,
7,TCMG,Processing Plant,REC,Gold Recovery,Elution,ELU01 Elution Column & Heating,TCMG-PP-GR-ELUT-ELU01,ELU01-BRN01,Elution Heater Burner,TCMG-PP-GR-ELUT-ELU01,,,Eluate Heater Burner,Coil Suntec-3713871SAV 230V-50:60Hz,,111126,,,,,,,,,,,,,,,
7,TCMG,Processing Plant,REC,Gold Recovery,Elution,ELU01 Elution Column & Heating,TCMG-PP-GR-ELUT-ELU01,ELU01-BRN01,Elution Heater Burner,TCMG-PP-GR-ELUT-ELU01,,,Eluate Heater Burner,Combustion Head D98,,55627,,,,,,,,,,,,,,,
7,TCMG,Processing Plant,REC,Gold Recovery,Elution,ELU01 Elution Column & Heating,TCMG-PP-GR-ELUT-ELU01,ELU01-BRN01,Elution Heater Burner,TCMG-PP-GR-ELUT-ELU01,,,Eluate Heater Burner,Ignition Electrode,,133229,,,,,,,,,,,,,,,
7,TCMG,Processing Plant,REC,Gold Recovery,Elution,ELU01 Elution Column & Heating,TCMG-PP-GR-ELUT-ELU01,ELU01-BRN01,Elution Heater Burner,TCMG-PP-GR-ELUT-ELU01,,,Eluate Heater Burner,Filter Fag 20151-PE 0.1-D3:8P,,224500,,,,,,,,,,,,,,,
7,TCMG,Processing Plant,REC,Gold Recovery,Elution,ELU01 Elution Column & Heating,TCMG-PP-GR-ELUT-ELU01,ELU01-BRN01,Elution Heater Burner,TCMG-PP-GR-ELUT-ELU01,,,Eluate Heater Burner,Photoresistance Siemens A7G1034415 Black L= 500,,139107,,,,,,,,,,,,,,,
7,TCMG,Processing Plant,REC,Gold Recovery,Elution,ELU01 Elution Column & Heating,TCMG-PP-GR-ELUT-ELU01,ELU01-BRN01,Elution Heater Burner,TCMG-PP-GR-ELUT-ELU01,,,Eluate Heater Burner,Ignition Transformer Danfoss EB14 052F4031 230V-50:6Hz,,189005,,,,,,,,,,,,,,,
7,TCMG,Processing Plant,REC,Gold Recovery,Elution,ELU01 Elution Column & Heating,TCMG-PP-GR-ELUT-ELU01,ELU01-BRN01,Elution Heater Burner,TCMG-PP-GR-ELUT-ELU01,,,Eluate Heater Burner,Control Box Siemens LOA24.171B2FB 230V50:60Hz,,101010_2,,,,,,,,,,,,,,,
7,TCMG,Processing Plant,REC,Gold Recovery,Elution,ELU01 Elution Column & Heating,TCMG-PP-GR-ELUT-ELU01,ELU01-BRN01,Elution Heater Burner,TCMG-PP-GR-ELUT-ELU01,,,Eluate Heater Burner,Motor Simel XD6-208-32-2P 450W 230V-50:60Hz,,158122,,,,,,,,,,,,,,,
7,TCMG,Processing Plant,REC,Gold Recovery,Elution,ELU01 Elution Column & Heating,TCMG-PP-GR-ELUT-ELU01,ELU01-BRN01,Elution Heater Burner,TCMG-PP-GR-ELUT-ELU01,,,Eluate Heater Burner,Joint Motor-Pump Simel,,229002,,,,,,,,,,,,,,,
7,TCMG,Processing Plant,REC,Gold Recovery,Elution,ELU01 Elution Column & Heating,TCMG-PP-GR-ELUT-ELU01,ELU01-BRN01,Elution Heater Burner,TCMG-PP-GR-ELUT-ELU01,,,Eluate Heater Burner,Gasket Flange Burner,,229707,,,,,,,,,,,,,,,
7,TCMG,Processing Plant,REC,Gold Recovery,Elution,ELU01 Elution Column & Heating,TCMG-PP-GR-ELUT-ELU01,ELU01-BRN01,Elution Heater Burner,TCMG-PP-GR-ELUT-ELU01,,,Eluate Heater Burner,Fan D160x70 RD Hub D12.7,,291102_7,,,,,,,,,,,,,,,
7,TCMG,Processing Plant,REC,Gold Recovery,Elution,ELU01 Elution Column & Heating,TCMG-PP-GR-ELUT-ELU01,ELU01-BRN01,Elution Heater Burner,TCMG-PP-GR-ELUT-ELU01,,,Eluate Heater Burner,Flexible Hose DN6-800 FF 1.4P-3.8P,,278016,,,,,,,,,,,,,,,
7,TCMG,Processing Plant,REC,Gold Recovery,Elution,ELU01 Elution Column & Heating,TCMG-PP-GR-ELUT-ELU01,ELU01-BRN01,Elution Heater Burner,TCMG-PP-GR-ELUT-ELU01,,,Eluate Heater Burner,4.50x60 Degree Oil Nozzle,,UGS60,,,,,,,,,,,,,,,
7,TCMG,Processing Plant,REC,Gold Recovery,Elution,ELU01 Elution Column & Heating,TCMG-PP-GR-ELUT-ELU01,ELU01-BRN01,Elution Heater Burner,TCMG-PP-GR-ELUT-ELU01,,,Eluate Heater Burner,4.50x60 Degree Oil Nozzle,,UGS45,,,,,,,,,,,,,,,
6,TCMG,Processing Plant,REC,Gold Recovery,Elution,ELU01 Elution Column & Heating,TCMG-PP-GR-ELUT-ELU01,ELU01-PIPE05,Pipe – Raw Water DN80 CS,TCMG-PP-GR-ELUT-ELU01,050-WRW-CS-80-PN12.5,,,,,,,,,,,,,,,,,,,
6,TCMG,Processing Plant,REC,Gold Recovery,Elution,ELU01 Elution Column & Heating,TCMG-PP-GR-ELUT-ELU01,ELU01-PIPE04,Pipe – Elution (multiple),TCMG-PP-GR-ELUT-ELU01,046-LEL-CS1-50,,,,,,,,,,,,,,,,,,,
6,TCMG,Processing Plant,REC,Gold Recovery,Elution,ELU01 Elution Column & Heating,TCMG-PP-GR-ELUT-ELU01,ELU01-PIPE09,Pipe – Barren Carbon DN80 CS,TCMG-PP-GR-ELUT-ELU01,064-LOB-CS1-80,,,,,,,,,,,,,,,,,,,
6,TCMG,Processing Plant,REC,Gold Recovery,Elution,ELU01 Elution Column & Heating,TCMG-PP-GR-ELUT-ELU01,ELU01-PIPE10,Pipe – Barren Carbon DN90 HDPE,TCMG-PP-GR-ELUT-ELU01,064-LOB-HD1-90-PN12.5,,,,,,,,,,,,,,,,,,,
6,TCMG,Processing Plant,REC,Gold Recovery,Elution,ELU01 Elution Column & Heating,TCMG-PP-GR-ELUT-ELU01,ELU01-PIPE06,Pipe – Raw Water to Elution Sump,TCMG-PP-GR-ELUT-ELU01,061-WRW-CS1-50,,,,,,,,,,,,,,,,,,,
6,TCMG,Processing Plant,REC,Gold Recovery,Elution,ELU01 Elution Column & Heating,TCMG-PP-GR-ELUT-ELU01,ELU01-PIPE07,Pipe – Raw Water DN50 CS,TCMG-PP-GR-ELUT-ELU01,062-WRW-CS1-50,,,,,,,,,,,,,,,,,,,
6,TCMG,Processing Plant,REC,Gold Recovery,Elution,ELU01 Elution Column & Heating,TCMG-PP-GR-ELUT-ELU01,ELU01-PIPE11,Pipe – Water Jacket,TCMG-PP-GR-ELUT-ELU01,069-LEL-CS1-50,,,,,,,,,,,,,,,,,,,
6,TCMG,Processing Plant,REC,Gold Recovery,Elution,ELU01 Elution Column & Heating,TCMG-PP-GR-ELUT-ELU01,ELU01-PIPE12,Pipe – Eluate (from tank/pump),TCMG-PP-GR-ELUT-ELU01,070-LEL-CS1-50,,,,,,,,,,,,,,,,,,,
6,TCMG,Processing Plant,REC,Gold Recovery,Elution,ELU01 Elution Column & Heating,TCMG-PP-GR-ELUT-ELU01,ELU01-PIPE14,Pipe – Elution Return Line,TCMG-PP-GR-ELUT-ELU01,072-LEL-CS1-50,,,,,,,,,,,,,,,,,,,
6,TCMG,Processing Plant,REC,Gold Recovery,Elution,ELU01 Elution Column & Heating,TCMG-PP-GR-ELUT-ELU01,ELU01-PIPE13,Pipe – Elution Circulation Line,TCMG-PP-GR-ELUT-ELU01,071-LEL-CS1-50,,,,,,,,,,,,,,,,,,,
6,TCMG,Processing Plant,REC,Gold Recovery,Elution,ELU01 Elution Column & Heating,TCMG-PP-GR-ELUT-ELU01,ELU01-PIPE03,Pipe – Barren Carbon to Regen,TCMG-PP-GR-ELUT-ELU01,005-LOB-HD1-90-PN12.5,,,,,,,,,,,,,,,,,,,
5,TCMG,Processing Plant,REC,Gold Recovery,Elution,ELA01 Elution Ancillary,TCMG-PP-GR-ELUT-ELANC01,,,,,,,,,,,,,,,,,,,,,,,
6,TCMG,Processing Plant,REC,Gold Recovery,Elution,ELA01 Elution Ancillary,TCMG-PP-GR-ELUT-ELANC01,ELA01-PIPE15,Pipe – Loaded Carbon,TCMG-PP-GR-ELUT-ELANC01,121-SCS-HD2-200-PN10,,,,,,,,,,,,,,,,,,,
6,TCMG,Processing Plant,REC,Gold Recovery,Elution,ELA01 Elution Ancillary,TCMG-PP-GR-ELUT-ELANC01,ELA01-SHW01,Column Area Safety Shower,TCMG-PP-GR-ELUT-ELANC01,08-SS-001,,,,,,,,,,,,,,,,,,,
6,TCMG,Processing Plant,REC,Gold Recovery,Elution,ELA01 Elution Ancillary,TCMG-PP-GR-ELUT-ELANC01,ELA01-PMP01,Elution Column Sump And Pump,TCMG-PP-GR-ELUT-ELANC01,08-PU-005,,,,,,,,,,,,,,,,,,,
7,TCMG,Processing Plant,REC,Gold Recovery,Elution,ELA01 Elution Ancillary,TCMG-PP-GR-ELUT-ELANC01,ELA01-PMP01,Elution Column Sump And Pump,TCMG-PP-GR-ELUT-ELANC01,,,Elution Column Sump Pump,Motor,,AEMBUCD40 D132S,,,,,,,,,,,,,,,
6,TCMG,Processing Plant,REC,Gold Recovery,Elution,ELA01 Elution Ancillary,TCMG-PP-GR-ELUT-ELANC01,ELA01-VLV03,Butterfly Valve 50mm,TCMG-PP-GR-ELUT-ELANC01,V109-50V05,,,,,,,,,,,,,,,,,,,
6,TCMG,Processing Plant,REC,Gold Recovery,Elution,ELA01 Elution Ancillary,TCMG-PP-GR-ELUT-ELANC01,ELA01-VLV02,Check Valve 50mm,TCMG-PP-GR-ELUT-ELANC01,V108-50V08,,,,,,,,,,,,,,,,,,,
6,TCMG,Processing Plant,REC,Gold Recovery,Elution,ELA01 Elution Ancillary,TCMG-PP-GR-ELUT-ELANC01,ELA01-VLV15,Butterfly Valve 50mm,TCMG-PP-GR-ELUT-ELANC01,V162-50V05,,,,,,,,,,,,,,,,,,,
6,TCMG,Processing Plant,REC,Gold Recovery,Elution,ELA01 Elution Ancillary,TCMG-PP-GR-ELUT-ELANC01,ELA01-VLV16,Butterfly Valve 80mm,TCMG-PP-GR-ELUT-ELANC01,V163-80V05,,,,,,,,,,,,,,,,,,,
6,TCMG,Processing Plant,REC,Gold Recovery,Elution,ELA01 Elution Ancillary,TCMG-PP-GR-ELUT-ELANC01,ELA01-VLV17,Butterfly Valve 50mm,TCMG-PP-GR-ELUT-ELANC01,V164-50V05,,,,,,,,,,,,,,,,,,,
6,TCMG,Processing Plant,REC,Gold Recovery,Elution,ELA01 Elution Ancillary,TCMG-PP-GR-ELUT-ELANC01,ELA01-VLV13,Ball Valve 15mm,TCMG-PP-GR-ELUT-ELANC01,V155-15V01,,,,,,,,,,,,,,,,,,,
6,TCMG,Processing Plant,REC,Gold Recovery,Elution,ELA01 Elution Ancillary,TCMG-PP-GR-ELUT-ELANC01,ELA01-VLV19,50mm Valve,TCMG-PP-GR-ELUT-ELANC01,V167-50V9,,,,,,,,,,,,,,,,,,,
6,TCMG,Processing Plant,REC,Gold Recovery,Elution,ELA01 Elution Ancillary,TCMG-PP-GR-ELUT-ELANC01,ELA01-VLV11,Butterfly Valve 80mm,TCMG-PP-GR-ELUT-ELANC01,V153-80V05,,,,,,,,,,,,,,,,,,,
6,TCMG,Processing Plant,REC,Gold Recovery,Elution,ELA01 Elution Ancillary,TCMG-PP-GR-ELUT-ELANC01,ELA01-VLV20,Knife Gate Valve 50mm,TCMG-PP-GR-ELUT-ELANC01,V168-50V10,,,,,,,,,,,,,,,,,,,
6,TCMG,Processing Plant,REC,Gold Recovery,Elution,ELA01 Elution Ancillary,TCMG-PP-GR-ELUT-ELANC01,ELA01-VLV14,Ball Valve 25mm,TCMG-PP-GR-ELUT-ELANC01,V156-25V01,,,,,,,,,,,,,,,,,,,
6,TCMG,Processing Plant,REC,Gold Recovery,Elution,ELA01 Elution Ancillary,TCMG-PP-GR-ELUT-ELANC01,ELA01-VLV12,Ball Valve 25mm,TCMG-PP-GR-ELUT-ELANC01,V154-25V01,,,,,,,,,,,,,,,,,,,
6,TCMG,Processing Plant,REC,Gold Recovery,Elution,ELA01 Elution Ancillary,TCMG-PP-GR-ELUT-ELANC01,ELA01-VLV09,Butterfly Valve 50mm,TCMG-PP-GR-ELUT-ELANC01,V148-50V05,,,,,,,,,,,,,,,,,,,
6,TCMG,Processing Plant,REC,Gold Recovery,Elution,ELA01 Elution Ancillary,TCMG-PP-GR-ELUT-ELANC01,ELA01-VLV18,Ball Valve 25mm,TCMG-PP-GR-ELUT-ELANC01,V165-25V01,,,,,,,,,,,,,,,,,,,
6,TCMG,Processing Plant,REC,Gold Recovery,Elution,ELA01 Elution Ancillary,TCMG-PP-GR-ELUT-ELANC01,ELA01-VLV21,Ball Valve 25mm,TCMG-PP-GR-ELUT-ELANC01,V169-25V01,,,,,,,,,,,,,,,,,,,
6,TCMG,Processing Plant,REC,Gold Recovery,Elution,ELA01 Elution Ancillary,TCMG-PP-GR-ELUT-ELANC01,ELA01-VLV10,Ball Valve 50mm,TCMG-PP-GR-ELUT-ELANC01,V152-50V01,,,,,,,,,,,,,,,,,,,
6,TCMG,Processing Plant,REC,Gold Recovery,Elution,ELA01 Elution Ancillary,TCMG-PP-GR-ELUT-ELANC01,ELA01-VLV05,Butterfly Valve 50mm,TCMG-PP-GR-ELUT-ELANC01,V113-50V05,,,,,,,,,,,,,,,,,,,
6,TCMG,Processing Plant,REC,Gold Recovery,Elution,ELA01 Elution Ancillary,TCMG-PP-GR-ELUT-ELANC01,ELA01-VLV06,Butterfly Valve 50mm,TCMG-PP-GR-ELUT-ELANC01,V115-50V05,,,,,,,,,,,,,,,,,,,
6,TCMG,Processing Plant,REC,Gold Recovery,Elution,ELA01 Elution Ancillary,TCMG-PP-GR-ELUT-ELANC01,ELA01-VLV07,Butterfly Valve 50mm,TCMG-PP-GR-ELUT-ELANC01,V115A-50V05,,,,,,,,,,,,,,,,,,,
6,TCMG,Processing Plant,REC,Gold Recovery,Elution,ELA01 Elution Ancillary,TCMG-PP-GR-ELUT-ELANC01,ELA01-VLV01,Ball Valve 25mm,TCMG-PP-GR-ELUT-ELANC01,V106-25V01,,,,,,,,,,,,,,,,,,,
6,TCMG,Processing Plant,REC,Gold Recovery,Elution,ELA01 Elution Ancillary,TCMG-PP-GR-ELUT-ELANC01,ELA01-VLV04,Butterfly Valve 50mm,TCMG-PP-GR-ELUT-ELANC01,V110-50V05,,,,,,,,,,,,,,,,,,,
6,TCMG,Processing Plant,REC,Gold Recovery,Elution,ELA01 Elution Ancillary,TCMG-PP-GR-ELUT-ELANC01,ELA01-VLV23,Check Valve 50mm,TCMG-PP-GR-ELUT-ELANC01,V171-50V08,,,,,,,,,,,,,,,,,,,
6,TCMG,Processing Plant,REC,Gold Recovery,Elution,ELA01 Elution Ancillary,TCMG-PP-GR-ELUT-ELANC01,ELA01-VLV22,Ball Valve 15mm,TCMG-PP-GR-ELUT-ELANC01,V170-15V01,,,,,,,,,,,,,,,,,,,
6,TCMG,Processing Plant,REC,Gold Recovery,Elution,ELA01 Elution Ancillary,TCMG-PP-GR-ELUT-ELANC01,ELA01-VLV08,Ball Valve 25mm,TCMG-PP-GR-ELUT-ELANC01,V125-25V01,,,,,,,,,,,,,,,,,,,
6,TCMG,Processing Plant,REC,Gold Recovery,Elution,ELA01 Elution Ancillary,TCMG-PP-GR-ELUT-ELANC01,ELA01-PI01,Pressure Indicator,TCMG-PP-GR-ELUT-ELANC01,PI-250kPa,,,,,,,,,,,,,,,,,,,
6,TCMG,Processing Plant,REC,Gold Recovery,Elution,ELA01 Elution Ancillary,TCMG-PP-GR-ELUT-ELANC01,ELA01-PI02,Pressure Indicator,TCMG-PP-GR-ELUT-ELANC01,PI-600kPa,,,,,,,,,,,,,,,,,,,
4,TCMG,Processing Plant,REC,Gold Recovery,Carbon Regeneration,,,,,,,,,,,,,,,,,,,,,,,,,
5,TCMG,Processing Plant,REC,Gold Recovery,Carbon Regeneration,CREG01 Carbon Regen System,TCMG-PP-GR-CREGEN-CREG01,,,,,,,,,,,,,,,,,,,,,,,
6,TCMG,Processing Plant,REC,Gold Recovery,Carbon Regeneration,CREG01 Carbon Regen System,TCMG-PP-GR-CREGEN-CREG01,CREG01-PIPE04,Pipe – Regenerated Carbon,TCMG-PP-GR-CREGEN-CREG01,083-SCS-HD2-63-PN12.5,,,,,,,,,,,,,,,,,,,
6,TCMG,Processing Plant,REC,Gold Recovery,Carbon Regeneration,CREG01 Carbon Regen System,TCMG-PP-GR-CREGEN-CREG01,CREG01-PIPE03,Pipe – Carbon Transfer Return Water,TCMG-PP-GR-CREGEN-CREG01,082-SCS-HD2-63-PN12.5,,,,,,,,,,,,,,,,,,,
6,TCMG,Processing Plant,REC,Gold Recovery,Carbon Regeneration,CREG01 Carbon Regen System,TCMG-PP-GR-CREGEN-CREG01,CREG01-PIPE01,Pipe – Diesel Supply (Carbon Regen Kiln),TCMG-PP-GR-CREGEN-CREG01,063-OD-CS1-25,,,,,,,,,,,,,,,,,,,
6,TCMG,Processing Plant,REC,Gold Recovery,Carbon Regeneration,CREG01 Carbon Regen System,TCMG-PP-GR-CREGEN-CREG01,CREG01-SCN01,Barren Carbon Dewatering Screen,TCMG-PP-GR-CREGEN-CREG01,08-SC-001,,,,,,,,,,,,,,,,,,,
6,TCMG,Processing Plant,REC,Gold Recovery,Carbon Regeneration,CREG01 Carbon Regen System,TCMG-PP-GR-CREGEN-CREG01,CREG01-HOP01,Regenerated Carbon Hopper,TCMG-PP-GR-CREGEN-CREG01,08-HP-002,,,,,,,,,,,,,,,,,,,
6,TCMG,Processing Plant,REC,Gold Recovery,Carbon Regeneration,CREG01 Carbon Regen System,TCMG-PP-GR-CREGEN-CREG01,CREG01-PMP01,Carbon Transfer Pump,TCMG-PP-GR-CREGEN-CREG01,08-PU-006,,,,,,,,,,,,,,,,,,,
7,TCMG,Processing Plant,REC,Gold Recovery,Carbon Regeneration,CREG01 Carbon Regen System,TCMG-PP-GR-CREGEN-CREG01,CREG01-PMP01,Carbon Transfer Pump,TCMG-PP-GR-CREGEN-CREG01,,,Motor,Motor,,AEMBUCD40 D100L,,,,,,,,,,,,,,,
7,TCMG,Processing Plant,REC,Gold Recovery,Carbon Regeneration,CREG01 Carbon Regen System,TCMG-PP-GR-CREGEN-CREG01,CREG01-PMP01,Carbon Transfer Pump,TCMG-PP-GR-CREGEN-CREG01,,,Belt,Belt,,SPB 1260,,,,,,,,,,,,,,,
7,TCMG,Processing Plant,REC,Gold Recovery,Carbon Regeneration,CREG01 Carbon Regen System,TCMG-PP-GR-CREGEN-CREG01,CREG01-PMP01,Carbon Transfer Pump,TCMG-PP-GR-CREGEN-CREG01,,,Wert end,Wert end,,212TC Metal,,,,,,,,,,,,,,,
6,TCMG,Processing Plant,REC,Gold Recovery,Carbon Regeneration,CREG01 Carbon Regen System,TCMG-PP-GR-CREGEN-CREG01,CREG01-SMP01,Regen Area Sump And Sump Pump,TCMG-PP-GR-CREGEN-CREG01,08-PU-007,,,,,,,,,,,,,,,,,,,
7,TCMG,Processing Plant,REC,Gold Recovery,Carbon Regeneration,CREG01 Carbon Regen System,TCMG-PP-GR-CREGEN-CREG01,CREG01-SMP01,Regen Area Sump And Sump Pump,TCMG-PP-GR-CREGEN-CREG01,,,Motor,Motor,,AEMBUCD40 D132S,,,,,,,,,,,,,,,
7,TCMG,Processing Plant,REC,Gold Recovery,Carbon Regeneration,CREG01 Carbon Regen System,TCMG-PP-GR-CREGEN-CREG01,CREG01-SMP01,Regen Area Sump And Sump Pump,TCMG-PP-GR-CREGEN-CREG01,,,Motor Pulley,Motor Pulley,,Motor Pulley,,,,,,,,,,,,,,,
7,TCMG,Processing Plant,REC,Gold Recovery,Carbon Regeneration,CREG01 Carbon Regen System,TCMG-PP-GR-CREGEN-CREG01,CREG01-SMP01,Regen Area Sump And Sump Pump,TCMG-PP-GR-CREGEN-CREG01,,,Pump Pulley,Pump Pulley,,Pump Pulley,,,,,,,,,,,,,,,
7,TCMG,Processing Plant,REC,Gold Recovery,Carbon Regeneration,CREG01 Carbon Regen System,TCMG-PP-GR-CREGEN-CREG01,CREG01-SMP01,Regen Area Sump And Sump Pump,TCMG-PP-GR-CREGEN-CREG01,,,Belts,Belts,,SPB 1360,,,,,,,,,,,,,,,
7,TCMG,Processing Plant,REC,Gold Recovery,Carbon Regeneration,CREG01 Carbon Regen System,TCMG-PP-GR-CREGEN-CREG01,CREG01-SMP01,Regen Area Sump And Sump Pump,TCMG-PP-GR-CREGEN-CREG01,,,Wet end,Wet end,,40 PV SPG (Metal),,,,,,,,,,,,,,,
6,TCMG,Processing Plant,REC,Gold Recovery,Carbon Regeneration,CREG01 Carbon Regen System,TCMG-PP-GR-CREGEN-CREG01,CREG01-VLV05,Ball Valve 54mm,TCMG-PP-GR-CREGEN-CREG01,54V01,,,,,,,,,,,,,,,,,,,
6,TCMG,Processing Plant,REC,Gold Recovery,Carbon Regeneration,CREG01 Carbon Regen System,TCMG-PP-GR-CREGEN-CREG01,CREG01-VLV01,Ball Valve 15mm,TCMG-PP-GR-CREGEN-CREG01,15V01 (multiple),,,,,,,,,,,,,,,,,,,
6,TCMG,Processing Plant,REC,Gold Recovery,Carbon Regeneration,CREG01 Carbon Regen System,TCMG-PP-GR-CREGEN-CREG01,CREG01-VLV02,Ball Valve 25mm,TCMG-PP-GR-CREGEN-CREG01,25V01 (multiple),,,,,,,,,,,,,,,,,,,
6,TCMG,Processing Plant,REC,Gold Recovery,Carbon Regeneration,CREG01 Carbon Regen System,TCMG-PP-GR-CREGEN-CREG01,CREG01-VLV03,Butterfly Valve 50mm,TCMG-PP-GR-CREGEN-CREG01,50V05-V178,,,,,,,,,,,,,,,,,,,
6,TCMG,Processing Plant,REC,Gold Recovery,Carbon Regeneration,CREG01 Carbon Regen System,TCMG-PP-GR-CREGEN-CREG01,CREG01-VLV04,Butterfly Valve 50mm,TCMG-PP-GR-CREGEN-CREG01,50V05-V186,,,,,,,,,,,,,,,,,,,
6,TCMG,Processing Plant,REC,Gold Recovery,Carbon Regeneration,CREG01 Carbon Regen System,TCMG-PP-GR-CREGEN-CREG01,CREG01-PIPE05,Pipe – Barren Carbon to Regen Kiln,TCMG-PP-GR-CREGEN-CREG01,084-LOB-HD1-90-PN12.5,,,,,,,,,,,,,,,,,,,
6,TCMG,Processing Plant,REC,Gold Recovery,Carbon Regeneration,CREG01 Carbon Regen System,TCMG-PP-GR-CREGEN-CREG01,CREG01-PIPE06,Pipe – Lime Slurry Line DN110 HDPE,TCMG-PP-GR-CREGEN-CREG01,175-LMK-HD1-110-PN12.5,,,,,,,,,,,,,,,,,,,
6,TCMG,Processing Plant,REC,Gold Recovery,Carbon Regeneration,CREG01 Carbon Regen System,TCMG-PP-GR-CREGEN-CREG01,CREG01-PIPE02,Pipe – Sump Discharge (Carbon Regen Area),TCMG-PP-GR-CREGEN-CREG01,081-SU-HD1-63-PN12.5,,,,,,,,,,,,,,,,,,,
6,TCMG,Processing Plant,REC,Gold Recovery,Carbon Regeneration,CREG01 Carbon Regen System,TCMG-PP-GR-CREGEN-CREG01,CREG01-PIPE07,Pipe – HD Service Line DN90,TCMG-PP-GR-CREGEN-CREG01,HD1-90-PN6,,,,,,,,,,,,,,,,,,,
5,TCMG,Processing Plant,REC,Gold Recovery,Carbon Regeneration,KLN01 Regeneration Kiln,TCMG-PP-GR-CREGEN-CREG01,,,,,,,,,,,,,,,,,,,,,,,
6,TCMG,Processing Plant,REC,Gold Recovery,Carbon Regeneration,KLN01 Regeneration Kiln,TCMG-PP-GR-CREGEN-CREG01,KLN01-HOP01,Regen Kiln Feed Hopper,TCMG-PP-GR-CREGEN-CREG01,08-HP-001,,,,,,,,,,,,,,,,,,,
6,TCMG,Processing Plant,REC,Gold Recovery,Carbon Regeneration,KLN01 Regeneration Kiln,TCMG-PP-GR-CREGEN-CREG01,KLN01-INS01,Temperature Indicator Zone 1,TCMG-PP-GR-CREGEN-CREG01,TI-Zone1,,,,,,,,,,,,,,,,,,,
6,TCMG,Processing Plant,REC,Gold Recovery,Carbon Regeneration,KLN01 Regeneration Kiln,TCMG-PP-GR-CREGEN-CREG01,KLN01-INS02,Temperature Indicator Zone 2,TCMG-PP-GR-CREGEN-CREG01,TI-Zone2,,,,,,,,,,,,,,,,,,,
6,TCMG,Processing Plant,REC,Gold Recovery,Carbon Regeneration,KLN01 Regeneration Kiln,TCMG-PP-GR-CREGEN-CREG01,KLN01-INS03,Temperature Indicator Zone 3,TCMG-PP-GR-CREGEN-CREG01,TI-Zone3,,,,,,,,,,,,,,,,,,,
6,TCMG,Processing Plant,REC,Gold Recovery,Carbon Regeneration,KLN01 Regeneration Kiln,TCMG-PP-GR-CREGEN-CREG01,KLN01,Carbon Regeneration Kiln,TCMG-PP-GR-CREGEN-KLN01,08-KN-001,,,,,,,,,,,,,,,,,,,
7,TCMG,Processing Plant,REC,Gold Recovery,Carbon Regeneration,KLN01 Regeneration Kiln,TCMG-PP-GR-CREGEN-CREG01,KLN01,Carbon Regeneration Kiln,TCMG-PP-GR-CREGEN-KLN01,,,"Chain 1.25""P x 5m Long c/w M","Chain 1.25""P x 5m Long c/w M",,CHAIN-23,,,,,,,,,,,,,,,
7,TCMG,Processing Plant,REC,Gold Recovery,Carbon Regeneration,KLN01 Regeneration Kiln,TCMG-PP-GR-CREGEN-CREG01,KLN01,Carbon Regeneration Kiln,TCMG-PP-GR-CREGEN-KLN01,,,Controller UTC 416-101-000-02-D,Controller UTC 416-101-000-02-D,,CONTR-54,,,,,,,,,,,,,,,
7,TCMG,Processing Plant,REC,Gold Recovery,Carbon Regeneration,KLN01 Regeneration Kiln,TCMG-PP-GR-CREGEN-CREG01,KLN01,Carbon Regeneration Kiln,TCMG-PP-GR-CREGEN-KLN01,,,"Sight Glass 0,5""","Sight Glass 0,5""",,GLAS-1,,,,,,,,,,,,,,,
7,TCMG,Processing Plant,REC,Gold Recovery,Carbon Regeneration,KLN01 Regeneration Kiln,TCMG-PP-GR-CREGEN-CREG01,KLN01,Carbon Regeneration Kiln,TCMG-PP-GR-CREGEN-KLN01,,,Controller UTC9 14-102-100-02-A,Controller UTC9 14-102-100-02-A,,CONTR-53,,,,,,,,,,,,,,,
7,TCMG,Processing Plant,REC,Gold Recovery,Carbon Regeneration,KLN01 Regeneration Kiln,TCMG-PP-GR-CREGEN-CREG01,KLN01,Carbon Regeneration Kiln,TCMG-PP-GR-CREGEN-KLN01,,,"Chain Tensioner 1.25""P NSE45 c/w Sprocket","Chain Tensioner 1.25""P NSE45 c/w Sprocket",,TENS-6,,,,,,,,,,,,,,,
7,TCMG,Processing Plant,REC,Gold Recovery,Carbon Regeneration,KLN01 Regeneration Kiln,TCMG-PP-GR-CREGEN-CREG01,KLN01,Carbon Regeneration Kiln,TCMG-PP-GR-CREGEN-KLN01,,,Bearing UCP312,Bearing UCP312,,BEARING-29,,,,,,,,,,,,,,,
7,TCMG,Processing Plant,REC,Gold Recovery,Carbon Regeneration,KLN01 Regeneration Kiln,TCMG-PP-GR-CREGEN-CREG01,KLN01,Carbon Regeneration Kiln,TCMG-PP-GR-CREGEN-KLN01,,,"Clutch AL35 CW 15t 1,25'P Sprocket","Clutch AL35 CW 15t 1,25'P Sprocket",,CLUT-14,,,,,,,,,,,,,,,
7,TCMG,Processing Plant,REC,Gold Recovery,Carbon Regeneration,KLN01 Regeneration Kiln,TCMG-PP-GR-CREGEN-CREG01,KLN01,Carbon Regeneration Kiln,TCMG-PP-GR-CREGEN-KLN01,,,Thermocouple T95-150FMK9D-44F24B,Thermocouple T95-150FMK9D-44F24B,,THERMO-27,,,,,,,,,,,,,,,
7,TCMG,Processing Plant,REC,Gold Recovery,Carbon Regeneration,KLN01 Regeneration Kiln,TCMG-PP-GR-CREGEN-CREG01,KLN01,Carbon Regeneration Kiln,TCMG-PP-GR-CREGEN-KLN01,,,Charge Seal 406 I/d x 650 o/t,Charge Seal 406 I/d x 650 o/t,,SEAL-10,,,,,,,,,,,,,,,
7,TCMG,Processing Plant,REC,Gold Recovery,Carbon Regeneration,KLN01 Regeneration Kiln,TCMG-PP-GR-CREGEN-CREG01,KLN01,Carbon Regeneration Kiln,TCMG-PP-GR-CREGEN-KLN01,,,Controller FA211-101000-K06,Controller FA211-101000-K06,,CONTR-66,,,,,,,,,,,,,,,
7,TCMG,Processing Plant,REC,Gold Recovery,Carbon Regeneration,KLN01 Regeneration Kiln,TCMG-PP-GR-CREGEN-CREG01,KLN01,Carbon Regeneration Kiln,TCMG-PP-GR-CREGEN-KLN01,,,Fire Valve for Diesel,Fire Valve for Diesel,,VALV-04,,,,,,,,,,,,,,,
7,TCMG,Processing Plant,REC,Gold Recovery,Carbon Regeneration,KLN01 Regeneration Kiln,TCMG-PP-GR-CREGEN-CREG01,KLN01,Carbon Regeneration Kiln,TCMG-PP-GR-CREGEN-KLN01,,,Bearing UCF212,Bearing UCF212,,BEAR-15,,,,,,,,,,,,,,,
7,TCMG,Processing Plant,REC,Gold Recovery,Carbon Regeneration,KLN01 Regeneration Kiln,TCMG-PP-GR-CREGEN-CREG01,KLN01,Carbon Regeneration Kiln,TCMG-PP-GR-CREGEN-KLN01,,,TCL Reference : FR-OL5-1-330,TCL Reference : FR-OL5-1-330,,level-3,,,,,,,,,,,,,,,
7,TCMG,Processing Plant,REC,Gold Recovery,Carbon Regeneration,KLN01 Regeneration Kiln,TCMG-PP-GR-CREGEN-CREG01,KLN01,Carbon Regeneration Kiln,TCMG-PP-GR-CREGEN-KLN01,,,Thermocouple T95.400IK9D-414B,Thermocouple T95.400IK9D-414B,,TEMP-7,,,,,,,,,,,,,,,
7,TCMG,Processing Plant,REC,Gold Recovery,Carbon Regeneration,KLN01 Regeneration Kiln,TCMG-PP-GR-CREGEN-CREG01,KLN01,Carbon Regeneration Kiln,TCMG-PP-GR-CREGEN-KLN01,,,Seal - Tadpole dia. 40x60 tail x 5.5m L,Seal - Tadpole dia. 40x60 tail x 5.5m L,,SEAL-63,,,,,,,,,,,,,,,
7,TCMG,Processing Plant,REC,Gold Recovery,Carbon Regeneration,KLN01 Regeneration Kiln,TCMG-PP-GR-CREGEN-CREG01,KLN01,Carbon Regeneration Kiln,TCMG-PP-GR-CREGEN-KLN01,,,Thermocouple T96.4-400-IK9D-414B,Thermocouple T96.4-400-IK9D-414B,,THER-09,,,,,,,,,,,,,,,
7,TCMG,Processing Plant,REC,Gold Recovery,Carbon Regeneration,KLN01 Regeneration Kiln,TCMG-PP-GR-CREGEN-CREG01,KLN01,Carbon Regeneration Kiln,TCMG-PP-GR-CREGEN-KLN01,,,Retort Seals 667id x767x950id,Retort Seals 667id x767x950id,,SEAL-78,,,,,,,,,,,,,,,
7,TCMG,Processing Plant,REC,Gold Recovery,Carbon Regeneration,KLN01 Regeneration Kiln,TCMG-PP-GR-CREGEN-CREG01,KLN01,Carbon Regeneration Kiln,TCMG-PP-GR-CREGEN-KLN01,,,Burner GX3.22TC,Burner GX3.22TC,,BURN-7,,,,,,,,,,,,,,,
6,TCMG,Processing Plant,REC,Gold Recovery,Carbon Regeneration,KLN01 Regeneration Kiln,TCMG-PP-GR-CREGEN-CREG01,KLN01-SCF01,Regen Kiln Screw Feeder,TCMG-PP-GR-CREGEN-KLN01,08-FE-001,,,,,,,,,,,,,,,,,,,
7,TCMG,Processing Plant,REC,Gold Recovery,Carbon Regeneration,KLN01 Regeneration Kiln,TCMG-PP-GR-CREGEN-CREG01,KLN01-SCF01,Regen Kiln Screw Feeder,TCMG-PP-GR-CREGEN-KLN01,,,Motor,Motor,,MTE8 W22M,,,,,,,,,,,,,,,
6,TCMG,Processing Plant,REC,Gold Recovery,Carbon Regeneration,KLN01 Regeneration Kiln,TCMG-PP-GR-CREGEN-CREG01,KLN01-BRN01,Regeneration Kiln Burners,TCMG-PP-GR-CREGEN-KLN01,08-BU-003,,,,,,,,,,,,,,,,,,,
4,TCMG,Processing Plant,REC,Gold Recovery,Gold Room,,,,,,,,,,,,,,,,,,,,,,,,,
5,TCMG,Processing Plant,REC,Gold Recovery,Gold Room,EW01 Electrowinning,TCMG-PP-GR-GROOM-EW01,,,,,,,,,,,,,,,,,,,,,,,
6,TCMG,Processing Plant,REC,Gold Recovery,Gold Room,EW01 Electrowinning,TCMG-PP-GR-GROOM-EW01,EW01-SHW01,Elution Area Safety Shower,TCMG-PP-GR-GROOM-EW01,08-SS-002,,,,,,,,,,,,,,,,,,,
7,TCMG,Processing Plant,REC,Gold Recovery,Gold Room,EW01 Electrowinning,TCMG-PP-GR-GROOM-EW01,EW01-SHW01,Elution Area Safety Shower,TCMG-PP-GR-GROOM-EW01,,,Full Unit,Full Unit,,SE607,,,,,,,,,,,,,,,
6,TCMG,Processing Plant,REC,Gold Recovery,Gold Room,EW01 Electrowinning,TCMG-PP-GR-GROOM-EW01,EW01-PIPE03,Pipe – Elution Eluate,TCMG-PP-GR-GROOM-EW01,072-LEL-CS1-50,,,,,,,,,,,,,,,,,,,
6,TCMG,Processing Plant,REC,Gold Recovery,Gold Room,EW01 Electrowinning,TCMG-PP-GR-GROOM-EW01,EW01-FPT01,Elution Flashpot,TCMG-PP-GR-GROOM-EW01,08-FP-001,,,,,,,,,,,,,,,,,,,
6,TCMG,Processing Plant,REC,Gold Recovery,Gold Room,EW01 Electrowinning,TCMG-PP-GR-GROOM-EW01,EW01-RECT01,EW Rectifier 1,TCMG-PP-GR-GROOM-EW01,08-RC-001,,,,,,,,,,,,,,,,,,,
7,TCMG,Processing Plant,REC,Gold Recovery,Gold Room,EW01 Electrowinning,TCMG-PP-GR-GROOM-EW01,EW01-RECT01,EW Rectifier 1,TCMG-PP-GR-GROOM-EW01,,,Electrowinning Cell Rectifier,"RC Chain 27R 15nK, 15V",,EB00000011,,,,,,,,,,,,,,,
7,TCMG,Processing Plant,REC,Gold Recovery,Gold Room,EW01 Electrowinning,TCMG-PP-GR-GROOM-EW01,EW01-RECT01,EW Rectifier 1,TCMG-PP-GR-GROOM-EW01,,,Electrowinning Cell Rectifier,Mains Filter Board NK9-9 460V,,EB00000076,,,,,,,,,,,,,,,
7,TCMG,Processing Plant,REC,Gold Recovery,Gold Room,EW01 Electrowinning,TCMG-PP-GR-GROOM-EW01,EW01-RECT01,EW Rectifier 1,TCMG-PP-GR-GROOM-EW01,,,Electrowinning Cell Rectifier,Power Supply Board IGTR8x,,EB00001189,,,,,,,,,,,,,,,
7,TCMG,Processing Plant,REC,Gold Recovery,Gold Room,EW01 Electrowinning,TCMG-PP-GR-GROOM-EW01,EW01-RECT01,EW Rectifier 1,TCMG-PP-GR-GROOM-EW01,,,Electrowinning Cell Rectifier,Regulation Board DSQ117,,EB00001299,,,,,,,,,,,,,,,
7,TCMG,Processing Plant,REC,Gold Recovery,Gold Room,EW01 Electrowinning,TCMG-PP-GR-GROOM-EW01,EW01-RECT01,EW Rectifier 1,TCMG-PP-GR-GROOM-EW01,,,Electrowinning Cell Rectifier,ZKON 460V 30kW Large Bd,,EB00001484,,,,,,,,,,,,,,,
7,TCMG,Processing Plant,REC,Gold Recovery,Gold Room,EW01 Electrowinning,TCMG-PP-GR-GROOM-EW01,EW01-RECT01,EW Rectifier 1,TCMG-PP-GR-GROOM-EW01,,,Electrowinning Cell Rectifier,Mains Filter Board NK-ES5,,EB00001802,,,,,,,,,,,,,,,
7,TCMG,Processing Plant,REC,Gold Recovery,Gold Room,EW01 Electrowinning,TCMG-PP-GR-GROOM-EW01,EW01-RECT01,EW Rectifier 1,TCMG-PP-GR-GROOM-EW01,,,Electrowinning Cell Rectifier,Capacitor 6800uF 40V,,EC00000233,,,,,,,,,,,,,,,
7,TCMG,Processing Plant,REC,Gold Recovery,Gold Room,EW01 Electrowinning,TCMG-PP-GR-GROOM-EW01,EW01-RECT01,EW Rectifier 1,TCMG-PP-GR-GROOM-EW01,,,Electrowinning Cell Rectifier,Mains Diode Bridge SKD 62/16,,ED00000037,,,,,,,,,,,,,,,
7,TCMG,Processing Plant,REC,Gold Recovery,Gold Room,EW01 Electrowinning,TCMG-PP-GR-GROOM-EW01,EW01-RECT01,EW Rectifier 1,TCMG-PP-GR-GROOM-EW01,,,Electrowinning Cell Rectifier,Diode Module DSS 2x 160-01A,,ED00000102,,,,,,,,,,,,,,,
7,TCMG,Processing Plant,REC,Gold Recovery,Gold Room,EW01 Electrowinning,TCMG-PP-GR-GROOM-EW01,EW01-RECT01,EW Rectifier 1,TCMG-PP-GR-GROOM-EW01,,,Electrowinning Cell Rectifier,IGBT SKM200GB125D&SM113 90 Deg,,ET00000166,,,,,,,,,,,,,,,
7,TCMG,Processing Plant,REC,Gold Recovery,Gold Room,EW01 Electrowinning,TCMG-PP-GR-GROOM-EW01,EW01-RECT01,EW Rectifier 1,TCMG-PP-GR-GROOM-EW01,,,Electrowinning Cell Rectifier,"Fuse 2A / 1000V FF 6, 3 x 32mm",,EZ00000257,,,,,,,,,,,,,,,
7,TCMG,Processing Plant,REC,Gold Recovery,Gold Room,EW01 Electrowinning,TCMG-PP-GR-GROOM-EW01,EW01-RECT01,EW Rectifier 1,TCMG-PP-GR-GROOM-EW01,,,Electrowinning Cell Rectifier,Fan AFB1224SHE 24V,,ML00000110,,,,,,,,,,,,,,,
6,TCMG,Processing Plant,REC,Gold Recovery,Gold Room,EW01 Electrowinning,TCMG-PP-GR-GROOM-EW01,EW01-RECT02,EW Rectifier 2,TCMG-PP-GR-GROOM-EW01,08-RC-002,,,,,,,,,,,,,,,,,,,
7,TCMG,Processing Plant,REC,Gold Recovery,Gold Room,EW01 Electrowinning,TCMG-PP-GR-GROOM-EW01,EW01-RECT02,EW Rectifier 2,TCMG-PP-GR-GROOM-EW01,,,Electrowinning Cell Rectifier,"RC Chain 27R 15nK, 15V",,EB00000011,,,,,,,,,,,,,,,
7,TCMG,Processing Plant,REC,Gold Recovery,Gold Room,EW01 Electrowinning,TCMG-PP-GR-GROOM-EW01,EW01-RECT02,EW Rectifier 2,TCMG-PP-GR-GROOM-EW01,,,Electrowinning Cell Rectifier,Mains Filter Board NK9-9 460V,,EB00000076,,,,,,,,,,,,,,,
7,TCMG,Processing Plant,REC,Gold Recovery,Gold Room,EW01 Electrowinning,TCMG-PP-GR-GROOM-EW01,EW01-RECT02,EW Rectifier 2,TCMG-PP-GR-GROOM-EW01,,,Electrowinning Cell Rectifier,Power Supply Board IGTR8x,,EB00001189,,,,,,,,,,,,,,,
7,TCMG,Processing Plant,REC,Gold Recovery,Gold Room,EW01 Electrowinning,TCMG-PP-GR-GROOM-EW01,EW01-RECT02,EW Rectifier 2,TCMG-PP-GR-GROOM-EW01,,,Electrowinning Cell Rectifier,Regulation Board DSQ117,,EB00001299,,,,,,,,,,,,,,,
7,TCMG,Processing Plant,REC,Gold Recovery,Gold Room,EW01 Electrowinning,TCMG-PP-GR-GROOM-EW01,EW01-RECT02,EW Rectifier 2,TCMG-PP-GR-GROOM-EW01,,,Electrowinning Cell Rectifier,ZKON 460V 30kW Large Bd,,EB00001484,,,,,,,,,,,,,,,
7,TCMG,Processing Plant,REC,Gold Recovery,Gold Room,EW01 Electrowinning,TCMG-PP-GR-GROOM-EW01,EW01-RECT02,EW Rectifier 2,TCMG-PP-GR-GROOM-EW01,,,Electrowinning Cell Rectifier,Mains Filter Board NK-ES5,,EB00001802,,,,,,,,,,,,,,,
7,TCMG,Processing Plant,REC,Gold Recovery,Gold Room,EW01 Electrowinning,TCMG-PP-GR-GROOM-EW01,EW01-RECT02,EW Rectifier 2,TCMG-PP-GR-GROOM-EW01,,,Electrowinning Cell Rectifier,Capacitor 6800uF 40V,,EC00000233,,,,,,,,,,,,,,,
7,TCMG,Processing Plant,REC,Gold Recovery,Gold Room,EW01 Electrowinning,TCMG-PP-GR-GROOM-EW01,EW01-RECT02,EW Rectifier 2,TCMG-PP-GR-GROOM-EW01,,,Electrowinning Cell Rectifier,Mains Diode Bridge SKD 62/16,,ED00000037,,,,,,,,,,,,,,,
7,TCMG,Processing Plant,REC,Gold Recovery,Gold Room,EW01 Electrowinning,TCMG-PP-GR-GROOM-EW01,EW01-RECT02,EW Rectifier 2,TCMG-PP-GR-GROOM-EW01,,,Electrowinning Cell Rectifier,Diode Module DSS 2x 160-01A,,ED00000102,,,,,,,,,,,,,,,
7,TCMG,Processing Plant,REC,Gold Recovery,Gold Room,EW01 Electrowinning,TCMG-PP-GR-GROOM-EW01,EW01-RECT02,EW Rectifier 2,TCMG-PP-GR-GROOM-EW01,,,Electrowinning Cell Rectifier,IGBT SKM200GB125D&SM113 90 Deg,,ET00000166,,,,,,,,,,,,,,,
7,TCMG,Processing Plant,REC,Gold Recovery,Gold Room,EW01 Electrowinning,TCMG-PP-GR-GROOM-EW01,EW01-RECT02,EW Rectifier 2,TCMG-PP-GR-GROOM-EW01,,,Electrowinning Cell Rectifier,"Fuse 2A / 1000V FF 6, 3 x 32mm",,EZ00000257,,,,,,,,,,,,,,,
7,TCMG,Processing Plant,REC,Gold Recovery,Gold Room,EW01 Electrowinning,TCMG-PP-GR-GROOM-EW01,EW01-RECT02,EW Rectifier 2,TCMG-PP-GR-GROOM-EW01,,,Electrowinning Cell Rectifier,Fan AFB1224SHE 24V,,ML00000110,,,,,,,,,,,,,,,
6,TCMG,Processing Plant,REC,Gold Recovery,Gold Room,EW01 Electrowinning,TCMG-PP-GR-GROOM-EW01,EW01-CL01,Electrowinning Cell,TCMG-PP-GR-GROOM-EW01,08-EW-001,,,,,,,,,,,,,,,,,,,
7,TCMG,Processing Plant,REC,Gold Recovery,Gold Room,EW01 Electrowinning,TCMG-PP-GR-GROOM-EW01,EW01-CL01,Electrowinning Cell,TCMG-PP-GR-GROOM-EW01,,,900mm Anodes,900mm Anodes,,3376.08 EWA,,,,,,,,,,,,,,,
7,TCMG,Processing Plant,REC,Gold Recovery,Gold Room,EW01 Electrowinning,TCMG-PP-GR-GROOM-EW01,EW01-CL01,Electrowinning Cell,TCMG-PP-GR-GROOM-EW01,,,900mm Cathodes,900mm Cathodes,,3376.08 EWC,,,,,,,,,,,,,,,
7,TCMG,Processing Plant,REC,Gold Recovery,Gold Room,EW01 Electrowinning,TCMG-PP-GR-GROOM-EW01,EW01-CL01,Electrowinning Cell,TCMG-PP-GR-GROOM-EW01,,,"Stainless Steel Tubular Cathode Mesh, 50m Rolls","Stainless Steel Tubular Cathode Mesh, 50m Rolls",,3376.08 EWCM,,,,,,,,,,,,,,,
7,TCMG,Processing Plant,REC,Gold Recovery,Gold Room,EW01 Electrowinning,TCMG-PP-GR-GROOM-EW01,EW01-CL01,Electrowinning Cell,TCMG-PP-GR-GROOM-EW01,,,Teflon Bush and Spacers (Set),Teflon Bush and Spacers (Set),,3376.08 EWBS,,,,,,,,,,,,,,,
6,TCMG,Processing Plant,REC,Gold Recovery,Gold Room,EW01 Electrowinning,TCMG-PP-GR-GROOM-EW01,EW01-FAN01,Electrowinning Fan,TCMG-PP-GR-GROOM-EW01,08-FA-001,,,,,,,,,,,,,,,,,,,
7,TCMG,Processing Plant,REC,Gold Recovery,Gold Room,EW01 Electrowinning,TCMG-PP-GR-GROOM-EW01,EW01-FAN01,Electrowinning Fan,TCMG-PP-GR-GROOM-EW01,,,Electrowinning Fume Extraction Fan,CHEM 160DD Replacement Fan with Motor,,3376.08 EWFANC,,,,,,,,,,,,,,,
7,TCMG,Processing Plant,REC,Gold Recovery,Gold Room,EW01 Electrowinning,TCMG-PP-GR-GROOM-EW01,EW01-FAN01,Electrowinning Fan,TCMG-PP-GR-GROOM-EW01,,,Electrowinning Fume Extraction Fan,CHEM 160 Flexible Connection Fan Kit,,3376.08 EWFANE,,,,,,,,,,,,,,,
6,TCMG,Processing Plant,REC,Gold Recovery,Gold Room,EW01 Electrowinning,TCMG-PP-GR-GROOM-EW01,EW01-MNR01,Electrowinning Monorail,TCMG-PP-GR-GROOM-EW01,08-MR-001,,,,,,,,,,,,,,,,,,,
6,TCMG,Processing Plant,REC,Gold Recovery,Gold Room,EW01 Electrowinning,TCMG-PP-GR-GROOM-EW01,EW01-TK01,Eluate Storage Tank,TCMG-PP-GR-GROOM-EW01,08-TK-001,,,,,,,,,,,,,,,,,,,
7,TCMG,Processing Plant,REC,Gold Recovery,Gold Room,EW01 Electrowinning,TCMG-PP-GR-GROOM-EW01,EW01-TK01,Eluate Storage Tank,TCMG-PP-GR-GROOM-EW01,,,Superwool Ceramic Fibre Blanket 25mm 7.6mx610mm,Superwool Ceramic Fibre Blanket 25mm 7.6mx610mm,,JB128025,,,,,,,,,,,,,,,
6,TCMG,Processing Plant,REC,Gold Recovery,Gold Room,EW01 Electrowinning,TCMG-PP-GR-GROOM-EW01,EW01-PMP02,Eluate Pump,TCMG-PP-GR-GROOM-EW01,08-PU-001,,,,,,,,,,,,,,,,,,,
7,TCMG,Processing Plant,REC,Gold Recovery,Gold Room,EW01 Electrowinning,TCMG-PP-GR-GROOM-EW01,EW01-PMP02,Eluate Pump,TCMG-PP-GR-GROOM-EW01,,,Pump replacement unit,Pump replacement unit,,Grundfos CRI20-07 A-FGJ-I-E-HQQE,,,,,,,,,,,,,,,
7,TCMG,Processing Plant,REC,Gold Recovery,Gold Room,EW01 Electrowinning,TCMG-PP-GR-GROOM-EW01,EW01-PMP02,Eluate Pump,TCMG-PP-GR-GROOM-EW01,,,Wear Parts Kit,Wear Parts Kit,,GS-96511827,,,,,,,,,,,,,,,
7,TCMG,Processing Plant,REC,Gold Recovery,Gold Room,EW01 Electrowinning,TCMG-PP-GR-GROOM-EW01,EW01-PMP02,Eluate Pump,TCMG-PP-GR-GROOM-EW01,,,Shaft Seal Kit,Shaft Seal Kit,,GS -96511844,,,,,,,,,,,,,,,
7,TCMG,Processing Plant,REC,Gold Recovery,Gold Room,EW01 Electrowinning,TCMG-PP-GR-GROOM-EW01,EW01-PMP02,Eluate Pump,TCMG-PP-GR-GROOM-EW01,,,EPDM Gasket Kit,EPDM Gasket Kit,,GS-96509609,,,,,,,,,,,,,,,
7,TCMG,Processing Plant,REC,Gold Recovery,Gold Room,EW01 Electrowinning,TCMG-PP-GR-GROOM-EW01,EW01-PMP02,Eluate Pump,TCMG-PP-GR-GROOM-EW01,,,Chamber Stack,Chamber Stack,,GS- 96491778,,,,,,,,,,,,,,,
6,TCMG,Processing Plant,REC,Gold Recovery,Gold Room,EW01 Electrowinning,TCMG-PP-GR-GROOM-EW01,EW01-PMP03,Electrowinning Cell Sludge Pump,TCMG-PP-GR-GROOM-EW01,08-PU-010,,,,,,,,,,,,,,,,,,,
7,TCMG,Processing Plant,REC,Gold Recovery,Gold Room,EW01 Electrowinning,TCMG-PP-GR-GROOM-EW01,EW01-PMP03,Electrowinning Cell Sludge Pump,TCMG-PP-GR-GROOM-EW01,,,Exchange Spare Pump,Exchange Spare Pump,,3376.08 AP 01,,,,,,,,,,,,,,,
7,TCMG,Processing Plant,REC,Gold Recovery,Gold Room,EW01 Electrowinning,TCMG-PP-GR-GROOM-EW01,EW01-PMP03,Electrowinning Cell Sludge Pump,TCMG-PP-GR-GROOM-EW01,,,Service Kit VA25 Poly/Stanoprere,Service Kit VA25 Poly/Stanoprere,,3376.08 AP 03,,,,,,,,,,,,,,,
7,TCMG,Processing Plant,REC,Gold Recovery,Gold Room,EW01 Electrowinning,TCMG-PP-GR-GROOM-EW01,EW01-PMP03,Electrowinning Cell Sludge Pump,TCMG-PP-GR-GROOM-EW01,,,Air Valve Serivce Repair Kit VA25,Air Valve Serivce Repair Kit VA25,,3376.08 AP 04,,,,,,,,,,,,,,,
6,TCMG,Processing Plant,REC,Gold Recovery,Gold Room,EW01 Electrowinning,TCMG-PP-GR-GROOM-EW01,EW01-PMP01,Antiscalant Dosing Pumps,TCMG-PP-GR-GROOM-EW01,08-PU-016,,,,,,,,,,,,,,,,,,,
6,TCMG,Processing Plant,REC,Gold Recovery,Gold Room,EW01 Electrowinning,TCMG-PP-GR-GROOM-EW01,EW01-VLV06,Knife Gate Valve 50mm,TCMG-PP-GR-GROOM-EW01,V134-50V10,,,,,,,,,,,,,,,,,,,
6,TCMG,Processing Plant,REC,Gold Recovery,Gold Room,EW01 Electrowinning,TCMG-PP-GR-GROOM-EW01,EW01-VLV05,Non-Return Valve 32mm,TCMG-PP-GR-GROOM-EW01,V127-32NPa,,,,,,,,,,,,,,,,,,,
6,TCMG,Processing Plant,REC,Gold Recovery,Gold Room,EW01 Electrowinning,TCMG-PP-GR-GROOM-EW01,EW01-VLV08,Butterfly Valve 80mm,TCMG-PP-GR-GROOM-EW01,V136-80V05,,,,,,,,,,,,,,,,,,,
6,TCMG,Processing Plant,REC,Gold Recovery,Gold Room,EW01 Electrowinning,TCMG-PP-GR-GROOM-EW01,EW01-VLV07,Ball Valve 15mm,TCMG-PP-GR-GROOM-EW01,V135-15V01,,,,,,,,,,,,,,,,,,,
6,TCMG,Processing Plant,REC,Gold Recovery,Gold Room,EW01 Electrowinning,TCMG-PP-GR-GROOM-EW01,EW01-VLV09,Butterfly Valve 50mm,TCMG-PP-GR-GROOM-EW01,V137-50V05,,,,,,,,,,,,,,,,,,,
6,TCMG,Processing Plant,REC,Gold Recovery,Gold Room,EW01 Electrowinning,TCMG-PP-GR-GROOM-EW01,EW01-VLV12,Ball Valve 15mm,TCMG-PP-GR-GROOM-EW01,V1L1-15V01,,,,,,,,,,,,,,,,,,,
6,TCMG,Processing Plant,REC,Gold Recovery,Gold Room,EW01 Electrowinning,TCMG-PP-GR-GROOM-EW01,EW01-VLV13,Ball Valve (Strainer),TCMG-PP-GR-GROOM-EW01,V1L2-25V01,,,,,,,,,,,,,,,,,,,
6,TCMG,Processing Plant,REC,Gold Recovery,Gold Room,EW01 Electrowinning,TCMG-PP-GR-GROOM-EW01,EW01-VLV14,Ball Valve 25mm,TCMG-PP-GR-GROOM-EW01,V1L3-25V01,,,,,,,,,,,,,,,,,,,
6,TCMG,Processing Plant,REC,Gold Recovery,Gold Room,EW01 Electrowinning,TCMG-PP-GR-GROOM-EW01,EW01-VLV04,Ball Valve 25mm,TCMG-PP-GR-GROOM-EW01,V117-25V01,,,,,,,,,,,,,,,,,,,
6,TCMG,Processing Plant,REC,Gold Recovery,Gold Room,EW01 Electrowinning,TCMG-PP-GR-GROOM-EW01,EW01-VLV02,Butterfly Valve 50mm,TCMG-PP-GR-GROOM-EW01,V101-50V05,,,,,,,,,,,,,,,,,,,
6,TCMG,Processing Plant,REC,Gold Recovery,Gold Room,EW01 Electrowinning,TCMG-PP-GR-GROOM-EW01,EW01-STR01,Strainer,TCMG-PP-GR-GROOM-EW01,VN2-STRAINER,,,,,,,,,,,,,,,,,,,
6,TCMG,Processing Plant,REC,Gold Recovery,Gold Room,EW01 Electrowinning,TCMG-PP-GR-GROOM-EW01,EW01-VLV03,10mm Valve,TCMG-PP-GR-GROOM-EW01,V111-10V02,,,,,,,,,,,,,,,,,,,
6,TCMG,Processing Plant,REC,Gold Recovery,Gold Room,EW01 Electrowinning,TCMG-PP-GR-GROOM-EW01,EW01-VLV11,Butterfly Valve 80mm,TCMG-PP-GR-GROOM-EW01,V195-80V05,,,,,,,,,,,,,,,,,,,
6,TCMG,Processing Plant,REC,Gold Recovery,Gold Room,EW01 Electrowinning,TCMG-PP-GR-GROOM-EW01,EW01-VLV01,Ball Valve 15mm,TCMG-PP-GR-GROOM-EW01,15V01-V195,,,,,,,,,,,,,,,,,,,
6,TCMG,Processing Plant,REC,Gold Recovery,Gold Room,EW01 Electrowinning,TCMG-PP-GR-GROOM-EW01,EW01-VLV10,Pressure Regulator 100 kPa,TCMG-PP-GR-GROOM-EW01,V13A-REGULATOR,,,,,,,,,,,,,,,,,,,
6,TCMG,Processing Plant,REC,Gold Recovery,Gold Room,EW01 Electrowinning,TCMG-PP-GR-GROOM-EW01,EW01-LG01,Level Gauge (Eluate tank),TCMG-PP-GR-GROOM-EW01,LEVEL GAUGE,,,,,,,,,,,,,,,,,,,
6,TCMG,Processing Plant,REC,Gold Recovery,Gold Room,EW01 Electrowinning,TCMG-PP-GR-GROOM-EW01,EW01-INS01,Batch Controller,TCMG-PP-GR-GROOM-EW01,BATCH CONTROLLER,,,,,,,,,,,,,,,,,,,
6,TCMG,Processing Plant,REC,Gold Recovery,Gold Room,EW01 Electrowinning,TCMG-PP-GR-GROOM-EW01,EW01-PIPE02,Pipe – Plant Air Supply (Electrowinning),TCMG-PP-GR-GROOM-EW01,055-AC-HD1-32-PN12.5,,,,,,,,,,,,,,,,,,,
6,TCMG,Processing Plant,REC,Gold Recovery,Gold Room,EW01 Electrowinning,TCMG-PP-GR-GROOM-EW01,EW01-PIPE09,Pipe – Plant Air Supply (Electrowinning Cell),TCMG-PP-GR-GROOM-EW01,105-AC-HD1-20-PN12.5,,,,,,,,,,,,,,,,,,,
6,TCMG,Processing Plant,REC,Gold Recovery,Gold Room,EW01 Electrowinning,TCMG-PP-GR-GROOM-EW01,EW01-PIPE04,Pipe – Eluate Transfer to EW Cell,TCMG-PP-GR-GROOM-EW01,075-LEL-CS1-50,,,,,,,,,,,,,,,,,,,
6,TCMG,Processing Plant,REC,Gold Recovery,Gold Room,EW01 Electrowinning,TCMG-PP-GR-GROOM-EW01,EW01-PIPE05,Pipe – Eluate Return to Tank,TCMG-PP-GR-GROOM-EW01,076-LEL-CS1-80,,,,,,,,,,,,,,,,,,,
6,TCMG,Processing Plant,REC,Gold Recovery,Gold Room,EW01 Electrowinning,TCMG-PP-GR-GROOM-EW01,EW01-PIPE06,Pipe – Eluate (SS),TCMG-PP-GR-GROOM-EW01,077-LEL-SS-10,,,,,,,,,,,,,,,,,,,
6,TCMG,Processing Plant,REC,Gold Recovery,Gold Room,EW01 Electrowinning,TCMG-PP-GR-GROOM-EW01,EW01-PIPE07,Pipe – Cold Eluate,TCMG-PP-GR-GROOM-EW01,078-LEL-CS1-50,,,,,,,,,,,,,,,,,,,
6,TCMG,Processing Plant,REC,Gold Recovery,Gold Room,EW01 Electrowinning,TCMG-PP-GR-GROOM-EW01,EW01-PIPE01,Pipe – Cyanide (SS),TCMG-PP-GR-GROOM-EW01,054-RCN-SS-25,,,,,,,,,,,,,,,,,,,
6,TCMG,Processing Plant,REC,Gold Recovery,Gold Room,EW01 Electrowinning,TCMG-PP-GR-GROOM-EW01,EW01-PIPE08,Pipe – Caustic Supply (Electrowinning),TCMG-PP-GR-GROOM-EW01,086-ROH-HD3-32-PN12.5,,,,,,,,,,,,,,,,,,,
6,TCMG,Processing Plant,REC,Gold Recovery,Gold Room,EW01 Electrowinning,TCMG-PP-GR-GROOM-EW01,EW01-PIPE10,Pipe – Raw Water Supply (Electrowinning),TCMG-PP-GR-GROOM-EW01,WRM-CS1-80,,,,,,,,,,,,,,,,,,,
6,TCMG,Processing Plant,REC,Gold Recovery,Gold Room,EW01 Electrowinning,TCMG-PP-GR-GROOM-EW01,EW01-LSH01,Electrowinning Flashpot High High Level Switch,TCMG-PP-GR-GROOM-GR01,,,,,,,,,,,,,,,,,,,,
6,TCMG,Processing Plant,REC,Gold Recovery,Gold Room,EW01 Electrowinning,TCMG-PP-GR-GROOM-EW01,EW01-TG01,Electrowinning Flashpot Inlet Temperature Gauge,TCMG-PP-GR-GROOM-GR01,,,,,,,,,,,,,,,,,,,,
5,TCMG,Processing Plant,REC,Gold Recovery,Gold Room,GR01 Gold Room,TCMG-PP-GR-GROOM-GR01,,,,,,,,,,,,,,,,,,,,,,,
6,TCMG,Processing Plant,REC,Gold Recovery,Gold Room,GR01 Gold Room,TCMG-PP-GR-GROOM-GR01,GR01-PIPE03,Pipe – Diesel Supply (Gold Room Furnace),TCMG-PP-GR-GROOM-GR01,063-OD-CS1-25,,,,,,,,,,,,,,,,,,,
6,TCMG,Processing Plant,REC,Gold Recovery,Gold Room,GR01 Gold Room,TCMG-PP-GR-GROOM-GR01,GR01-SHW01,Goldroom Safety Shower,TCMG-PP-GR-GROOM-EW01,08-SS-003,,,,,,,,,,,,,,,,,,,
6,TCMG,Processing Plant,REC,Gold Recovery,Gold Room,GR01 Gold Room,TCMG-PP-GR-GROOM-GR01,GR01-HOP01,Gold Sludge Hopper,TCMG-PP-GR-GROOM-GR01,08-HP-100,,,,,,,,,,,,,,,,,,,
6,TCMG,Processing Plant,REC,Gold Recovery,Gold Room,GR01 Gold Room,TCMG-PP-GR-GROOM-GR01,GR01-BOX01,Cathode Wash Box,TCMG-PP-GR-GROOM-GR01,08-TK-003,,,,,,,,,,,,,,,,,,,
6,TCMG,Processing Plant,REC,Gold Recovery,Gold Room,GR01 Gold Room,TCMG-PP-GR-GROOM-GR01,GR01-FP01,Filter Press,TCMG-PP-GR-GROOM-GR01,08-FL-003,,,,,,,,,,,,,,,,,,,
6,TCMG,Processing Plant,REC,Gold Recovery,Gold Room,GR01 Gold Room,TCMG-PP-GR-GROOM-GR01,GR01-WSH01,High Pressure Cathode Washer,TCMG-PP-GR-GROOM-GR01,08-PU-011,,,,,,,,,,,,,,,,,,,
7,TCMG,Processing Plant,REC,Gold Recovery,Gold Room,GR01 Gold Room,TCMG-PP-GR-GROOM-GR01,GR01-WSH01,High Pressure Cathode Washer,TCMG-PP-GR-GROOM-GR01,,,1600W 1885PSI Pressure Washer,1600W 1885PSI Pressure Washer,,RACPWS2,,,,,,,,,,,,,,,
6,TCMG,Processing Plant,REC,Gold Recovery,Gold Room,GR01 Gold Room,TCMG-PP-GR-GROOM-GR01,GR01-PMP01,Cathode Wash Sludge Pump,TCMG-PP-GR-GROOM-GR01,08-PU-009,,,,,,,,,,,,,,,,,,,
7,TCMG,Processing Plant,REC,Gold Recovery,Gold Room,GR01 Gold Room,TCMG-PP-GR-GROOM-GR01,GR01-PMP01,Cathode Wash Sludge Pump,TCMG-PP-GR-GROOM-GR01,,,Exchange Spare Pump,Exchange Spare Pump,,3376.08 AP 02,,,,,,,,,,,,,,,
7,TCMG,Processing Plant,REC,Gold Recovery,Gold Room,GR01 Gold Room,TCMG-PP-GR-GROOM-GR01,GR01-PMP01,Cathode Wash Sludge Pump,TCMG-PP-GR-GROOM-GR01,,,Service Kit VA25 Poly/Stanoprere,Service Kit VA25 Poly/Stanoprere,,3376.08 AP 03,,,,,,,,,,,,,,,
7,TCMG,Processing Plant,REC,Gold Recovery,Gold Room,GR01 Gold Room,TCMG-PP-GR-GROOM-GR01,GR01-PMP01,Cathode Wash Sludge Pump,TCMG-PP-GR-GROOM-GR01,,,Air Valve Serivce Repair Kit VA25,Air Valve Serivce Repair Kit VA25,,3376.08 AP 04,,,,,,,,,,,,,,,
6,TCMG,Processing Plant,REC,Gold Recovery,Gold Room,GR01 Gold Room,TCMG-PP-GR-GROOM-GR01,GR01-WND01,Cathode Winder,TCMG-PP-GR-GROOM-GR01,08-CW-001,,,,,,,,,,,,,,,,,,,
6,TCMG,Processing Plant,REC,Gold Recovery,Gold Room,GR01 Gold Room,TCMG-PP-GR-GROOM-GR01,GR01-CALC01,Calcine Oven,TCMG-PP-GR-GROOM-GR01,08-CO-001,,,,,,,,,,,,,,,,,,,
7,TCMG,Processing Plant,REC,Gold Recovery,Gold Room,GR01 Gold Room,TCMG-PP-GR-GROOM-GR01,GR01-CALC01,Calcine Oven,TCMG-PP-GR-GROOM-GR01,,,"Ceramic Anchor 3"" (Complete Assembly) (Set of 8)","Ceramic Anchor 3"" (Complete Assembly) (Set of 8)",,PC128008,,,,,,,,,,,,,,,
7,TCMG,Processing Plant,REC,Gold Recovery,Gold Room,GR01 Gold Room,TCMG-PP-GR-GROOM-GR01,GR01-CALC01,Calcine Oven,TCMG-PP-GR-GROOM-GR01,,,Contactor 15kw (For ECF & ECF-L),Contactor 15kw (For ECF & ECF-L),,RCALC432,,,,,,,,,,,,,,,
7,TCMG,Processing Plant,REC,Gold Recovery,Gold Room,GR01 Gold Room,TCMG-PP-GR-GROOM-GR01,GR01-CALC01,Calcine Oven,TCMG-PP-GR-GROOM-GR01,,,Din Rail Mount Terminal,Din Rail Mount Terminal,,DINRAILT,,,,,,,,,,,,,,,
7,TCMG,Processing Plant,REC,Gold Recovery,Gold Room,GR01 Gold Room,TCMG-PP-GR-GROOM-GR01,GR01-CALC01,Calcine Oven,TCMG-PP-GR-GROOM-GR01,,,Door Switch Panasonic to Suit ECF & ECF-L,Door Switch Panasonic to Suit ECF & ECF-L,,RAZD1001,,,,,,,,,,,,,,,
7,TCMG,Processing Plant,REC,Gold Recovery,Gold Room,GR01 Gold Room,TCMG-PP-GR-GROOM-GR01,GR01-CALC01,Calcine Oven,TCMG-PP-GR-GROOM-GR01,,,Element Tail Protector,Element Tail Protector,,RMELTAIL,,,,,,,,,,,,,,,
7,TCMG,Processing Plant,REC,Gold Recovery,Gold Room,GR01 Gold Room,TCMG-PP-GR-GROOM-GR01,GR01-CALC01,Calcine Oven,TCMG-PP-GR-GROOM-GR01,,,Heating Element Set - Calciner,Heating Element Set - Calciner,,PC113SCF,,,,,,,,,,,,,,,
7,TCMG,Processing Plant,REC,Gold Recovery,Gold Room,GR01 Gold Room,TCMG-PP-GR-GROOM-GR01,GR01-CALC01,Calcine Oven,TCMG-PP-GR-GROOM-GR01,,,MCB RCD 10 Amp to Suit ECF & ECF-L,MCB RCD 10 Amp to Suit ECF & ECF-L,,RCDMCB10,,,,,,,,,,,,,,,
7,TCMG,Processing Plant,REC,Gold Recovery,Gold Room,GR01 Gold Room,TCMG-PP-GR-GROOM-GR01,GR01-CALC01,Calcine Oven,TCMG-PP-GR-GROOM-GR01,,,MCB RCD 32 Amp to Suit ECF & ECF-L,MCB RCD 32 Amp to Suit ECF & ECF-L,,RCDMCB32,,,,,,,,,,,,,,,
7,TCMG,Processing Plant,REC,Gold Recovery,Gold Room,GR01 Gold Room,TCMG-PP-GR-GROOM-GR01,GR01-CALC01,Calcine Oven,TCMG-PP-GR-GROOM-GR01,,,"Solid State Relay, G3PB-235B/VD","Solid State Relay, G3PB-235B/VD",,RCALR431,,,,,,,,,,,,,,,
7,TCMG,Processing Plant,REC,Gold Recovery,Gold Room,GR01 Gold Room,TCMG-PP-GR-GROOM-GR01,GR01-CALC01,Calcine Oven,TCMG-PP-GR-GROOM-GR01,,,Superwool Ceramic Fibre Blanket 25mm 7.6mx610mm,Superwool Ceramic Fibre Blanket 25mm 7.6mx610mm,,JB128025,,,,,,,,,,,,,,,
7,TCMG,Processing Plant,REC,Gold Recovery,Gold Room,GR01 Gold Room,TCMG-PP-GR-GROOM-GR01,GR01-CALC01,Calcine Oven,TCMG-PP-GR-GROOM-GR01,,,"Switch, Main Clockner Muller to Suit ECF & ECF-L","Switch, Main Clockner Muller to Suit ECF & ECF-L",,RMSP363K,,,,,,,,,,,,,,,
7,TCMG,Processing Plant,REC,Gold Recovery,Gold Room,GR01 Gold Room,TCMG-PP-GR-GROOM-GR01,GR01-CALC01,Calcine Oven,TCMG-PP-GR-GROOM-GR01,,,Temperature Controller RKC Voltage Pulse,Temperature Controller RKC Voltage Pulse,,RF381ARK,,,,,,,,,,,,,,,
7,TCMG,Processing Plant,REC,Gold Recovery,Gold Room,GR01 Gold Room,TCMG-PP-GR-GROOM-GR01,GR01-CALC01,Calcine Oven,TCMG-PP-GR-GROOM-GR01,,,Temperature Controller RKC O/T SA100 DIN Rail Mount,Temperature Controller RKC O/T SA100 DIN Rail Mount,,RF382RKC,,,,,,,,,,,,,,,
7,TCMG,Processing Plant,REC,Gold Recovery,Gold Room,GR01 Gold Room,TCMG-PP-GR-GROOM-GR01,GR01-CALC01,Calcine Oven,TCMG-PP-GR-GROOM-GR01,,,"Thermocouple Element, 220mm plus 75mm, Type ""K""","Thermocouple Element, 220mm plus 75mm, Type ""K""",,PC101LCF,,,,,,,,,,,,,,,
7,TCMG,Processing Plant,REC,Gold Recovery,Gold Room,GR01 Gold Room,TCMG-PP-GR-GROOM-GR01,GR01-CALC01,Calcine Oven,TCMG-PP-GR-GROOM-GR01,,,Thermocouple Sheath (inner) 250 x 10mm,Thermocouple Sheath (inner) 250 x 10mm,,RC102CFE,,,,,,,,,,,,,,,
7,TCMG,Processing Plant,REC,Gold Recovery,Gold Room,GR01 Gold Room,TCMG-PP-GR-GROOM-GR01,GR01-CALC01,Calcine Oven,TCMG-PP-GR-GROOM-GR01,,,Thermocouple Sheath (Outer) 250 x 15mm,Thermocouple Sheath (Outer) 250 x 15mm,,RC103CFE,,,,,,,,,,,,,,,
7,TCMG,Processing Plant,REC,Gold Recovery,Gold Room,GR01 Gold Room,TCMG-PP-GR-GROOM-GR01,GR01-CALC01,Calcine Oven,TCMG-PP-GR-GROOM-GR01,,,"Timer, Powerite H3CR-A8","Timer, Powerite H3CR-A8",,RCAL4030,,,,,,,,,,,,,,,
7,TCMG,Processing Plant,REC,Gold Recovery,Gold Room,GR01 Gold Room,TCMG-PP-GR-GROOM-GR01,GR01-CALC01,Calcine Oven,TCMG-PP-GR-GROOM-GR01,,,"Tray, Stainless Steel (500 x 500 x 50 x 2.0mm)","Tray, Stainless Steel (500 x 500 x 50 x 2.0mm)",,PCAL4160,,,,,,,,,,,,,,,
7,TCMG,Processing Plant,REC,Gold Recovery,Gold Room,GR01 Gold Room,TCMG-PP-GR-GROOM-GR01,GR01-CALC01,Calcine Oven,TCMG-PP-GR-GROOM-GR01,,,Parts Packaging & ISPM 15 Certified Wood Crate,Parts Packaging & ISPM 15 Certified Wood Crate,,ZZPCRATE,,,,,,,,,,,,,,,
6,TCMG,Processing Plant,REC,Gold Recovery,Gold Room,GR01 Gold Room,TCMG-PP-GR-GROOM-GR01,GR01-HOOD02,Calcine Oven Extraction Hood,TCMG-PP-GR-GROOM-GR01,08-HD-002,,,,,,,,,,,,,,,,,,,
6,TCMG,Processing Plant,REC,Gold Recovery,Gold Room,GR01 Gold Room,TCMG-PP-GR-GROOM-GR01,GR01-FAN02,Calcine Oven Extraction Fan,TCMG-PP-GR-GROOM-GR01,08-FA-002,,,,,,,,,,,,,,,,,,,
7,TCMG,Processing Plant,REC,Gold Recovery,Gold Room,GR01 Gold Room,TCMG-PP-GR-GROOM-GR01,GR01-FAN02,Calcine Oven Extraction Fan,TCMG-PP-GR-GROOM-GR01,,,Calcine Oven Fume Extraction Fan,CHEM 160DD Replacement Fan with Motor,,3376.08 GRF1,,,,,,,,,,,,,,,
7,TCMG,Processing Plant,REC,Gold Recovery,Gold Room,GR01 Gold Room,TCMG-PP-GR-GROOM-GR01,GR01-FAN02,Calcine Oven Extraction Fan,TCMG-PP-GR-GROOM-GR01,,,Calcine Oven Fume Extraction Fan,CHEM 160 Flexible Connection Fan Kit,,3376.08 EWFANE,,,,,,,,,,,,,,,
6,TCMG,Processing Plant,REC,Gold Recovery,Gold Room,GR01 Gold Room,TCMG-PP-GR-GROOM-GR01,GR01-HOOD01,Barring Furnace Extraction Hood,TCMG-PP-SUP-GR-GR01,08-HD-001,,,,,,,,,,,,,,,,,,,
6,TCMG,Processing Plant,REC,Gold Recovery,Gold Room,GR01 Gold Room,TCMG-PP-GR-GROOM-GR01,GR01-FAN01,Barring Furnace Extraction Fan,TCMG-PP-GR-GROOM-GR01,08-FA-003,,,,,,,,,,,,,,,,,,,
7,TCMG,Processing Plant,REC,Gold Recovery,Gold Room,GR01 Gold Room,TCMG-PP-GR-GROOM-GR01,GR01-FAN01,Barring Furnace Extraction Fan,TCMG-PP-GR-GROOM-GR01,,,Goldroom Barring Furnace Fume Extraction Fan,CHEM 160DD Replacement Fan with Motor,,3376.08 GRF1,,,,,,,,,,,,,,,
7,TCMG,Processing Plant,REC,Gold Recovery,Gold Room,GR01 Gold Room,TCMG-PP-GR-GROOM-GR01,GR01-FAN01,Barring Furnace Extraction Fan,TCMG-PP-GR-GROOM-GR01,,,Goldroom Barring Furnace Fume Extraction Fan,CHEM 160 Flexible Connection Fan Kit,,3376.08 EWFANE,,,,,,,,,,,,,,,
6,TCMG,Processing Plant,REC,Gold Recovery,Gold Room,GR01 Gold Room,TCMG-PP-GR-GROOM-GR01,GR01-BRN01,Barring Furnace Burner,TCMG-PP-GR-GROOM-GR01,08-BU-002,,,,,,,,,,,,,,,,,,,
7,TCMG,Processing Plant,REC,Gold Recovery,Gold Room,GR01 Gold Room,TCMG-PP-GR-GROOM-GR01,GR01-BRN01,Barring Furnace Burner,TCMG-PP-GR-GROOM-GR01,,,Burner replacement unit,Burner replacement unit,,G2.22 TC,,,,,,,,,,,,,,,
7,TCMG,Processing Plant,REC,Gold Recovery,Gold Room,GR01 Gold Room,TCMG-PP-GR-GROOM-GR01,GR01-BRN01,Barring Furnace Burner,TCMG-PP-GR-GROOM-GR01,,,A150 CRUCIBLE ISO UNIVERSAL,A150 CRUCIBLE ISO UNIVERSAL,,HJ.A2005205,,,,,,,,,,,,,,,
7,TCMG,Processing Plant,REC,Gold Recovery,Gold Room,GR01 Gold Room,TCMG-PP-GR-GROOM-GR01,GR01-BRN01,Barring Furnace Burner,TCMG-PP-GR-GROOM-GR01,,,CRUCIBLE STAND,CRUCIBLE STAND,,ICO1862,,,,,,,,,,,,,,,
7,TCMG,Processing Plant,REC,Gold Recovery,Gold Room,GR01 Gold Room,TCMG-PP-GR-GROOM-GR01,GR01-BRN01,Barring Furnace Burner,TCMG-PP-GR-GROOM-GR01,,,POURING SPOUT COMO,POURING SPOUT COMO,,3953153,,,,,,,,,,,,,,,
7,TCMG,Processing Plant,REC,Gold Recovery,Gold Room,GR01 Gold Room,TCMG-PP-GR-GROOM-GR01,GR01-BRN01,Barring Furnace Burner,TCMG-PP-GR-GROOM-GR01,,,400OZ CASADE BULLION MOULD,400OZ CASADE BULLION MOULD,,3963285,,,,,,,,,,,,,,,
7,TCMG,Processing Plant,REC,Gold Recovery,Gold Room,GR01 Gold Room,TCMG-PP-GR-GROOM-GR01,GR01-BRN01,Barring Furnace Burner,TCMG-PP-GR-GROOM-GR01,,,FURNACE SUPPORT BEARING,FURNACE SUPPORT BEARING,,4863554,,,,,,,,,,,,,,,
7,TCMG,Processing Plant,REC,Gold Recovery,Gold Room,GR01 Gold Room,TCMG-PP-GR-GROOM-GR01,GR01-BRN01,Barring Furnace Burner,TCMG-PP-GR-GROOM-GR01,,,SUPPORT BEARING HOUSING,SUPPORT BEARING HOUSING,,4863775,,,,,,,,,,,,,,,
7,TCMG,Processing Plant,REC,Gold Recovery,Gold Room,GR01 Gold Room,TCMG-PP-GR-GROOM-GR01,GR01-BRN01,Barring Furnace Burner,TCMG-PP-GR-GROOM-GR01,,,Combustion Head Kit,Combustion Head Kit,,52653,,,,,,,,,,,,,,,
7,TCMG,Processing Plant,REC,Gold Recovery,Gold Room,GR01 Gold Room,TCMG-PP-GR-GROOM-GR01,GR01-BRN01,Barring Furnace Burner,TCMG-PP-GR-GROOM-GR01,,,Ignition Cable Carbon,Ignition Cable Carbon,,40239,,,,,,,,,,,,,,,
7,TCMG,Processing Plant,REC,Gold Recovery,Gold Room,GR01 Gold Room,TCMG-PP-GR-GROOM-GR01,GR01-BRN01,Barring Furnace Burner,TCMG-PP-GR-GROOM-GR01,,,GR.POMP (Suntec) AT3-45A 230V50:60Hz,GR.POMP (Suntec) AT3-45A 230V50:60Hz,,259546,,,,,,,,,,,,,,,
7,TCMG,Processing Plant,REC,Gold Recovery,Gold Room,GR01 Gold Room,TCMG-PP-GR-GROOM-GR01,GR01-BRN01,Barring Furnace Burner,TCMG-PP-GR-GROOM-GR01,,,Coil Suntec,Coil Suntec,,111226,,,,,,,,,,,,,,,
7,TCMG,Processing Plant,REC,Gold Recovery,Gold Room,GR01 Gold Room,TCMG-PP-GR-GROOM-GR01,GR01-BRN01,Barring Furnace Burner,TCMG-PP-GR-GROOM-GR01,,,Blast Tube,Blast Tube,,052654_2,,,,,,,,,,,,,,,
7,TCMG,Processing Plant,REC,Gold Recovery,Gold Room,GR01 Gold Room,TCMG-PP-GR-GROOM-GR01,GR01-BRN01,Barring Furnace Burner,TCMG-PP-GR-GROOM-GR01,,,Ignition Electrode Double,Ignition Electrode Double,,133253,,,,,,,,,,,,,,,
7,TCMG,Processing Plant,REC,Gold Recovery,Gold Room,GR01 Gold Room,TCMG-PP-GR-GROOM-GR01,GR01-BRN01,Barring Furnace Burner,TCMG-PP-GR-GROOM-GR01,,,Filter Fag 20151PE 0.1D3:8P,Filter Fag 20151PE 0.1D3:8P,,224500,,,,,,,,,,,,,,,
7,TCMG,Processing Plant,REC,Gold Recovery,Gold Room,GR01 Gold Room,TCMG-PP-GR-GROOM-GR01,GR01-BRN01,Barring Furnace Burner,TCMG-PP-GR-GROOM-GR01,,,Photoresistance Siemens A7G1034415 Black L=500,Photoresistance Siemens A7G1034415 Black L=500,,139107,,,,,,,,,,,,,,,
7,TCMG,Processing Plant,REC,Gold Recovery,Gold Room,GR01 Gold Room,TCMG-PP-GR-GROOM-GR01,GR01-BRN01,Barring Furnace Burner,TCMG-PP-GR-GROOM-GR01,,,Ignition Trans. Danfoss EB14 052F4031 230V50:60Hz,Ignition Trans. Danfoss EB14 052F4031 230V50:60Hz,,189005,,,,,,,,,,,,,,,
7,TCMG,Processing Plant,REC,Gold Recovery,Gold Room,GR01 Gold Room,TCMG-PP-GR-GROOM-GR01,GR01-BRN01,Barring Furnace Burner,TCMG-PP-GR-GROOM-GR01,,,Control Box Siemens LMO24.255C2 230V-50:60Hz,Control Box Siemens LMO24.255C2 230V-50:60Hz,,101594,,,,,,,,,,,,,,,
7,TCMG,Processing Plant,REC,Gold Recovery,Gold Room,GR01 Gold Room,TCMG-PP-GR-GROOM-GR01,GR01-BRN01,Barring Furnace Burner,TCMG-PP-GR-GROOM-GR01,,,Motor Simel ZD6-2005-32-2P 100W 230V50:60Hz,Motor Simel ZD6-2005-32-2P 100W 230V50:60Hz,,158752,,,,,,,,,,,,,,,
7,TCMG,Processing Plant,REC,Gold Recovery,Gold Room,GR01 Gold Room,TCMG-PP-GR-GROOM-GR01,GR01-BRN01,Barring Furnace Burner,TCMG-PP-GR-GROOM-GR01,,,Joint Pomp motor,Joint Pomp motor,,229002,,,,,,,,,,,,,,,
7,TCMG,Processing Plant,REC,Gold Recovery,Gold Room,GR01 Gold Room,TCMG-PP-GR-GROOM-GR01,GR01-BRN01,Barring Furnace Burner,TCMG-PP-GR-GROOM-GR01,,,Gasket Flange Burner,Gasket Flange Burner,,229703,,,,,,,,,,,,,,,
7,TCMG,Processing Plant,REC,Gold Recovery,Gold Room,GR01 Gold Room,TCMG-PP-GR-GROOM-GR01,GR01-BRN01,Barring Furnace Burner,TCMG-PP-GR-GROOM-GR01,,,Fan D133x45 RD HUB D12.7,Fan D133x45 RD HUB D12.7,,291002,,,,,,,,,,,,,,,
7,TCMG,Processing Plant,REC,Gold Recovery,Gold Room,GR01 Gold Room,TCMG-PP-GR-GROOM-GR01,GR01-BRN01,Barring Furnace Burner,TCMG-PP-GR-GROOM-GR01,,,Flexible Hose DN6-800 FF 1.4P-3.8P,Flexible Hose DN6-800 FF 1.4P-3.8P,,278016,,,,,,,,,,,,,,,
7,TCMG,Processing Plant,REC,Gold Recovery,Gold Room,GR01 Gold Room,TCMG-PP-GR-GROOM-GR01,GR01-BRN01,Barring Furnace Burner,TCMG-PP-GR-GROOM-GR01,,,Oil Nozzle 2.00x60 Degree,Oil Nozzle 2.00x60 Degree,,UGS60,,,,,,,,,,,,,,,
6,TCMG,Processing Plant,REC,Gold Recovery,Gold Room,GR01 Gold Room,TCMG-PP-GR-GROOM-GR01,GR01-FRN01,Gold Room Barring Furnace,TCMG-PP-GR-GROOM-GR01,08-BF-001,,,,,,,,,,,,,,,,,,,
6,TCMG,Processing Plant,REC,Gold Recovery,Gold Room,GR01 Gold Room,TCMG-PP-GR-GROOM-GR01,GR01-SCL02,Flux Scale,TCMG-PP-GR-GROOM-GR01,08-XM-001,,,,,,,,,,,,,,,,,,,
7,TCMG,Processing Plant,REC,Gold Recovery,Gold Room,GR01 Gold Room,TCMG-PP-GR-GROOM-GR01,GR01-SCL02,Flux Scale,TCMG-PP-GR-GROOM-GR01,,,60kg x 10g Scale,60kg x 10g Scale,,JAC 929,,,,,,,,,,,,,,,
6,TCMG,Processing Plant,REC,Gold Recovery,Gold Room,GR01 Gold Room,TCMG-PP-GR-GROOM-GR01,GR01-MIX01,Flux Mixer,TCMG-PP-GR-GROOM-GR01,08-XM-002,,,,,,,,,,,,,,,,,,,
7,TCMG,Processing Plant,REC,Gold Recovery,Gold Room,GR01 Gold Room,TCMG-PP-GR-GROOM-GR01,GR01-MIX01,Flux Mixer,TCMG-PP-GR-GROOM-GR01,,,Westmix WMC2.2 - Cement Mixer 2.2 CFT 1/2HP,Westmix WMC2.2 - Cement Mixer 2.2 CFT 1/2HP,,WMC2.2,,,,,,,,,,,,,,,
6,TCMG,Processing Plant,REC,Gold Recovery,Gold Room,GR01 Gold Room,TCMG-PP-GR-GROOM-GR01,GR01-BEN01,Scale Bench,TCMG-PP-GR-GROOM-GR01,08-XM-003,,,,,,,,,,,,,,,,,,,
6,TCMG,Processing Plant,REC,Gold Recovery,Gold Room,GR01 Gold Room,TCMG-PP-GR-GROOM-GR01,GR01-SCL01,Bullion Scale,TCMG-PP-GR-GROOM-GR01,08-XM-004,,,,,,,,,,,,,,,,,,,
7,TCMG,Processing Plant,REC,Gold Recovery,Gold Room,GR01 Gold Room,TCMG-PP-GR-GROOM-GR01,GR01-SCL01,Bullion Scale,TCMG-PP-GR-GROOM-GR01,,,20kg x 0.1g Equivalent Scale,20kg x 0.1g Equivalent Scale,,WLC20/A2,,,,,,,,,,,,,,,
6,TCMG,Processing Plant,REC,Gold Recovery,Gold Room,GR01 Gold Room,TCMG-PP-GR-GROOM-GR01,GR01-SAFE01,Goldroom Dore Safe,TCMG-PP-GR-GROOM-GR01,08-XM-005,,,,,,,,,,,,,,,,,,,
6,TCMG,Processing Plant,REC,Gold Recovery,Gold Room,GR01 Gold Room,TCMG-PP-GR-GROOM-GR01,GR01-BEN02,Goldroom Workbench,TCMG-PP-GR-GROOM-GR01,08-XM-007,,,,,,,,,,,,,,,,,,,
6,TCMG,Processing Plant,REC,Gold Recovery,Gold Room,GR01 Gold Room,TCMG-PP-GR-GROOM-GR01,GR01-VLV04,Ball Valve 54mm,TCMG-PP-GR-GROOM-GR01,V197-54V01,,,,,,,,,,,,,,,,,,,
6,TCMG,Processing Plant,REC,Gold Recovery,Gold Room,GR01 Gold Room,TCMG-PP-GR-GROOM-GR01,GR01-VLV05,Ball Valve 25mm,TCMG-PP-GR-GROOM-GR01,V209-25V01,,,,,,,,,,,,,,,,,,,
6,TCMG,Processing Plant,REC,Gold Recovery,Gold Room,GR01 Gold Room,TCMG-PP-GR-GROOM-GR01,GR01-VLV06,Ball Valve 54mm,TCMG-PP-GR-GROOM-GR01,V221-54V01,,,,,,,,,,,,,,,,,,,
6,TCMG,Processing Plant,REC,Gold Recovery,Gold Room,GR01 Gold Room,TCMG-PP-GR-GROOM-GR01,GR01-VLV03,Regulator,TCMG-PP-GR-GROOM-GR01,V182-15V11-700kPa,,,,,,,,,,,,,,,,,,,
6,TCMG,Processing Plant,REC,Gold Recovery,Gold Room,GR01 Gold Room,TCMG-PP-GR-GROOM-GR01,GR01-VLV02,Ball Valve 15mm,TCMG-PP-GR-GROOM-GR01,V181-15V01,,,,,,,,,,,,,,,,,,,
6,TCMG,Processing Plant,REC,Gold Recovery,Gold Room,GR01 Gold Room,TCMG-PP-GR-GROOM-GR01,GR01-VLV01,Ball Valve 15mm,TCMG-PP-GR-GROOM-GR01,V176-15V01,,,,,,,,,,,,,,,,,,,
6,TCMG,Processing Plant,REC,Gold Recovery,Gold Room,GR01 Gold Room,TCMG-PP-GR-GROOM-GR01,GR01-VLV07,Needle Valve 15mm,TCMG-PP-GR-GROOM-GR01,V296-15V11,,,,,,,,,,,,,,,,,,,
6,TCMG,Processing Plant,REC,Gold Recovery,Gold Room,GR01 Gold Room,TCMG-PP-GR-GROOM-GR01,GR01-PIPE02,Pipe – Plant Air Supply (Gold Room),TCMG-PP-GR-GROOM-GR01,055-AC-HD1-15-PN12.5,,,,,,,,,,,,,,,,,,,
6,TCMG,Processing Plant,REC,Gold Recovery,Gold Room,GR01 Gold Room,TCMG-PP-GR-GROOM-GR01,GR01-PIPE04,Pipe – Gold Sludge line,TCMG-PP-GR-GROOM-GR01,097-SP-SS-25,,,,,,,,,,,,,,,,,,,
6,TCMG,Processing Plant,REC,Gold Recovery,Gold Room,GR01 Gold Room,TCMG-PP-GR-GROOM-GR01,GR01-PIPE01,Pipe – Stainless Steel Line DN25,TCMG-PP-GR-GROOM-GR01,048-SP-SS-25,,,,,,,,,,,,,,,,,,,
6,TCMG,Processing Plant,REC,Gold Recovery,Gold Room,GR01 Gold Room,TCMG-PP-GR-GROOM-GR01,GR01-FAN01-VSD01,VSD on Barring Furnace Extraction Fan,TCMG-PP-GR-GROOM-GR01,,,,,,,,,,,,,,,,,,,,
3,TCMG,Processing Plant,TAIL,Tailings,,,,,,,,,,,,,,,,,,,,,,,,,,
4,TCMG,Processing Plant,TAIL,Tailings,Thickening,,,,,,,,,,,,,,,,,,,,,,,,,
5,TCMG,Processing Plant,TAIL,Tailings,Thickening,THK01 Tails Thickener,TCMG-PP-TAIL-THICK-THK01,,,,,,,,,,,,,,,,,,,,,,,
6,TCMG,Processing Plant,TAIL,Tailings,Thickening,THK01 Tails Thickener,TCMG-PP-TAIL-THICK-THK01,THK01,Tails Thickener,TCMG-PP-TAIL-THICK-THK01,12-TM-001,,,,,,,,,,,,,,,,,,,
7,TCMG,Processing Plant,TAIL,Tailings,Thickening,THK01 Tails Thickener,TCMG-PP-TAIL-THICK-THK01,THK01,Tails Thickener,TCMG-PP-TAIL-THICK-THK01,,,Thickener,Gearbox,,X-3 18 L 5 1330 FZ SF DOAM T U 11H / MT318L5D3A01 / RATIO 1330 / SERIAL CN13001783,,,,,,,,,,,,,,,
6,TCMG,Processing Plant,TAIL,Tailings,Thickening,THK01 Tails Thickener,TCMG-PP-TAIL-THICK-THK01,THK01-PIPE02,Pipe – HD Service Line DN90,TCMG-PP-TAIL-THICK-THK01,HD1-90-PN6,,,,,,,,,,,,,,,,,,,
6,TCMG,Processing Plant,TAIL,Tailings,Thickening,THK01 Tails Thickener,TCMG-PP-TAIL-THICK-THK01,THK01-PIPE06,Pipe – Raw Water DN160 HDPE,TCMG-PP-TAIL-THICK-THK01,WRW-HD1-160-PN6,,,,,,,,,,,,,,,,,,,
6,TCMG,Processing Plant,TAIL,Tailings,Thickening,THK01 Tails Thickener,TCMG-PP-TAIL-THICK-THK01,THK01-CLRM01,Clarometer,TCMG-PP-TAIL-THICK-THK01,12-CL-208,,,,,,,,,,,,,,,,,,,
6,TCMG,Processing Plant,TAIL,Tailings,Thickening,THK01 Tails Thickener,TCMG-PP-TAIL-THICK-THK01,THK01-ALM01,Rake High Level Alarm,TCMG-PP-TAIL-THICK-THK01,RAKE HIGH LEVEL,,,,,,,,,,,,,,,,,,,
6,TCMG,Processing Plant,TAIL,Tailings,Thickening,THK01 Tails Thickener,TCMG-PP-TAIL-THICK-THK01,THK01-ALM02,Rake Low Level Alarm,TCMG-PP-TAIL-THICK-THK01,RAKE LOW LEVEL,,,,,,,,,,,,,,,,,,,
6,TCMG,Processing Plant,TAIL,Tailings,Thickening,THK01 Tails Thickener,TCMG-PP-TAIL-THICK-THK01,THK01-PIT01,Pressure Indicator Transmitter (Bed Mass),TCMG-PP-TAIL-THICK-THK01,PIT-260,,,,,,,,,,,,,,,,,,,
6,TCMG,Processing Plant,TAIL,Tailings,Thickening,THK01 Tails Thickener,TCMG-PP-TAIL-THICK-THK01,THK01-LT01,Level Transmitter,TCMG-PP-TAIL-THICK-THK01,LT (level),,,,,,,,,,,,,,,,,,,
6,TCMG,Processing Plant,TAIL,Tailings,Thickening,THK01 Tails Thickener,TCMG-PP-TAIL-THICK-THK01,THK01-VLV01,Ball Valve 15mm,TCMG-PP-TAIL-THICK-THK01,15V01 (thickener),,,,,,,,,,,,,,,,,,,
6,TCMG,Processing Plant,TAIL,Tailings,Thickening,THK01 Tails Thickener,TCMG-PP-TAIL-THICK-THK01,THK01-VLV03,Ball Valve 32mm,TCMG-PP-TAIL-THICK-THK01,32V01,,,,,,,,,,,,,,,,,,,
6,TCMG,Processing Plant,TAIL,Tailings,Thickening,THK01 Tails Thickener,TCMG-PP-TAIL-THICK-THK01,THK01-VLV05,Butterfly Valve 80mm,TCMG-PP-TAIL-THICK-THK01,80V05,,,,,,,,,,,,,,,,,,,
6,TCMG,Processing Plant,TAIL,Tailings,Thickening,THK01 Tails Thickener,TCMG-PP-TAIL-THICK-THK01,THK01-VLV02,Knife Gate,TCMG-PP-TAIL-THICK-THK01,200V03,,,,,,,,,,,,,,,,,,,
6,TCMG,Processing Plant,TAIL,Tailings,Thickening,THK01 Tails Thickener,TCMG-PP-TAIL-THICK-THK01,THK01-VLV04,Electric Valve,TCMG-PP-TAIL-THICK-THK01,4EV01,,,,,,,,,,,,,,,,,,,
6,TCMG,Processing Plant,TAIL,Tailings,Thickening,THK01 Tails Thickener,TCMG-PP-TAIL-THICK-THK01,THK01-PIPE01,Pipe – Plant Air Supply (Thickener Area),TCMG-PP-TAIL-THICK-THK01,AC-HD1-32-PN6,,,,,,,,,,,,,,,,,,,
6,TCMG,Processing Plant,TAIL,Tailings,Thickening,THK01 Tails Thickener,TCMG-PP-TAIL-THICK-THK01,THK01-PIPE04,Pipe – Gland Water Supply (Thickener Area),TCMG-PP-TAIL-THICK-THK01,WGW-HD1-63-PN6,,,,,,,,,,,,,,,,,,,
6,TCMG,Processing Plant,TAIL,Tailings,Thickening,THK01 Tails Thickener,TCMG-PP-TAIL-THICK-THK01,THK01-PIPE05,Pipe – Process Water DN200 HDPE,TCMG-PP-TAIL-THICK-THK01,WPW-HD1-200-PN6,,,,,,,,,,,,,,,,,,,
6,TCMG,Processing Plant,TAIL,Tailings,Thickening,THK01 Tails Thickener,TCMG-PP-TAIL-THICK-THK01,THK01-PIPE03,Pipe – Process Water Main,TCMG-PP-TAIL-THICK-THK01,MPW-HD1-200-PN6,,,,,,,,,,,,,,,,,,,
5,TCMG,Processing Plant,TAIL,Tailings,Thickening,THYD01 Thickener Hydraulic System,TCMG-PP-TAIL-THK-THYD01,,,,,,,,,,,,,,,,,,,,,,,
6,TCMG,Processing Plant,TAIL,Tailings,Thickening,THYD01 Thickener Hydraulic System,TCMG-PP-TAIL-THK-THYD01,THYD01-PMP01,Thickener Hydraulic Pump,TCMG-PP-TAIL-THICK-THYD01,12-PU-201,,,,,,,,,,,,,,,,,,,
6,TCMG,Processing Plant,TAIL,Tailings,Thickening,THYD01 Thickener Hydraulic System,TCMG-PP-TAIL-THK-THYD01,THYD01-FAN01,Hydraulic Cooling Fan,TCMG-PP-TAIL-THICK-THYD01,12-FN-203,,,,,,,,,,,,,,,,,,,
6,TCMG,Processing Plant,TAIL,Tailings,Thickening,THYD01 Thickener Hydraulic System,TCMG-PP-TAIL-THK-THYD01,THYD01-HTR01,Hydraulic Oil Heater,TCMG-PP-TAIL-THICK-THYD01,12-HE-202,,,,,,,,,,,,,,,,,,,
6,TCMG,Processing Plant,TAIL,Tailings,Thickening,THYD01 Thickener Hydraulic System,TCMG-PP-TAIL-THK-THYD01,THYD01-PKG01,Thickener Hydraulic Pack,TCMG-PP-TAIL-THICK-THYD01,12-HY-201,,,,,,,,,,,,,,,,,,,
6,TCMG,Processing Plant,TAIL,Tailings,Thickening,THYD01 Thickener Hydraulic System,TCMG-PP-TAIL-THK-THYD01,THYD01-LCS01,Thickener Hydraulic Pump LCS,TCMG-PP-TAIL-THICK-THYD01,,,,,,,,,,,,,,,,,,,,
6,TCMG,Processing Plant,TAIL,Tailings,Thickening,THYD01 Thickener Hydraulic System,TCMG-PP-TAIL-THK-THYD01,THYD01-MTR01,Thickener Hydraulic Pump Motor,TCMG-PP-TAIL-THICK-THYD01,,,,,,,,,,,,,,,,,,,,
5,TCMG,Processing Plant,TAIL,Tailings,Thickening,TUFP01 Thickener Underflow Pumps,TCMG-PP-TAIL-THK-TUFP01,,,,,,,,,,,,,,,,,,,,,,,
6,TCMG,Processing Plant,TAIL,Tailings,Thickening,TUFP01 Thickener Underflow Pumps,TCMG-PP-TAIL-THK-TUFP01,TUFP01-PMP01,Thickener Underflow Pumps (Duty),TCMG-PP-TAIL-THICK-TUFP01,12-PU-200A,,,,,,,,,,,,,,,,,,,
7,TCMG,Processing Plant,TAIL,Tailings,Thickening,TUFP01 Thickener Underflow Pumps,TCMG-PP-TAIL-THK-TUFP01,TUFP01-PMP01,Thickener Underflow Pumps (Duty),TCMG-PP-TAIL-THICK-TUFP01,,,Underflow Pump A,Motor D250M,,KTE46 W22M,,,,,,,,,,,,,,,
7,TCMG,Processing Plant,TAIL,Tailings,Thickening,TUFP01 Thickener Underflow Pumps,TCMG-PP-TAIL-THK-TUFP01,TUFP01-PMP01,Thickener Underflow Pumps (Duty),TCMG-PP-TAIL-THICK-TUFP01,,,Underflow Pump A,Bearing,,DDAM005XLM / SY83660,,,,,,,,,,,,,,,
7,TCMG,Processing Plant,TAIL,Tailings,Thickening,TUFP01 Thickener Underflow Pumps,TCMG-PP-TAIL-THK-TUFP01,TUFP01-PMP01,Thickener Underflow Pumps (Duty),TCMG-PP-TAIL-THICK-TUFP01,,,Underflow Pump A,Belts,,SPC-2240-F,,,,,,,,,,,,,,,
7,TCMG,Processing Plant,TAIL,Tailings,Thickening,TUFP01 Thickener Underflow Pumps,TCMG-PP-TAIL-THK-TUFP01,TUFP01-PMP01,Thickener Underflow Pumps (Duty),TCMG-PP-TAIL-THICK-TUFP01,,,Underflow Pump A,Impeller,,EAHF4056QU1A05,,,,,,,,,,,,,,,
7,TCMG,Processing Plant,TAIL,Tailings,Thickening,TUFP01 Thickener Underflow Pumps,TCMG-PP-TAIL-THK-TUFP01,TUFP01-PMP01,Thickener Underflow Pumps (Duty),TCMG-PP-TAIL-THICK-TUFP01,,,Underflow Pump A,Volute liner seal,,E4124S01,,,,,,,,,,,,,,,
7,TCMG,Processing Plant,TAIL,Tailings,Thickening,TUFP01 Thickener Underflow Pumps,TCMG-PP-TAIL-THK-TUFP01,TUFP01-PMP01,Thickener Underflow Pumps (Duty),TCMG-PP-TAIL-THICK-TUFP01,,,Underflow Pump A,Impeller o-ring,,F064S10,,,,,,,,,,,,,,,
7,TCMG,Processing Plant,TAIL,Tailings,Thickening,TUFP01 Thickener Underflow Pumps,TCMG-PP-TAIL-THK-TUFP01,TUFP01-PMP01,Thickener Underflow Pumps (Duty),TCMG-PP-TAIL-THICK-TUFP01,,,Underflow Pump A,Frame Plate Liner,,E4036TL1MR55,,,,,,,,,,,,,,,
7,TCMG,Processing Plant,TAIL,Tailings,Thickening,TUFP01 Thickener Underflow Pumps,TCMG-PP-TAIL-THK-TUFP01,TUFP01-PMP01,Thickener Underflow Pumps (Duty),TCMG-PP-TAIL-THICK-TUFP01,,,Underflow Pump A,Cover plate Liner,,E4018TL1R55,,,,,,,,,,,,,,,
7,TCMG,Processing Plant,TAIL,Tailings,Thickening,TUFP01 Thickener Underflow Pumps,TCMG-PP-TAIL-THK-TUFP01,TUFP01-PMP01,Thickener Underflow Pumps (Duty),TCMG-PP-TAIL-THICK-TUFP01,,,Underflow Pump A,Throat Bush,,EAHF4083R55,,,,,,,,,,,,,,,
7,TCMG,Processing Plant,TAIL,Tailings,Thickening,TUFP01 Thickener Underflow Pumps,TCMG-PP-TAIL-THK-TUFP01,TUFP01-PMP01,Thickener Underflow Pumps (Duty),TCMG-PP-TAIL-THICK-TUFP01,,,Underflow Pump A,Stuffing box to suit non HS,,DAM078G01,,,,,,,,,,,,,,,
7,TCMG,Processing Plant,TAIL,Tailings,Thickening,TUFP01 Thickener Underflow Pumps,TCMG-PP-TAIL-THK-TUFP01,TUFP01-PMP01,Thickener Underflow Pumps (Duty),TCMG-PP-TAIL-THICK-TUFP01,,,Underflow Pump A,O-ring,,35T330N279,,,,,,,,,,,,,,,
7,TCMG,Processing Plant,TAIL,Tailings,Thickening,TUFP01 Thickener Underflow Pumps,TCMG-PP-TAIL-THK-TUFP01,TUFP01-PMP01,Thickener Underflow Pumps (Duty),TCMG-PP-TAIL-THICK-TUFP01,,,Underflow Pump A,Shaft Sleave,,DAM076C21,,,,,,,,,,,,,,,
7,TCMG,Processing Plant,TAIL,Tailings,Thickening,TUFP01 Thickener Underflow Pumps,TCMG-PP-TAIL-THK-TUFP01,TUFP01-PMP01,Thickener Underflow Pumps (Duty),TCMG-PP-TAIL-THICK-TUFP01,,,Underflow Pump A,O-ring,,D109S10,,,,,,,,,,,,,,,
7,TCMG,Processing Plant,TAIL,Tailings,Thickening,TUFP01 Thickener Underflow Pumps,TCMG-PP-TAIL-THK-TUFP01,TUFP01-PMP01,Thickener Underflow Pumps (Duty),TCMG-PP-TAIL-THICK-TUFP01,,,Underflow Pump A,Packing Ring set of 4,,D111Q20-SET,,,,,,,,,,,,,,,
7,TCMG,Processing Plant,TAIL,Tailings,Thickening,TUFP01 Thickener Underflow Pumps,TCMG-PP-TAIL-THK-TUFP01,TUFP01-PMP01,Thickener Underflow Pumps (Duty),TCMG-PP-TAIL-THICK-TUFP01,,,Underflow Pump A,Gland Bolt x 2,,D045MC73,,,,,,,,,,,,,,,
7,TCMG,Processing Plant,TAIL,Tailings,Thickening,TUFP01 Thickener Underflow Pumps,TCMG-PP-TAIL-THK-TUFP01,TUFP01-PMP01,Thickener Underflow Pumps (Duty),TCMG-PP-TAIL-THICK-TUFP01,,,Underflow Pump A,Lantern restrictor,,D118C73,,,,,,,,,,,,,,,
7,TCMG,Processing Plant,TAIL,Tailings,Thickening,TUFP01 Thickener Underflow Pumps,TCMG-PP-TAIL-THK-TUFP01,TUFP01-PMP01,Thickener Underflow Pumps (Duty),TCMG-PP-TAIL-THICK-TUFP01,,,Underflow Pump A,Oring,,35T330N279,,,,,,,,,,,,,,,
7,TCMG,Processing Plant,TAIL,Tailings,Thickening,TUFP01 Thickener Underflow Pumps,TCMG-PP-TAIL-THK-TUFP01,TUFP01-PMP01,Thickener Underflow Pumps (Duty),TCMG-PP-TAIL-THICK-TUFP01,,,Underflow Pump A,Cover Plate bolt,,E4015ME63,,,,,,,,,,,,,,,
7,TCMG,Processing Plant,TAIL,Tailings,Thickening,TUFP01 Thickener Underflow Pumps,TCMG-PP-TAIL-THK-TUFP01,TUFP01-PMP01,Thickener Underflow Pumps (Duty),TCMG-PP-TAIL-THICK-TUFP01,,,Underflow Pump A,Impeller o-ring,,D109S10,,,,,,,,,,,,,,,
6,TCMG,Processing Plant,TAIL,Tailings,Thickening,TUFP01 Thickener Underflow Pumps,TCMG-PP-TAIL-THK-TUFP01,TUFP01-PMP02,Thickener Underflow Pumps (Standby),TCMG-PP-TAIL-THICK-TUFP01,12-PU-200B,,,,,,,,,,,,,,,,,,,
7,TCMG,Processing Plant,TAIL,Tailings,Thickening,TUFP01 Thickener Underflow Pumps,TCMG-PP-TAIL-THK-TUFP01,TUFP01-PMP02,Thickener Underflow Pumps (Standby),TCMG-PP-TAIL-THICK-TUFP01,,,Underflow Pump B,Motor D250M,,KTE46 W22M,,,,,,,,,,,,,,,
7,TCMG,Processing Plant,TAIL,Tailings,Thickening,TUFP01 Thickener Underflow Pumps,TCMG-PP-TAIL-THK-TUFP01,TUFP01-PMP02,Thickener Underflow Pumps (Standby),TCMG-PP-TAIL-THICK-TUFP01,,,Underflow Pump B,Bearing,,DDAM005XLM,,,,,,,,,,,,,,,
7,TCMG,Processing Plant,TAIL,Tailings,Thickening,TUFP01 Thickener Underflow Pumps,TCMG-PP-TAIL-THK-TUFP01,TUFP01-PMP02,Thickener Underflow Pumps (Standby),TCMG-PP-TAIL-THICK-TUFP01,,,Underflow Pump B,Belts,,SPC-2240-F,,,,,,,,,,,,,,,
7,TCMG,Processing Plant,TAIL,Tailings,Thickening,TUFP01 Thickener Underflow Pumps,TCMG-PP-TAIL-THK-TUFP01,TUFP01-PMP02,Thickener Underflow Pumps (Standby),TCMG-PP-TAIL-THICK-TUFP01,,,Underflow Pump B,Impeller,,EAHF4056QU1A05,,,,,,,,,,,,,,,
7,TCMG,Processing Plant,TAIL,Tailings,Thickening,TUFP01 Thickener Underflow Pumps,TCMG-PP-TAIL-THK-TUFP01,TUFP01-PMP02,Thickener Underflow Pumps (Standby),TCMG-PP-TAIL-THICK-TUFP01,,,Underflow Pump B,Volute liner seal,,E4124S01,,,,,,,,,,,,,,,
7,TCMG,Processing Plant,TAIL,Tailings,Thickening,TUFP01 Thickener Underflow Pumps,TCMG-PP-TAIL-THK-TUFP01,TUFP01-PMP02,Thickener Underflow Pumps (Standby),TCMG-PP-TAIL-THICK-TUFP01,,,Underflow Pump B,Impeller O-ring,,F064S10,,,,,,,,,,,,,,,
7,TCMG,Processing Plant,TAIL,Tailings,Thickening,TUFP01 Thickener Underflow Pumps,TCMG-PP-TAIL-THK-TUFP01,TUFP01-PMP02,Thickener Underflow Pumps (Standby),TCMG-PP-TAIL-THICK-TUFP01,,,Underflow Pump B,Frame Plate Liner,,E4036TL1MR55,,,,,,,,,,,,,,,
7,TCMG,Processing Plant,TAIL,Tailings,Thickening,TUFP01 Thickener Underflow Pumps,TCMG-PP-TAIL-THK-TUFP01,TUFP01-PMP02,Thickener Underflow Pumps (Standby),TCMG-PP-TAIL-THICK-TUFP01,,,Underflow Pump B,Cover plate Liner,,E4018TL1R55,,,,,,,,,,,,,,,
7,TCMG,Processing Plant,TAIL,Tailings,Thickening,TUFP01 Thickener Underflow Pumps,TCMG-PP-TAIL-THK-TUFP01,TUFP01-PMP02,Thickener Underflow Pumps (Standby),TCMG-PP-TAIL-THICK-TUFP01,,,Underflow Pump B,Throat Bush,,EAHF4083R55,,,,,,,,,,,,,,,
7,TCMG,Processing Plant,TAIL,Tailings,Thickening,TUFP01 Thickener Underflow Pumps,TCMG-PP-TAIL-THK-TUFP01,TUFP01-PMP02,Thickener Underflow Pumps (Standby),TCMG-PP-TAIL-THICK-TUFP01,,,Underflow Pump B,Stuffing box to suit non HS,,DAM078G01,,,,,,,,,,,,,,,
7,TCMG,Processing Plant,TAIL,Tailings,Thickening,TUFP01 Thickener Underflow Pumps,TCMG-PP-TAIL-THK-TUFP01,TUFP01-PMP02,Thickener Underflow Pumps (Standby),TCMG-PP-TAIL-THICK-TUFP01,,,Underflow Pump B,O-ring,,35T330N279,,,,,,,,,,,,,,,
7,TCMG,Processing Plant,TAIL,Tailings,Thickening,TUFP01 Thickener Underflow Pumps,TCMG-PP-TAIL-THK-TUFP01,TUFP01-PMP02,Thickener Underflow Pumps (Standby),TCMG-PP-TAIL-THICK-TUFP01,,,Underflow Pump B,Shaft Sleave,,DAM076C21,,,,,,,,,,,,,,,
7,TCMG,Processing Plant,TAIL,Tailings,Thickening,TUFP01 Thickener Underflow Pumps,TCMG-PP-TAIL-THK-TUFP01,TUFP01-PMP02,Thickener Underflow Pumps (Standby),TCMG-PP-TAIL-THICK-TUFP01,,,Underflow Pump B,O-ring,,D109S10,,,,,,,,,,,,,,,
7,TCMG,Processing Plant,TAIL,Tailings,Thickening,TUFP01 Thickener Underflow Pumps,TCMG-PP-TAIL-THK-TUFP01,TUFP01-PMP02,Thickener Underflow Pumps (Standby),TCMG-PP-TAIL-THICK-TUFP01,,,Underflow Pump B,Packing Ring set of 4,,D111Q20-SET,,,,,,,,,,,,,,,
7,TCMG,Processing Plant,TAIL,Tailings,Thickening,TUFP01 Thickener Underflow Pumps,TCMG-PP-TAIL-THK-TUFP01,TUFP01-PMP02,Thickener Underflow Pumps (Standby),TCMG-PP-TAIL-THICK-TUFP01,,,Underflow Pump B,Belts,,SPC-2240-F,,,,,,,,,,,,,,,
7,TCMG,Processing Plant,TAIL,Tailings,Thickening,TUFP01 Thickener Underflow Pumps,TCMG-PP-TAIL-THK-TUFP01,TUFP01-PMP02,Thickener Underflow Pumps (Standby),TCMG-PP-TAIL-THICK-TUFP01,,,Underflow Pump B,Gland Bolt x 2,,D045MC73,,,,,,,,,,,,,,,
7,TCMG,Processing Plant,TAIL,Tailings,Thickening,TUFP01 Thickener Underflow Pumps,TCMG-PP-TAIL-THK-TUFP01,TUFP01-PMP02,Thickener Underflow Pumps (Standby),TCMG-PP-TAIL-THICK-TUFP01,,,Underflow Pump B,Lantern restrictor,,D118C73,,,,,,,,,,,,,,,
7,TCMG,Processing Plant,TAIL,Tailings,Thickening,TUFP01 Thickener Underflow Pumps,TCMG-PP-TAIL-THK-TUFP01,TUFP01-PMP02,Thickener Underflow Pumps (Standby),TCMG-PP-TAIL-THICK-TUFP01,,,Underflow Pump B,O-ring,,35T330N279,,,,,,,,,,,,,,,
7,TCMG,Processing Plant,TAIL,Tailings,Thickening,TUFP01 Thickener Underflow Pumps,TCMG-PP-TAIL-THK-TUFP01,TUFP01-PMP02,Thickener Underflow Pumps (Standby),TCMG-PP-TAIL-THICK-TUFP01,,,Underflow Pump B,Cover Plate bolt,,E4015ME63,,,,,,,,,,,,,,,
7,TCMG,Processing Plant,TAIL,Tailings,Thickening,TUFP01 Thickener Underflow Pumps,TCMG-PP-TAIL-THK-TUFP01,TUFP01-PMP02,Thickener Underflow Pumps (Standby),TCMG-PP-TAIL-THICK-TUFP01,,,Underflow Pump B,Impeller O-ring,,D109S10,,,,,,,,,,,,,,,
5,TCMG,Processing Plant,TAIL,Tailings,Thickening,TFLC01 Flocculant System,TCMG-PP-TAIL-THK-TFLO01,,,,,,,,,,,,,,,,,,,,,,,
6,TCMG,Processing Plant,TAIL,Tailings,Thickening,TFLC01 Flocculant System,TCMG-PP-TAIL-THK-TFLO01,TFLC01-HOP01,Flocculant Hopper,TCMG-PP-TAIL-THICK-TFLO01,12-HP-001,,,,,,,,,,,,,,,,,,,
6,TCMG,Processing Plant,TAIL,Tailings,Thickening,TFLC01 Flocculant System,TCMG-PP-TAIL-THK-TFLO01,TFLC01-TK01,Flocculant Mixing Tank,TCMG-PP-TAIL-THICK-TFLO01,12-TK-001,,,,,,,,,,,,,,,,,,,
7,TCMG,Processing Plant,TAIL,Tailings,Thickening,TFLC01 Flocculant System,TCMG-PP-TAIL-THK-TFLO01,TFLC01-TK01,Flocculant Mixing Tank,TCMG-PP-TAIL-THICK-TFLO01,,,100NB Dispersion Cylinder,100NB Dispersion Cylinder,,226000,,,,,,,,,,,,,,,
7,TCMG,Processing Plant,TAIL,Tailings,Thickening,TFLC01 Flocculant System,TCMG-PP-TAIL-THK-TFLO01,TFLC01-TK01,Flocculant Mixing Tank,TCMG-PP-TAIL-THICK-TFLO01,,,100NB Dispersion Cylinder Clamp,100NB Dispersion Cylinder Clamp,,22500,,,,,,,,,,,,,,,
7,TCMG,Processing Plant,TAIL,Tailings,Thickening,TFLC01 Flocculant System,TCMG-PP-TAIL-THK-TFLO01,TFLC01-TK01,Flocculant Mixing Tank,TCMG-PP-TAIL-THICK-TFLO01,,,BN1-6L Dosing Pump NBR Stator,BN1-6L Dosing Pump NBR Stator,,60/1-6L,,,,,,,,,,,,,,,
7,TCMG,Processing Plant,TAIL,Tailings,Thickening,TFLC01 Flocculant System,TCMG-PP-TAIL-THK-TFLO01,TFLC01-TK01,Flocculant Mixing Tank,TCMG-PP-TAIL-THICK-TFLO01,,,100NB Dispersion Cylinder,100NB Dispersion Cylinder,,22600,,,,,,,,,,,,,,,
7,TCMG,Processing Plant,TAIL,Tailings,Thickening,TFLC01 Flocculant System,TCMG-PP-TAIL-THK-TFLO01,TFLC01-TK01,Flocculant Mixing Tank,TCMG-PP-TAIL-THICK-TFLO01,,,100NB Dispersion Cylinder Clamp,100NB Dispersion Cylinder Clamp,,22500,,,,,,,,,,,,,,,
7,TCMG,Processing Plant,TAIL,Tailings,Thickening,TFLC01 Flocculant System,TCMG-PP-TAIL-THK-TFLO01,TFLC01-TK01,Flocculant Mixing Tank,TCMG-PP-TAIL-THICK-TFLO01,,,BN1-6L Dosing Pump NBR Stator,BN1-6L Dosing Pump NBR Stator,,60/1-6L,,,,,,,,,,,,,,,
7,TCMG,Processing Plant,TAIL,Tailings,Thickening,TFLC01 Flocculant System,TCMG-PP-TAIL-THK-TFLO01,TFLC01-TK01,Flocculant Mixing Tank,TCMG-PP-TAIL-THICK-TFLO01,,,UMA70 Filter Bag Set,UMA70 Filter Bag Set,,226700,,,,,,,,,,,,,,,
7,TCMG,Processing Plant,TAIL,Tailings,Thickening,TFLC01 Flocculant System,TCMG-PP-TAIL-THK-TFLO01,TFLC01-TK01,Flocculant Mixing Tank,TCMG-PP-TAIL-THICK-TFLO01,,,50NB Anti-Static Hose (5m Length),50NB Anti-Static Hose (5m Length),,234500,,,,,,,,,,,,,,,
7,TCMG,Processing Plant,TAIL,Tailings,Thickening,TFLC01 Flocculant System,TCMG-PP-TAIL-THK-TFLO01,TFLC01-TK01,Flocculant Mixing Tank,TCMG-PP-TAIL-THICK-TFLO01,,,Feeder Bearing,Feeder Bearing,,200500,,,,,,,,,,,,,,,
7,TCMG,Processing Plant,TAIL,Tailings,Thickening,TFLC01 Flocculant System,TCMG-PP-TAIL-THK-TFLO01,TFLC01-TK01,Flocculant Mixing Tank,TCMG-PP-TAIL-THICK-TFLO01,,,65NB Butterfly Valve c/w Electric Rotary Actuator 24VDC,65NB Butterfly Valve c/w Electric Rotary Actuator 24VDC,,920740,,,,,,,,,,,,,,,
7,TCMG,Processing Plant,TAIL,Tailings,Thickening,TFLC01 Flocculant System,TCMG-PP-TAIL-THK-TFLO01,TFLC01-TK01,Flocculant Mixing Tank,TCMG-PP-TAIL-THICK-TFLO01,,,40NB Solenoid Valve 24VDC,40NB Solenoid Valve 24VDC,,920030,,,,,,,,,,,,,,,
7,TCMG,Processing Plant,TAIL,Tailings,Thickening,TFLC01 Flocculant System,TCMG-PP-TAIL-THK-TFLO01,TFLC01-TK01,Flocculant Mixing Tank,TCMG-PP-TAIL-THICK-TFLO01,,,BN1-6L Wear Parts Kit,BN1-6L Wear Parts Kit,,400/1-6,,,,,,,,,,,,,,,
7,TCMG,Processing Plant,TAIL,Tailings,Thickening,TFLC01 Flocculant System,TCMG-PP-TAIL-THK-TFLO01,TFLC01-TK01,Flocculant Mixing Tank,TCMG-PP-TAIL-THICK-TFLO01,,,Blower 1.1kW 415V 3ph,Blower 1.1kW 415V 3ph,,203000,,,,,,,,,,,,,,,
7,TCMG,Processing Plant,TAIL,Tailings,Thickening,TFLC01 Flocculant System,TCMG-PP-TAIL-THK-TFLO01,TFLC01-TK01,Flocculant Mixing Tank,TCMG-PP-TAIL-THICK-TFLO01,,,Feeder Gearmotor 0.18kW 36rpm 4125V 3ph,Feeder Gearmotor 0.18kW 36rpm 4125V 3ph,,970170,,,,,,,,,,,,,,,
6,TCMG,Processing Plant,TAIL,Tailings,Thickening,TFLC01 Flocculant System,TCMG-PP-TAIL-THK-TFLO01,TFLC01-TK02,Flocculant Storage Tank,TCMG-PP-TAIL-THICK-TFLO01,12-TK-002,,,,,,,,,,,,,,,,,,,
6,TCMG,Processing Plant,TAIL,Tailings,Thickening,TFLC01 Flocculant System,TCMG-PP-TAIL-THK-TFLO01,TFLC01-PMP01,Flocculant Dosing Pump,TCMG-PP-TAIL-THICK-TFLO01,12-PU-207,,,,,,,,,,,,,,,,,,,
5,TCMG,Processing Plant,TAIL,Tailings,Thickening,THKA01 Thickener Ancillary,TCMG-PP-TAIL-THK-THKA01,,,,,,,,,,,,,,,,,,,,,,,
6,TCMG,Processing Plant,TAIL,Tailings,Thickening,THKA01 Thickener Ancillary,TCMG-PP-TAIL-THK-THKA01,THKA01-MRL01,Thickener Monorail,TCMG-PP-TAIL-THICK-THANC01,12-MR-001,,,,,,,,,,,,,,,,,,,
6,TCMG,Processing Plant,TAIL,Tailings,Thickening,THKA01 Thickener Ancillary,TCMG-PP-TAIL-THK-THKA01,THKA01-SHW01,Thickener Area Safety Shower,TCMG-PP-TAIL-THICK-THANC01,12-SS-01,,,,,,,,,,,,,,,,,,,
6,TCMG,Processing Plant,TAIL,Tailings,Thickening,THKA01 Thickener Ancillary,TCMG-PP-TAIL-THK-THKA01,THKA01-PMP01,Thickener Area Sump Pump,TCMG-PP-TAIL-THICK-THANC01,12-PU-210,,,,,,,,,,,,,,,,,,,
7,TCMG,Processing Plant,TAIL,Tailings,Thickening,THKA01 Thickener Ancillary,TCMG-PP-TAIL-THK-THKA01,THKA01-PMP01,Thickener Area Sump Pump,TCMG-PP-TAIL-THICK-THANC01,,,Sump Pump,Belt,,SPB1320,,,,,,,,,,,,,,,
7,TCMG,Processing Plant,TAIL,Tailings,Thickening,THKA01 Thickener Ancillary,TCMG-PP-TAIL-THK-THKA01,THKA01-PMP01,Thickener Area Sump Pump,TCMG-PP-TAIL-THICK-THANC01,,,Sump Pump,Hex Nut,,M20H5-Z,,,,,,,,,,,,,,,
7,TCMG,Processing Plant,TAIL,Tailings,Thickening,THKA01 Thickener Ancillary,TCMG-PP-TAIL-THK-THKA01,THKA01-PMP01,Thickener Area Sump Pump,TCMG-PP-TAIL-THICK-THANC01,,,Sump Pump,Hex Bolt,,M20H1-80Z,,,,,,,,,,,,,,,
7,TCMG,Processing Plant,TAIL,Tailings,Thickening,THKA01 Thickener Ancillary,TCMG-PP-TAIL-THK-THKA01,THKA01-PMP01,Thickener Area Sump Pump,TCMG-PP-TAIL-THICK-THANC01,,,Sump Pump,Washer,,M12-11-Z,,,,,,,,,,,,,,,
7,TCMG,Processing Plant,TAIL,Tailings,Thickening,THKA01 Thickener Ancillary,TCMG-PP-TAIL-THK-THKA01,THKA01-PMP01,Thickener Area Sump Pump,TCMG-PP-TAIL-THICK-THANC01,,,Sump Pump,Hex Nut,,M12H5-Z,,,,,,,,,,,,,,,
7,TCMG,Processing Plant,TAIL,Tailings,Thickening,THKA01 Thickener Ancillary,TCMG-PP-TAIL-THK-THKA01,THKA01-PMP01,Thickener Area Sump Pump,TCMG-PP-TAIL-THICK-THANC01,,,Sump Pump,Hex Bolt,,M12H1-60Z,,,,,,,,,,,,,,,
7,TCMG,Processing Plant,TAIL,Tailings,Thickening,THKA01 Thickener Ancillary,TCMG-PP-TAIL-THK-THKA01,THKA01-PMP01,Thickener Area Sump Pump,TCMG-PP-TAIL-THICK-THANC01,,,Sump Pump,O-Ring,,26T36N127,,,,,,,,,,,,,,,
7,TCMG,Processing Plant,TAIL,Tailings,Thickening,THKA01 Thickener Ancillary,TCMG-PP-TAIL-THK-THKA01,THKA01-PMP01,Thickener Area Sump Pump,TCMG-PP-TAIL-THICK-THANC01,,,Sump Pump,Back Liner seal,,D3125S01,,,,,,,,,,,,,,,
7,TCMG,Processing Plant,TAIL,Tailings,Thickening,THKA01 Thickener Ancillary,TCMG-PP-TAIL-THK-THKA01,THKA01-PMP01,Thickener Area Sump Pump,TCMG-PP-TAIL-THICK-THANC01,,,Sump Pump,Hex Bolt,,M16H1-75Z,,,,,,,,,,,,,,,
7,TCMG,Processing Plant,TAIL,Tailings,Thickening,THKA01 Thickener Ancillary,TCMG-PP-TAIL-THK-THKA01,THKA01-PMP01,Thickener Area Sump Pump,TCMG-PP-TAIL-THICK-THANC01,,,Sump Pump,Hex Bolt,,M16H5-Z,,,,,,,,,,,,,,,
7,TCMG,Processing Plant,TAIL,Tailings,Thickening,THKA01 Thickener Ancillary,TCMG-PP-TAIL-THK-THKA01,THKA01-PMP01,Thickener Area Sump Pump,TCMG-PP-TAIL-THICK-THANC01,,,Sump Pump,Washer,,M16-11-Z,,,,,,,,,,,,,,,
7,TCMG,Processing Plant,TAIL,Tailings,Thickening,THKA01 Thickener Ancillary,TCMG-PP-TAIL-THK-THKA01,THKA01-PMP01,Thickener Area Sump Pump,TCMG-PP-TAIL-THICK-THANC01,,,Sump Pump,Discharge Gasket,,SP65204S40,,,,,,,,,,,,,,,
4,TCMG,Processing Plant,TAIL,Tailings,Filtering,,,,,,,,,,,,,,,,,,,,,,,,,
5,TCMG,Processing Plant,TAIL,Tailings,Filtering,FP01 Filter Press 1,TCMG-PP-TAIL-FILT-FP01,,,,,,,,,,,,,,,,,,,,,,,
6,TCMG,Processing Plant,TAIL,Tailings,Filtering,FP01 Filter Press 1,TCMG-PP-TAIL-FILT-FP01,FP01,Filter Press 1,TCMG-PP-TAIL-FILT-FP01,13-FP-101,,,,,,,,,,,,,,,,,,,
7,TCMG,Processing Plant,TAIL,Tailings,Filtering,FP01 Filter Press 1,TCMG-PP-TAIL-FILT-FP01,FP01,Filter Press 1,TCMG-PP-TAIL-FILT-FP01,,,TOUCHSCREEN PROGRAMED,TOUCHSCREEN PROGRAMED,,EMRCK2711PT12W21D8S,,,,,,,,,,,,,,,
7,TCMG,Processing Plant,TAIL,Tailings,Filtering,FP01 Filter Press 1,TCMG-PP-TAIL-FILT-FP01,FP01,Filter Press 1,TCMG-PP-TAIL-FILT-FP01,,,AIRCONDITIONING UNIT FOR ELECTRICAL CABINET,AIRCONDITIONING UNIT FOR ELECTRICAL CABINET,,COMPCONDTEXAEGO20L1B2000,,,,,,,,,,,,,,,
7,TCMG,Processing Plant,TAIL,Tailings,Filtering,FP01 Filter Press 1,TCMG-PP-TAIL-FILT-FP01,FP01,Filter Press 1,TCMG-PP-TAIL-FILT-FP01,,,PLATE MATEC 1500x2000 CH35 FAN FC REC RU,PLATE MATEC 1500x2000 CH35 FAN FC REC RU,,PIASMT152035FAFCROP,,,,,,,,,,,,,,,
7,TCMG,Processing Plant,TAIL,Tailings,Filtering,FP01 Filter Press 1,TCMG-PP-TAIL-FILT-FP01,FP01,Filter Press 1,TCMG-PP-TAIL-FILT-FP01,,,PLATE MATEC 1500x2000 CH35 INT FC REC RU,PLATE MATEC 1500x2000 CH35 INT FC REC RU,,PIASMT152035INFCROP,,,,,,,,,,,,,,,
7,TCMG,Processing Plant,TAIL,Tailings,Filtering,FP01 Filter Press 1,TCMG-PP-TAIL-FILT-FP01,FP01,Filter Press 1,TCMG-PP-TAIL-FILT-FP01,,,HANDLE FOR PLATE 1500X2000 WITHOUT PIN,HANDLE FOR PLATE 1500X2000 WITHOUT PIN,,MANIGPIAST15002000SP,,,,,,,,,,,,,,,
7,TCMG,Processing Plant,TAIL,Tailings,Filtering,FP01 Filter Press 1,TCMG-PP-TAIL-FILT-FP01,FP01,Filter Press 1,TCMG-PP-TAIL-FILT-FP01,,,HANDLE FOR PLATE 1500X2000 WITH PIN,HANDLE FOR PLATE 1500X2000 WITH PIN,,MANIGPIAST15002000CP,,,,,,,,,,,,,,,
7,TCMG,Processing Plant,TAIL,Tailings,Filtering,FP01 Filter Press 1,TCMG-PP-TAIL-FILT-FP01,FP01,Filter Press 1,TCMG-PP-TAIL-FILT-FP01,,,MATEC CLOTH 1500X2000 FIS FC OPEN NS002,MATEC CLOTH 1500X2000 FIS FC OPEN NS002,,TELAMT1500X2000FICEOPNS,,,,,,,,,,,,,,,
7,TCMG,Processing Plant,TAIL,Tailings,Filtering,FP01 Filter Press 1,TCMG-PP-TAIL-FILT-FP01,FP01,Filter Press 1,TCMG-PP-TAIL-FILT-FP01,,,MATEC OVERCLOTH 1500X2000 INT FC NS002,MATEC OVERCLOTH 1500X2000 INT FC NS002,,TELAMT1500X2000INCEOPNS,,,,,,,,,,,,,,,
7,TCMG,Processing Plant,TAIL,Tailings,Filtering,FP01 Filter Press 1,TCMG-PP-TAIL-FILT-FP01,FP01,Filter Press 1,TCMG-PP-TAIL-FILT-FP01,,,MATEC UNDERCLOTH 1500X2000 INT FC PUNDER1,MATEC UNDERCLOTH 1500X2000 INT FC PUNDER1,,SOTESOTMT1500XCEPUNDEO,,,,,,,,,,,,,,,
7,TCMG,Processing Plant,TAIL,Tailings,Filtering,FP01 Filter Press 1,TCMG-PP-TAIL-FILT-FP01,FP01,Filter Press 1,TCMG-PP-TAIL-FILT-FP01,,,EXTERNAL CASING,EXTERNAL CASING,,PORI005365Z,,,,,,,,,,,,,,,
7,TCMG,Processing Plant,TAIL,Tailings,Filtering,FP01 Filter Press 1,TCMG-PP-TAIL-FILT-FP01,FP01,Filter Press 1,TCMG-PP-TAIL-FILT-FP01,,,INTERNAL CASING,INTERNAL CASING,,PORI005A365Z,,,,,,,,,,,,,,,
7,TCMG,Processing Plant,TAIL,Tailings,Filtering,FP01 Filter Press 1,TCMG-PP-TAIL-FILT-FP01,FP01,Filter Press 1,TCMG-PP-TAIL-FILT-FP01,,,IMPELLER Ø35,IMPELLER Ø35,,PORI006365Z,,,,,,,,,,,,,,,
7,TCMG,Processing Plant,TAIL,Tailings,Filtering,FP01 Filter Press 1,TCMG-PP-TAIL-FILT-FP01,FP01,Filter Press 1,TCMG-PP-TAIL-FILT-FP01,,,IMPELLER Ø44,IMPELLER Ø44,,PORI006A365Z,,,,,,,,,,,,,,,
7,TCMG,Processing Plant,TAIL,Tailings,Filtering,FP01 Filter Press 1,TCMG-PP-TAIL-FILT-FP01,FP01,Filter Press 1,TCMG-PP-TAIL-FILT-FP01,,,IMPELLER Ø35,IMPELLER Ø35,,PORI006B365Z,,,,,,,,,,,,,,,
7,TCMG,Processing Plant,TAIL,Tailings,Filtering,FP01 Filter Press 1,TCMG-PP-TAIL-FILT-FP01,FP01,Filter Press 1,TCMG-PP-TAIL-FILT-FP01,,,MECHANICAL SEAL Ø70,MECHANICAL SEAL Ø70,,PORI369006,,,,,,,,,,,,,,,
7,TCMG,Processing Plant,TAIL,Tailings,Filtering,FP01 Filter Press 1,TCMG-PP-TAIL-FILT-FP01,FP01,Filter Press 1,TCMG-PP-TAIL-FILT-FP01,,,TT MODULE,TT MODULE,,TBA,,,,,,,,,,,,,,,
7,TCMG,Processing Plant,TAIL,Tailings,Filtering,FP01 Filter Press 1,TCMG-PP-TAIL-FILT-FP01,FP01,Filter Press 1,TCMG-PP-TAIL-FILT-FP01,,,"PUMP 26,2 CC FOR TT","PUMP 26,2 CC FOR TT",,POMPAP226DX,,,,,,,,,,,,,,,
7,TCMG,Processing Plant,TAIL,Tailings,Filtering,FP01 Filter Press 1,TCMG-PP-TAIL-FILT-FP01,FP01,Filter Press 1,TCMG-PP-TAIL-FILT-FP01,,,TRACTION MODULE DX FOR FP1500 100X40X4 IRON,TRACTION MODULE DX FOR FP1500 100X40X4 IRON,,F1501NNNMDTZDXFE,,,,,,,,,,,,,,,
7,TCMG,Processing Plant,TAIL,Tailings,Filtering,FP01 Filter Press 1,TCMG-PP-TAIL-FILT-FP01,FP01,Filter Press 1,TCMG-PP-TAIL-FILT-FP01,,,TRACTION MODULE SX FOR FP1500 100X40X4 IRON,TRACTION MODULE SX FOR FP1500 100X40X4 IRON,,F1501NNNMDTZSXFE,,,,,,,,,,,,,,,
7,TCMG,Processing Plant,TAIL,Tailings,Filtering,FP01 Filter Press 1,TCMG-PP-TAIL-FILT-FP01,FP01,Filter Press 1,TCMG-PP-TAIL-FILT-FP01,,,PNEUMATIC CYLINDER Ø 16X50 FOR TRACTION,PNEUMATIC CYLINDER Ø 16X50 FOR TRACTION,,CILPNMAGNED016C050,,,,,,,,,,,,,,,
7,TCMG,Processing Plant,TAIL,Tailings,Filtering,FP01 Filter Press 1,TCMG-PP-TAIL-FILT-FP01,FP01,Filter Press 1,TCMG-PP-TAIL-FILT-FP01,,,FORK FOR PNEUMATIC CYLINDER Ø 16,FORK FOR PNEUMATIC CYLINDER Ø 16,,PIEDNCILPND016,,,,,,,,,,,,,,,
7,TCMG,Processing Plant,TAIL,Tailings,Filtering,FP01 Filter Press 1,TCMG-PP-TAIL-FILT-FP01,FP01,Filter Press 1,TCMG-PP-TAIL-FILT-FP01,,,FORK FOR PNEUMATIC CYLINDER Ø 16,FORK FOR PNEUMATIC CYLINDER Ø 16,,FORCECILPND016,,,,,,,,,,,,,,,
7,TCMG,Processing Plant,TAIL,Tailings,Filtering,FP01 Filter Press 1,TCMG-PP-TAIL-FILT-FP01,FP01,Filter Press 1,TCMG-PP-TAIL-FILT-FP01,,,TEFLON SUPPORT 200X70,TEFLON SUPPORT 200X70,,PATTSUPP2007010,,,,,,,,,,,,,,,
7,TCMG,Processing Plant,TAIL,Tailings,Filtering,FP01 Filter Press 1,TCMG-PP-TAIL-FILT-FP01,FP01,Filter Press 1,TCMG-PP-TAIL-FILT-FP01,,,TEFLON SUPPORT TT 200x40x15,TEFLON SUPPORT TT 200x40x15,,PATTSUPP2004015,,,,,,,,,,,,,,,
7,TCMG,Processing Plant,TAIL,Tailings,Filtering,FP01 Filter Press 1,TCMG-PP-TAIL-FILT-FP01,FP01,Filter Press 1,TCMG-PP-TAIL-FILT-FP01,,,NEW TT PISTON BORE 60-35-1200 STROKE,NEW TT PISTON BORE 60-35-1200 STROKE,,PISTOLEONEWTT60351200,,,,,,,,,,,,,,,
7,TCMG,Processing Plant,TAIL,Tailings,Filtering,FP01 Filter Press 1,TCMG-PP-TAIL-FILT-FP01,FP01,Filter Press 1,TCMG-PP-TAIL-FILT-FP01,,,"DEGASSING VALVE (GR2-1 B1,0-G 24)","DEGASSING VALVE (GR2-1 B1,0-G 24)",,VALVLDEGASGR2-1B1G24,,,,,,,,,,,,,,,
7,TCMG,Processing Plant,TAIL,Tailings,Filtering,FP01 Filter Press 1,TCMG-PP-TAIL-FILT-FP01,FP01,Filter Press 1,TCMG-PP-TAIL-FILT-FP01,,,BASE + MAX VALVE - ARBS531M2001,BASE + MAX VALVE - ARBS531M2001,,VALVLMAXBASEARBS5,,,,,,,,,,,,,,,
7,TCMG,Processing Plant,TAIL,Tailings,Filtering,FP01 Filter Press 1,TCMG-PP-TAIL-FILT-FP01,FP01,Filter Press 1,TCMG-PP-TAIL-FILT-FP01,,,COMPLETE COUPLING FOR DOUBLE/TRIPLE PUM,COMPLETE COUPLING FOR DOUBLE/TRIPLE PUM,,GIUNTXCOMPPOMPTRIP,,,,,,,,,,,,,,,
7,TCMG,Processing Plant,TAIL,Tailings,Filtering,FP01 Filter Press 1,TCMG-PP-TAIL-FILT-FP01,FP01,Filter Press 1,TCMG-PP-TAIL-FILT-FP01,,,ELASTIC COUPLING Ø40,ELASTIC COUPLING Ø40,,CERIEGE4RR,,,,,,,,,,,,,,,
7,TCMG,Processing Plant,TAIL,Tailings,Filtering,FP01 Filter Press 1,TCMG-PP-TAIL-FILT-FP01,FP01,Filter Press 1,TCMG-PP-TAIL-FILT-FP01,,,COUPLING FOR MOTOR GR2/3 Ø51,COUPLING FOR MOTOR GR2/3 Ø51,,CERISGEA51M07109FG,,,,,,,,,,,,,,,
7,TCMG,Processing Plant,TAIL,Tailings,Filtering,FP01 Filter Press 1,TCMG-PP-TAIL-FILT-FP01,FP01,Filter Press 1,TCMG-PP-TAIL-FILT-FP01,,,COUPLING FOR PUMP CONIC SHAFT Ø51,COUPLING FOR PUMP CONIC SHAFT Ø51,,CERISGEG40FS300,,,,,,,,,,,,,,,
7,TCMG,Processing Plant,TAIL,Tailings,Filtering,FP01 Filter Press 1,TCMG-PP-TAIL-FILT-FP01,FP01,Filter Press 1,TCMG-PP-TAIL-FILT-FP01,,,TRIPLE PUMP XV3/90+90+15 cc,TRIPLE PUMP XV3/90+90+15 cc,,CERIPOMPATRIPDXAF909015,,,,,,,,,,,,,,,
7,TCMG,Processing Plant,TAIL,Tailings,Filtering,FP01 Filter Press 1,TCMG-PP-TAIL-FILT-FP01,FP01,Filter Press 1,TCMG-PP-TAIL-FILT-FP01,,,SUCTION CARTRIDGE - FPST100BB,SUCTION CARTRIDGE - FPST100BB,,FPST100BB,,,,,,,,,,,,,,,
7,TCMG,Processing Plant,TAIL,Tailings,Filtering,FP01 Filter Press 1,TCMG-PP-TAIL-FILT-FP01,FP01,Filter Press 1,TCMG-PP-TAIL-FILT-FP01,,,SUCTION CARTRIDGE D.150,SUCTION CARTRIDGE D.150,,FPST112C/B,,,,,,,,,,,,,,,
7,TCMG,Processing Plant,TAIL,Tailings,Filtering,FP01 Filter Press 1,TCMG-PP-TAIL-FILT-FP01,FP01,Filter Press 1,TCMG-PP-TAIL-FILT-FP01,,,PUMP GR3 61CC DX STANDARD,PUMP GR3 61CC DX STANDARD,,CERIPOMGR3CDXHI103613101,,,,,,,,,,,,,,,
7,TCMG,Processing Plant,TAIL,Tailings,Filtering,FP01 Filter Press 1,TCMG-PP-TAIL-FILT-FP01,FP01,Filter Press 1,TCMG-PP-TAIL-FILT-FP01,,,COUPLING FOR MOTOR GR3 Ø51,COUPLING FOR MOTOR GR3 Ø51,,CERISGEG40M09110,,,,,,,,,,,,,,,
7,TCMG,Processing Plant,TAIL,Tailings,Filtering,FP01 Filter Press 1,TCMG-PP-TAIL-FILT-FP01,FP01,Filter Press 1,TCMG-PP-TAIL-FILT-FP01,,,PRESSURE SWITCH REG. 0..600 Bar,PRESSURE SWITCH REG. 0..600 Bar,,PRESTXXXXX00400W,,,,,,,,,,,,,,,
7,TCMG,Processing Plant,TAIL,Tailings,Filtering,FP01 Filter Press 1,TCMG-PP-TAIL-FILT-FP01,FP01,Filter Press 1,TCMG-PP-TAIL-FILT-FP01,,,HYDRAULIC RAM DUST COVERS,HYDRAULIC RAM DUST COVERS,,MATPHRDC,,,,,,,,,,,,,,,
7,TCMG,Processing Plant,TAIL,Tailings,Filtering,FP01 Filter Press 1,TCMG-PP-TAIL-FILT-FP01,FP01,Filter Press 1,TCMG-PP-TAIL-FILT-FP01,,,"HAWE VALVE GR2-12-B1,0-GM24","HAWE VALVE GR2-12-B1,0-GM24",,CERIGR212B10GM24,,,,,,,,,,,,,,,
7,TCMG,Processing Plant,TAIL,Tailings,Filtering,FP01 Filter Press 1,TCMG-PP-TAIL-FILT-FP01,FP01,Filter Press 1,TCMG-PP-TAIL-FILT-FP01,,,SHAKER UNIT - PNEUMATIC CYLINDER Ø 125x100,SHAKER UNIT - PNEUMATIC CYLINDER Ø 125x100,,CILPNMAGNED125C100S60,,,,,,,,,,,,,,,
7,TCMG,Processing Plant,TAIL,Tailings,Filtering,FP01 Filter Press 1,TCMG-PP-TAIL-FILT-FP01,FP01,Filter Press 1,TCMG-PP-TAIL-FILT-FP01,,,FORK FOR PNEUMATIC CYLINDER Ø 125,FORK FOR PNEUMATIC CYLINDER Ø 125,,FORCECILPND125,,,,,,,,,,,,,,,
7,TCMG,Processing Plant,TAIL,Tailings,Filtering,FP01 Filter Press 1,TCMG-PP-TAIL-FILT-FP01,FP01,Filter Press 1,TCMG-PP-TAIL-FILT-FP01,,,BRACKET FOR PNEUMATIC CYLINDER Ø125 (COUPLE),BRACKET FOR PNEUMATIC CYLINDER Ø125 (COUPLE),,PIEDNCILPND125,,,,,,,,,,,,,,,
7,TCMG,Processing Plant,TAIL,Tailings,Filtering,FP01 Filter Press 1,TCMG-PP-TAIL-FILT-FP01,FP01,Filter Press 1,TCMG-PP-TAIL-FILT-FP01,,,LIMIT SWITCH XY2,LIMIT SWITCH XY2,,FCORSSTRATMQXY2,,,,,,,,,,,,,,,
7,TCMG,Processing Plant,TAIL,Tailings,Filtering,FP01 Filter Press 1,TCMG-PP-TAIL-FILT-FP01,FP01,Filter Press 1,TCMG-PP-TAIL-FILT-FP01,,,LIMIT SWITCH FR 556-M,LIMIT SWITCH FR 556-M,,FCORSBANDIXXTMQ,,,,,,,,,,,,,,,
6,TCMG,Processing Plant,TAIL,Tailings,Filtering,FP01 Filter Press 1,TCMG-PP-TAIL-FILT-FP01,FP01-CV01,Filter Press 1 Conveyor,TCMG-PP-TAIL-FILT-FP01,13-CV-101,,,,,,,,,,,,,,,,,,,
7,TCMG,Processing Plant,TAIL,Tailings,Filtering,FP01 Filter Press 1,TCMG-PP-TAIL-FILT-FP01,FP01-CV01,Filter Press 1 Conveyor,TCMG-PP-TAIL-FILT-FP01,,,Reclaim Conveyor 1,TAPE ROLLER 3437,,COMP3437CB,,,,,,,,,,,,,,,
7,TCMG,Processing Plant,TAIL,Tailings,Filtering,FP01 Filter Press 1,TCMG-PP-TAIL-FILT-FP01,FP01-CV01,Filter Press 1 Conveyor,TCMG-PP-TAIL-FILT-FP01,,,Reclaim Conveyor 1,MODULAR SCRAPER H.155-SP.100,,COMP3966ACB,,,,,,,,,,,,,,,
6,TCMG,Processing Plant,TAIL,Tailings,Filtering,FP01 Filter Press 1,TCMG-PP-TAIL-FILT-FP01,FP01-PMP01,Filter 1 Feed Pump,TCMG-PP-TAIL-FILT-FP01,13-PU-101,,,,,,,,,,,,,,,,,,,
7,TCMG,Processing Plant,TAIL,Tailings,Filtering,FP01 Filter Press 1,TCMG-PP-TAIL-FILT-FP01,FP01-PMP01,Filter 1 Feed Pump,TCMG-PP-TAIL-FILT-FP01,,,Feed Pump 1,EXT. CASING Ø420 N°8 M12 Ø260 LOBESP,,CDA000162.01,,,,,,,,,,,,,,,
7,TCMG,Processing Plant,TAIL,Tailings,Filtering,FP01 Filter Press 1,TCMG-PP-TAIL-FILT-FP01,FP01-PMP01,Filter 1 Feed Pump,TCMG-PP-TAIL-FILT-FP01,,,Feed Pump 1,INT CASING Ø420 NO LOBES,,CDA000149.00,,,,,,,,,,,,,,,
7,TCMG,Processing Plant,TAIL,Tailings,Filtering,FP01 Filter Press 1,TCMG-PP-TAIL-FILT-FP01,FP01-PMP01,Filter 1 Feed Pump,TCMG-PP-TAIL-FILT-FP01,,,Feed Pump 1,IMPELLER ØF60 -100,,CDA000151.02,,,,,,,,,,,,,,,
7,TCMG,Processing Plant,TAIL,Tailings,Filtering,FP01 Filter Press 1,TCMG-PP-TAIL-FILT-FP01,FP01-PMP01,Filter 1 Feed Pump,TCMG-PP-TAIL-FILT-FP01,,,Feed Pump 1,IMPELLER Ø48 - 100,,CDA000150.00,,,,,,,,,,,,,,,
7,TCMG,Processing Plant,TAIL,Tailings,Filtering,FP01 Filter Press 1,TCMG-PP-TAIL-FILT-FP01,FP01-PMP01,Filter 1 Feed Pump,TCMG-PP-TAIL-FILT-FP01,,,Feed Pump 1,FL. USURA Ø420 -1100/2100/3100,,CDA000152.00,,,,,,,,,,,,,,,
7,TCMG,Processing Plant,TAIL,Tailings,Filtering,FP01 Filter Press 1,TCMG-PP-TAIL-FILT-FP01,FP01-PMP01,Filter 1 Feed Pump,TCMG-PP-TAIL-FILT-FP01,,,Feed Pump 1,MECH. SEAL EMG1 G6 Ø70 SILICON CARBIDE,,TENUEMG1G6D70CSCS,,,,,,,,,,,,,,,
7,TCMG,Processing Plant,TAIL,Tailings,Filtering,FP01 Filter Press 1,TCMG-PP-TAIL-FILT-FP01,FP01-PMP01,Filter 1 Feed Pump,TCMG-PP-TAIL-FILT-FP01,,,Feed Pump 1,Bearing,,DE side: 6218 C3 / Axial: 29418-E1-XL / NDE side: NU2317-E-XL-TVP2 / Bearing lub: Oil Bath,,,,,,,,,,,,,,,
7,TCMG,Processing Plant,TAIL,Tailings,Filtering,FP01 Filter Press 1,TCMG-PP-TAIL-FILT-FP01,FP01-PMP01,Filter 1 Feed Pump,TCMG-PP-TAIL-FILT-FP01,,,Feed Pump 1,Motor 7T3 280 M4,,280M4,,,,,,,,,,,,,,,
6,TCMG,Processing Plant,TAIL,Tailings,Filtering,FP01 Filter Press 1,TCMG-PP-TAIL-FILT-FP01,FP01-PMP01-MCC01,Filter 1 Feed Pump MCC Cell,TCMG-PP-TAIL-FILT-FP01,,,,,,,,,,,,,,,,,,,,
6,TCMG,Processing Plant,TAIL,Tailings,Filtering,FP01 Filter Press 1,TCMG-PP-TAIL-FILT-FP01,FP01-PMP01-MTR01,Filter 1 Feed Pump Motor,TCMG-PP-TAIL-FILT-FP01,,,,,,,,,,,,,,,,,,,,
6,TCMG,Processing Plant,TAIL,Tailings,Filtering,FP01 Filter Press 1,TCMG-PP-TAIL-FILT-FP01,FP01-PMP01-VSD01,Filter 1 Feed Pump VFD,TCMG-PP-TAIL-FILT-FP01,,,,,,,,,,,,,,,,,,,,
5,TCMG,Processing Plant,TAIL,Tailings,Filtering,FP02 Filter Press 2,TCMG-PP-TAIL-FILT-FP02,,,,,,,,,,,,,,,,,,,,,,,
6,TCMG,Processing Plant,TAIL,Tailings,Filtering,FP02 Filter Press 2,TCMG-PP-TAIL-FILT-FP02,FP02,Filter Press 2,TCMG-PP-TAIL-FILT-FP02,13-FP-102,,,,,,,,,,,,,,,,,,,
7,TCMG,Processing Plant,TAIL,Tailings,Filtering,FP02 Filter Press 2,TCMG-PP-TAIL-FILT-FP02,FP02,Filter Press 2,TCMG-PP-TAIL-FILT-FP02,,,TOUCHSCREEN PROGRAMED,TOUCHSCREEN PROGRAMED,,EMRCK2711PT12W21D8S,,,,,,,,,,,,,,,
7,TCMG,Processing Plant,TAIL,Tailings,Filtering,FP02 Filter Press 2,TCMG-PP-TAIL-FILT-FP02,FP02,Filter Press 2,TCMG-PP-TAIL-FILT-FP02,,,AIRCONDITIONING UNIT FOR ELECTRICAL CABINET,AIRCONDITIONING UNIT FOR ELECTRICAL CABINET,,COMPCONDTEXAEGO20L1B2000,,,,,,,,,,,,,,,
7,TCMG,Processing Plant,TAIL,Tailings,Filtering,FP02 Filter Press 2,TCMG-PP-TAIL-FILT-FP02,FP02,Filter Press 2,TCMG-PP-TAIL-FILT-FP02,,,PLATE MATEC 1500x2000 CH35 FAN FC REC RU,PLATE MATEC 1500x2000 CH35 FAN FC REC RU,,PIASMT152035FAFCROP,,,,,,,,,,,,,,,
7,TCMG,Processing Plant,TAIL,Tailings,Filtering,FP02 Filter Press 2,TCMG-PP-TAIL-FILT-FP02,FP02,Filter Press 2,TCMG-PP-TAIL-FILT-FP02,,,PLATE MATEC 1500x2000 CH35 INT FC REC RU,PLATE MATEC 1500x2000 CH35 INT FC REC RU,,PIASMT152035INFCROP,,,,,,,,,,,,,,,
7,TCMG,Processing Plant,TAIL,Tailings,Filtering,FP02 Filter Press 2,TCMG-PP-TAIL-FILT-FP02,FP02,Filter Press 2,TCMG-PP-TAIL-FILT-FP02,,,HANDLE FOR PLATE 1500X2000 WITHOUT PIN,HANDLE FOR PLATE 1500X2000 WITHOUT PIN,,MANIGPIAST15002000SP,,,,,,,,,,,,,,,
7,TCMG,Processing Plant,TAIL,Tailings,Filtering,FP02 Filter Press 2,TCMG-PP-TAIL-FILT-FP02,FP02,Filter Press 2,TCMG-PP-TAIL-FILT-FP02,,,HANDLE FOR PLATE 1500X2000 WITH PIN,HANDLE FOR PLATE 1500X2000 WITH PIN,,MANIGPIAST15002000CP,,,,,,,,,,,,,,,
7,TCMG,Processing Plant,TAIL,Tailings,Filtering,FP02 Filter Press 2,TCMG-PP-TAIL-FILT-FP02,FP02,Filter Press 2,TCMG-PP-TAIL-FILT-FP02,,,MATEC CLOTH 1500X2000 FIS FC OPEN NS002,MATEC CLOTH 1500X2000 FIS FC OPEN NS002,,TELAMT1500X2000FICEOPNS,,,,,,,,,,,,,,,
7,TCMG,Processing Plant,TAIL,Tailings,Filtering,FP02 Filter Press 2,TCMG-PP-TAIL-FILT-FP02,FP02,Filter Press 2,TCMG-PP-TAIL-FILT-FP02,,,MATEC OVERCLOTH 1500X2000 INT FC NS002,MATEC OVERCLOTH 1500X2000 INT FC NS002,,TELAMT1500X2000INCEOPNS,,,,,,,,,,,,,,,
7,TCMG,Processing Plant,TAIL,Tailings,Filtering,FP02 Filter Press 2,TCMG-PP-TAIL-FILT-FP02,FP02,Filter Press 2,TCMG-PP-TAIL-FILT-FP02,,,MATEC UNDERCLOTH 1500X2000 INT FC PUNDER1,MATEC UNDERCLOTH 1500X2000 INT FC PUNDER1,,SOTESOTMT1500XCEPUNDEO,,,,,,,,,,,,,,,
7,TCMG,Processing Plant,TAIL,Tailings,Filtering,FP02 Filter Press 2,TCMG-PP-TAIL-FILT-FP02,FP02,Filter Press 2,TCMG-PP-TAIL-FILT-FP02,,,EXTERNAL CASING,EXTERNAL CASING,,PORI005365Z,,,,,,,,,,,,,,,
7,TCMG,Processing Plant,TAIL,Tailings,Filtering,FP02 Filter Press 2,TCMG-PP-TAIL-FILT-FP02,FP02,Filter Press 2,TCMG-PP-TAIL-FILT-FP02,,,INTERNAL CASING,INTERNAL CASING,,PORI005A365Z,,,,,,,,,,,,,,,
7,TCMG,Processing Plant,TAIL,Tailings,Filtering,FP02 Filter Press 2,TCMG-PP-TAIL-FILT-FP02,FP02,Filter Press 2,TCMG-PP-TAIL-FILT-FP02,,,IMPELLER Ø35,IMPELLER Ø35,,PORI006365Z,,,,,,,,,,,,,,,
7,TCMG,Processing Plant,TAIL,Tailings,Filtering,FP02 Filter Press 2,TCMG-PP-TAIL-FILT-FP02,FP02,Filter Press 2,TCMG-PP-TAIL-FILT-FP02,,,IMPELLER Ø44,IMPELLER Ø44,,PORI006A365Z,,,,,,,,,,,,,,,
7,TCMG,Processing Plant,TAIL,Tailings,Filtering,FP02 Filter Press 2,TCMG-PP-TAIL-FILT-FP02,FP02,Filter Press 2,TCMG-PP-TAIL-FILT-FP02,,,IMPELLER Ø35,IMPELLER Ø35,,PORI006B365Z,,,,,,,,,,,,,,,
7,TCMG,Processing Plant,TAIL,Tailings,Filtering,FP02 Filter Press 2,TCMG-PP-TAIL-FILT-FP02,FP02,Filter Press 2,TCMG-PP-TAIL-FILT-FP02,,,MECHANICAL SEAL Ø70,MECHANICAL SEAL Ø70,,PORI369006,,,,,,,,,,,,,,,
7,TCMG,Processing Plant,TAIL,Tailings,Filtering,FP02 Filter Press 2,TCMG-PP-TAIL-FILT-FP02,FP02,Filter Press 2,TCMG-PP-TAIL-FILT-FP02,,,"PUMP 26,2 CC FOR TT","PUMP 26,2 CC FOR TT",,POMPAP226DX,,,,,,,,,,,,,,,
7,TCMG,Processing Plant,TAIL,Tailings,Filtering,FP02 Filter Press 2,TCMG-PP-TAIL-FILT-FP02,FP02,Filter Press 2,TCMG-PP-TAIL-FILT-FP02,,,TRACTION MODULE DX FOR FP1500 100X40X4 IRON,TRACTION MODULE DX FOR FP1500 100X40X4 IRON,,F1501NNNMDTZDXFE,,,,,,,,,,,,,,,
7,TCMG,Processing Plant,TAIL,Tailings,Filtering,FP02 Filter Press 2,TCMG-PP-TAIL-FILT-FP02,FP02,Filter Press 2,TCMG-PP-TAIL-FILT-FP02,,,TRACTION MODULE SX FOR FP1500 100X40X4 IRON,TRACTION MODULE SX FOR FP1500 100X40X4 IRON,,F1501NNNMDTZSXFE,,,,,,,,,,,,,,,
7,TCMG,Processing Plant,TAIL,Tailings,Filtering,FP02 Filter Press 2,TCMG-PP-TAIL-FILT-FP02,FP02,Filter Press 2,TCMG-PP-TAIL-FILT-FP02,,,PNEUMATIC CYLINDER Ø 16X50 FOR TRACTION,PNEUMATIC CYLINDER Ø 16X50 FOR TRACTION,,CILPNMAGNED016C050,,,,,,,,,,,,,,,
7,TCMG,Processing Plant,TAIL,Tailings,Filtering,FP02 Filter Press 2,TCMG-PP-TAIL-FILT-FP02,FP02,Filter Press 2,TCMG-PP-TAIL-FILT-FP02,,,FORK FOR PNEUMATIC CYLINDER Ø 16,FORK FOR PNEUMATIC CYLINDER Ø 16,,PIEDNCILPND016,,,,,,,,,,,,,,,
7,TCMG,Processing Plant,TAIL,Tailings,Filtering,FP02 Filter Press 2,TCMG-PP-TAIL-FILT-FP02,FP02,Filter Press 2,TCMG-PP-TAIL-FILT-FP02,,,FORK FOR PNEUMATIC CYLINDER Ø 16,FORK FOR PNEUMATIC CYLINDER Ø 16,,FORCECILPND016,,,,,,,,,,,,,,,
7,TCMG,Processing Plant,TAIL,Tailings,Filtering,FP02 Filter Press 2,TCMG-PP-TAIL-FILT-FP02,FP02,Filter Press 2,TCMG-PP-TAIL-FILT-FP02,,,TEFLON SUPPORT 200X70,TEFLON SUPPORT 200X70,,PATTSUPP2007010,,,,,,,,,,,,,,,
7,TCMG,Processing Plant,TAIL,Tailings,Filtering,FP02 Filter Press 2,TCMG-PP-TAIL-FILT-FP02,FP02,Filter Press 2,TCMG-PP-TAIL-FILT-FP02,,,TEFLON SUPPORT TT 200x40x15,TEFLON SUPPORT TT 200x40x15,,PATTSUPP2004015,,,,,,,,,,,,,,,
7,TCMG,Processing Plant,TAIL,Tailings,Filtering,FP02 Filter Press 2,TCMG-PP-TAIL-FILT-FP02,FP02,Filter Press 2,TCMG-PP-TAIL-FILT-FP02,,,NEW TT PISTON BORE 60-35-1200 STROKE,NEW TT PISTON BORE 60-35-1200 STROKE,,PISTOLEONEWTT60351200,,,,,,,,,,,,,,,
7,TCMG,Processing Plant,TAIL,Tailings,Filtering,FP02 Filter Press 2,TCMG-PP-TAIL-FILT-FP02,FP02,Filter Press 2,TCMG-PP-TAIL-FILT-FP02,,,"DEGASSING VALVE (GR2-1 B1,0-G 24)","DEGASSING VALVE (GR2-1 B1,0-G 24)",,VALVLDEGASGR2-1B1G24,,,,,,,,,,,,,,,
7,TCMG,Processing Plant,TAIL,Tailings,Filtering,FP02 Filter Press 2,TCMG-PP-TAIL-FILT-FP02,FP02,Filter Press 2,TCMG-PP-TAIL-FILT-FP02,,,BASE + MAX VALVE - ARBS531M2001,BASE + MAX VALVE - ARBS531M2001,,VALVLMAXBASEARBS5,,,,,,,,,,,,,,,
7,TCMG,Processing Plant,TAIL,Tailings,Filtering,FP02 Filter Press 2,TCMG-PP-TAIL-FILT-FP02,FP02,Filter Press 2,TCMG-PP-TAIL-FILT-FP02,,,COMPLETE COUPLING FOR DOUBLE/TRIPLE PUM,COMPLETE COUPLING FOR DOUBLE/TRIPLE PUM,,GIUNTXCOMPPOMPTRIP,,,,,,,,,,,,,,,
7,TCMG,Processing Plant,TAIL,Tailings,Filtering,FP02 Filter Press 2,TCMG-PP-TAIL-FILT-FP02,FP02,Filter Press 2,TCMG-PP-TAIL-FILT-FP02,,,ELASTIC COUPLING Ø40,ELASTIC COUPLING Ø40,,CERIEGE4RR,,,,,,,,,,,,,,,
7,TCMG,Processing Plant,TAIL,Tailings,Filtering,FP02 Filter Press 2,TCMG-PP-TAIL-FILT-FP02,FP02,Filter Press 2,TCMG-PP-TAIL-FILT-FP02,,,COUPLING FOR MOTOR GR2/3 Ø51,COUPLING FOR MOTOR GR2/3 Ø51,,CERISGEA51M07109FG,,,,,,,,,,,,,,,
7,TCMG,Processing Plant,TAIL,Tailings,Filtering,FP02 Filter Press 2,TCMG-PP-TAIL-FILT-FP02,FP02,Filter Press 2,TCMG-PP-TAIL-FILT-FP02,,,COUPLING FOR PUMP CONIC SHAFT Ø51,COUPLING FOR PUMP CONIC SHAFT Ø51,,CERISGEG40FS300,,,,,,,,,,,,,,,
7,TCMG,Processing Plant,TAIL,Tailings,Filtering,FP02 Filter Press 2,TCMG-PP-TAIL-FILT-FP02,FP02,Filter Press 2,TCMG-PP-TAIL-FILT-FP02,,,TRIPLE PUMP XV3/90+90+15 cc,TRIPLE PUMP XV3/90+90+15 cc,,CERIPOMPATRIPDXAF909015,,,,,,,,,,,,,,,
7,TCMG,Processing Plant,TAIL,Tailings,Filtering,FP02 Filter Press 2,TCMG-PP-TAIL-FILT-FP02,FP02,Filter Press 2,TCMG-PP-TAIL-FILT-FP02,,,SUCTION CARTRIDGE - FPST100BB,SUCTION CARTRIDGE - FPST100BB,,FPST100BB,,,,,,,,,,,,,,,
7,TCMG,Processing Plant,TAIL,Tailings,Filtering,FP02 Filter Press 2,TCMG-PP-TAIL-FILT-FP02,FP02,Filter Press 2,TCMG-PP-TAIL-FILT-FP02,,,SUCTION CARTRIDGE D.150,SUCTION CARTRIDGE D.150,,FPST112C/B,,,,,,,,,,,,,,,
7,TCMG,Processing Plant,TAIL,Tailings,Filtering,FP02 Filter Press 2,TCMG-PP-TAIL-FILT-FP02,FP02,Filter Press 2,TCMG-PP-TAIL-FILT-FP02,,,PUMP GR3 61CC DX STANDARD,PUMP GR3 61CC DX STANDARD,,CERIPOMGR3CDXHI103613101,,,,,,,,,,,,,,,
7,TCMG,Processing Plant,TAIL,Tailings,Filtering,FP02 Filter Press 2,TCMG-PP-TAIL-FILT-FP02,FP02,Filter Press 2,TCMG-PP-TAIL-FILT-FP02,,,COUPLING FOR MOTOR GR3 Ø51,COUPLING FOR MOTOR GR3 Ø51,,CERISGEG40M09110,,,,,,,,,,,,,,,
7,TCMG,Processing Plant,TAIL,Tailings,Filtering,FP02 Filter Press 2,TCMG-PP-TAIL-FILT-FP02,FP02,Filter Press 2,TCMG-PP-TAIL-FILT-FP02,,,PRESSURE SWITCH REG. 0..600 Bar,PRESSURE SWITCH REG. 0..600 Bar,,PRESTXXXXX00400W,,,,,,,,,,,,,,,
7,TCMG,Processing Plant,TAIL,Tailings,Filtering,FP02 Filter Press 2,TCMG-PP-TAIL-FILT-FP02,FP02,Filter Press 2,TCMG-PP-TAIL-FILT-FP02,,,HYDRAULIC RAM DUST COVERS,HYDRAULIC RAM DUST COVERS,,MATPHRDC,,,,,,,,,,,,,,,
7,TCMG,Processing Plant,TAIL,Tailings,Filtering,FP02 Filter Press 2,TCMG-PP-TAIL-FILT-FP02,FP02,Filter Press 2,TCMG-PP-TAIL-FILT-FP02,,,"HAWE VALVE GR2-12-B1,0-GM24","HAWE VALVE GR2-12-B1,0-GM24",,CERIGR212B10GM24,,,,,,,,,,,,,,,
7,TCMG,Processing Plant,TAIL,Tailings,Filtering,FP02 Filter Press 2,TCMG-PP-TAIL-FILT-FP02,FP02,Filter Press 2,TCMG-PP-TAIL-FILT-FP02,,,SHAKER UNIT - PNEUMATIC CYLINDER Ø 125x100,SHAKER UNIT - PNEUMATIC CYLINDER Ø 125x100,,CILPNMAGNED125C100S60,,,,,,,,,,,,,,,
7,TCMG,Processing Plant,TAIL,Tailings,Filtering,FP02 Filter Press 2,TCMG-PP-TAIL-FILT-FP02,FP02,Filter Press 2,TCMG-PP-TAIL-FILT-FP02,,,FORK FOR PNEUMATIC CYLINDER Ø 125,FORK FOR PNEUMATIC CYLINDER Ø 125,,FORCECILPND125,,,,,,,,,,,,,,,
7,TCMG,Processing Plant,TAIL,Tailings,Filtering,FP02 Filter Press 2,TCMG-PP-TAIL-FILT-FP02,FP02,Filter Press 2,TCMG-PP-TAIL-FILT-FP02,,,BRACKET FOR PNEUMATIC CYLINDER Ø125 (COUPLE),BRACKET FOR PNEUMATIC CYLINDER Ø125 (COUPLE),,PIEDNCILPND125,,,,,,,,,,,,,,,
7,TCMG,Processing Plant,TAIL,Tailings,Filtering,FP02 Filter Press 2,TCMG-PP-TAIL-FILT-FP02,FP02,Filter Press 2,TCMG-PP-TAIL-FILT-FP02,,,LIMIT SWITCH XY2,LIMIT SWITCH XY2,,FCORSSTRATMQXY2,,,,,,,,,,,,,,,
7,TCMG,Processing Plant,TAIL,Tailings,Filtering,FP02 Filter Press 2,TCMG-PP-TAIL-FILT-FP02,FP02,Filter Press 2,TCMG-PP-TAIL-FILT-FP02,,,LIMIT SWITCH FR 556-M,LIMIT SWITCH FR 556-M,,FCORSBANDIXXTMQ,,,,,,,,,,,,,,,
6,TCMG,Processing Plant,TAIL,Tailings,Filtering,FP02 Filter Press 2,TCMG-PP-TAIL-FILT-FP02,FP02-CV01,Filter Press 2 Conveyor,TCMG-PP-TAIL-FILT-FP02,13-CV-102,,,,,,,,,,,,,,,,,,,
7,TCMG,Processing Plant,TAIL,Tailings,Filtering,FP02 Filter Press 2,TCMG-PP-TAIL-FILT-FP02,FP02-CV01,Filter Press 2 Conveyor,TCMG-PP-TAIL-FILT-FP02,,,Reclaim Conveyor 2,TAPE ROLLER 3437,,COMP3437CB,,,,,,,,,,,,,,,
7,TCMG,Processing Plant,TAIL,Tailings,Filtering,FP02 Filter Press 2,TCMG-PP-TAIL-FILT-FP02,FP02-CV01,Filter Press 2 Conveyor,TCMG-PP-TAIL-FILT-FP02,,,Reclaim Conveyor 2,MODULAR SCRAPER H.155-SP.100,,COMP3966ACB,,,,,,,,,,,,,,,
7,TCMG,Processing Plant,TAIL,Tailings,Filtering,FP02 Filter Press 2,TCMG-PP-TAIL-FILT-FP02,FP02-CV01,Filter Press 2 Conveyor,TCMG-PP-TAIL-FILT-FP02,,,Reclaim Conveyor 2,ROLLER CARRIER L=360,,COMPRULPORT3742ACBL360,,,,,,,,,,,,,,,
6,TCMG,Processing Plant,TAIL,Tailings,Filtering,FP02 Filter Press 2,TCMG-PP-TAIL-FILT-FP02,FP02-PMP01,Filter 2 Feed Pump,TCMG-PP-TAIL-FILT-FP02,13-PU-102,,,,,,,,,,,,,,,,,,,
7,TCMG,Processing Plant,TAIL,Tailings,Filtering,FP02 Filter Press 2,TCMG-PP-TAIL-FILT-FP02,FP02-PMP01,Filter 2 Feed Pump,TCMG-PP-TAIL-FILT-FP02,,,Feed Pump 2,PACKING 1,,PACKING 1,,,,,,,,,,,,,,,
7,TCMG,Processing Plant,TAIL,Tailings,Filtering,FP02 Filter Press 2,TCMG-PP-TAIL-FILT-FP02,FP02-PMP01,Filter 2 Feed Pump,TCMG-PP-TAIL-FILT-FP02,,,Feed Pump 2,EXT. CASING Ø420 N°8 M12 Ø260 LOBESP,,CDA000162.01,,,,,,,,,,,,,,,
7,TCMG,Processing Plant,TAIL,Tailings,Filtering,FP02 Filter Press 2,TCMG-PP-TAIL-FILT-FP02,FP02-PMP01,Filter 2 Feed Pump,TCMG-PP-TAIL-FILT-FP02,,,Feed Pump 2,INT CASING Ø420 NO LOBES,,CDA000149.00,,,,,,,,,,,,,,,
7,TCMG,Processing Plant,TAIL,Tailings,Filtering,FP02 Filter Press 2,TCMG-PP-TAIL-FILT-FP02,FP02-PMP01,Filter 2 Feed Pump,TCMG-PP-TAIL-FILT-FP02,,,Feed Pump 2,IMPELLER ØF60 -100,,CDA000151.02,,,,,,,,,,,,,,,
7,TCMG,Processing Plant,TAIL,Tailings,Filtering,FP02 Filter Press 2,TCMG-PP-TAIL-FILT-FP02,FP02-PMP01,Filter 2 Feed Pump,TCMG-PP-TAIL-FILT-FP02,,,Feed Pump 2,IMPELLER Ø48 - 100,,CDA000150.00,,,,,,,,,,,,,,,
7,TCMG,Processing Plant,TAIL,Tailings,Filtering,FP02 Filter Press 2,TCMG-PP-TAIL-FILT-FP02,FP02-PMP01,Filter 2 Feed Pump,TCMG-PP-TAIL-FILT-FP02,,,Feed Pump 2,FL. USURA Ø420 -1100/2100/3100,,CDA000152.00,,,,,,,,,,,,,,,
7,TCMG,Processing Plant,TAIL,Tailings,Filtering,FP02 Filter Press 2,TCMG-PP-TAIL-FILT-FP02,FP02-PMP01,Filter 2 Feed Pump,TCMG-PP-TAIL-FILT-FP02,,,Feed Pump 2,MECH. SEAL EMG1 G6 Ø70 SILICON CARBIDE,,TENUEMG1G6D70CSCS,,,,,,,,,,,,,,,
7,TCMG,Processing Plant,TAIL,Tailings,Filtering,FP02 Filter Press 2,TCMG-PP-TAIL-FILT-FP02,FP02-PMP01,Filter 2 Feed Pump,TCMG-PP-TAIL-FILT-FP02,,,Feed Pump 2,Bearing,,DE side: 6218 C3 / Axial: 29418-E1-XL / NDE side: NU2317-E-XL-TVP2 / Bearing lub: Oil Bath,,,,,,,,,,,,,,,
7,TCMG,Processing Plant,TAIL,Tailings,Filtering,FP02 Filter Press 2,TCMG-PP-TAIL-FILT-FP02,FP02-PMP01,Filter 2 Feed Pump,TCMG-PP-TAIL-FILT-FP02,,,Feed Pump 2,Motor 7T3 280 M4,,280M4,,,,,,,,,,,,,,,
7,TCMG,Processing Plant,TAIL,Tailings,Filtering,FP02 Filter Press 2,TCMG-PP-TAIL-FILT-FP02,FP02-PMP01,Filter 2 Feed Pump,TCMG-PP-TAIL-FILT-FP02,,,Feed Pump 2,Wet end,,PSH2100 V/A/A400 (DLT1050-2H),,,,,,,,,,,,,,,
6,TCMG,Processing Plant,TAIL,Tailings,Filtering,FP02 Filter Press 2,TCMG-PP-TAIL-FILT-FP02,FP02-PMP01-MCC01,Filter 2 Feed Pump MCC Cell,TCMG-PP-TAIL-FILT-FP02,,,,,,,,,,,,,,,,,,,,
6,TCMG,Processing Plant,TAIL,Tailings,Filtering,FP02 Filter Press 2,TCMG-PP-TAIL-FILT-FP02,FP02-PMP01-MTR01,Filter 2 Feed Pump Motor,TCMG-PP-TAIL-FILT-FP02,,,,,,,,,,,,,,,,,,,,
6,TCMG,Processing Plant,TAIL,Tailings,Filtering,FP02 Filter Press 2,TCMG-PP-TAIL-FILT-FP02,FP02-PMP01-VSD01,Filter 2 Feed Pump VFD,TCMG-PP-TAIL-FILT-FP02,,,,,,,,,,,,,,,,,,,,
5,TCMG,Processing Plant,TAIL,Tailings,Filtering,FPAN01 Filter Press Ancillary,TCMG-PP-TAIL-FLT-FPAN01,,,,,,,,,,,,,,,,,,,,,,,
6,TCMG,Processing Plant,TAIL,Tailings,Filtering,FPAN01 Filter Press Ancillary,TCMG-PP-TAIL-FLT-FPAN01,FPAN01-PMP01,Filter Area Sump Pump,TCMG-PP-TAIL-FILT-FPAN01,13-PU-330,,,,,,,,,,,,,,,,,,,
6,TCMG,Processing Plant,TAIL,Tailings,Filtering,FPAN01 Filter Press Ancillary,TCMG-PP-TAIL-FLT-FPAN01,FPAN01-SHW01,Filter Press Area Safety Shower,TCMG-PP-TAIL-FILT-FPAN01,13-SS-01,,,,,,,,,,,,,,,,,,,
6,TCMG,Processing Plant,TAIL,Tailings,Filtering,FPAN01 Filter Press Ancillary,TCMG-PP-TAIL-FLT-FPAN01,FPAN01-VLV05,Scuttle Valve,TCMG-PP-TAIL-FILT-FPAN01,V18 (multiple),,,,,,,,,,,,,,,,,,,
6,TCMG,Processing Plant,TAIL,Tailings,Filtering,FPAN01 Filter Press Ancillary,TCMG-PP-TAIL-FLT-FPAN01,FPAN01-VLV01,Ball Valve combo,TCMG-PP-TAIL-FILT-FPAN01,15V08-15V01,,,,,,,,,,,,,,,,,,,
6,TCMG,Processing Plant,TAIL,Tailings,Filtering,FPAN01 Filter Press Ancillary,TCMG-PP-TAIL-FLT-FPAN01,FPAN01-VLV02,Knife Gate,TCMG-PP-TAIL-FILT-FPAN01,200L (200V03),,,,,,,,,,,,,,,,,,,
6,TCMG,Processing Plant,TAIL,Tailings,Filtering,FPAN01 Filter Press Ancillary,TCMG-PP-TAIL-FLT-FPAN01,FPAN01-VLV04,Combination valves,TCMG-PP-TAIL-FILT-FPAN01,50V05-15V03,,,,,,,,,,,,,,,,,,,
6,TCMG,Processing Plant,TAIL,Tailings,Filtering,FPAN01 Filter Press Ancillary,TCMG-PP-TAIL-FLT-FPAN01,FPAN01-VLV03,Ball Valve 25mm,TCMG-PP-TAIL-FILT-FPAN01,25V31-25V01,,,,,,,,,,,,,,,,,,,
6,TCMG,Processing Plant,TAIL,Tailings,Filtering,FPAN01 Filter Press Ancillary,TCMG-PP-TAIL-FLT-FPAN01,FPAN01-PT01,Pressure Transmitter,TCMG-PP-TAIL-FILT-FPAN01,PT (multiple),,,,,,,,,,,,,,,,,,,
6,TCMG,Processing Plant,TAIL,Tailings,Filtering,FPAN01 Filter Press Ancillary,TCMG-PP-TAIL-FLT-FPAN01,FPAN01-PI01,Pressure Indicator,TCMG-PP-TAIL-FILT-FPAN01,PI (multiple),,,,,,,,,,,,,,,,,,,
6,TCMG,Processing Plant,TAIL,Tailings,Filtering,FPAN01 Filter Press Ancillary,TCMG-PP-TAIL-FLT-FPAN01,FPAN01-LT01,Level Transmitter,TCMG-PP-TAIL-FILT-FPAN01,LT (slurry tanks),,,,,,,,,,,,,,,,,,,
6,TCMG,Processing Plant,TAIL,Tailings,Filtering,FPAN01 Filter Press Ancillary,TCMG-PP-TAIL-FLT-FPAN01,FPAN01-PIPE01,Pipe – Process Water DN200 HDPE,TCMG-PP-TAIL-FILT-FPAN01,WPW-HD1-200-PN6,,,,,,,,,,,,,,,,,,,
6,TCMG,Processing Plant,TAIL,Tailings,Filtering,FPAN01 Filter Press Ancillary,TCMG-PP-TAIL-FLT-FPAN01,FPAN01-PIPE02,Pipe – Raw Water DN160 HDPE,TCMG-PP-TAIL-FILT-FPAN01,WRW-HD1-160-PN6,,,,,,,,,,,,,,,,,,,
6,TCMG,Processing Plant,TAIL,Tailings,Filtering,FPAN01 Filter Press Ancillary,TCMG-PP-TAIL-FLT-FPAN01,FPAN01-PMP01-LCS01,Filter Area Sump Pump LCS,TCMG-PP-TAIL-FILT-FPAN01,,,,,,,,,,,,,,,,,,,,
6,TCMG,Processing Plant,TAIL,Tailings,Filtering,FPAN01 Filter Press Ancillary,TCMG-PP-TAIL-FLT-FPAN01,FPAN01-PMP01-MCC01,Filter Area Sump Pump MCC Cell,TCMG-PP-TAIL-FILT-FPAN01,,,,,,,,,,,,,,,,,,,,
6,TCMG,Processing Plant,TAIL,Tailings,Filtering,FPAN01 Filter Press Ancillary,TCMG-PP-TAIL-FLT-FPAN01,FPAN01-PMP01-MTR01,Filter Area Sump Pump Motor,TCMG-PP-TAIL-FILT-FPAN01,,,,,,,,,,,,,,,,,,,,
5,TCMG,Processing Plant,TAIL,Tailings,Filtering,FPAR01 Filter Press Compressed Air,TCMG-PP-TAIL-FILT-FPAR01,,,,,,,,,,,,,,,,,,,,,,,
6,TCMG,Processing Plant,TAIL,Tailings,Filtering,FPAR01 Filter Press Compressed Air,TCMG-PP-TAIL-FILT-FPAR01,FPAR01-CMP02,Filter Area HP Air Compressor,TCMG-PP-TAIL-FILT-FPAR01,13-CP-133,,,,,,,,,,,,,,,,,,,
6,TCMG,Processing Plant,TAIL,Tailings,Filtering,FPAR01 Filter Press Compressed Air,TCMG-PP-TAIL-FILT-FPAR01,FPAR01-CMP02-MCC01,Filter Area HP Air Compressor MCC Cell,TCMG-PP-TAIL-FILT-FPAR01,,,,,,,,,,,,,,,,,,,,
6,TCMG,Processing Plant,TAIL,Tailings,Filtering,FPAR01 Filter Press Compressed Air,TCMG-PP-TAIL-FILT-FPAR01,FPAR01,Filter Press 1 Instrument Air Receiver,TCMG-PP-TAIL-FILT-FPAR01,13-AR-101,,,,,,,,,,,,,,,,,,,
7,TCMG,Processing Plant,TAIL,Tailings,Filtering,FPAR01 Filter Press Compressed Air,TCMG-PP-TAIL-FILT-FPAR01,FPAR01,Filter Press 1 Instrument Air Receiver,TCMG-PP-TAIL-FILT-FPAR01,,,Instrument Air Filter Press 1,Full Unit,,VAR 2000L MAX. W.P. 1100kPa,,,,,,,,,,,,,,,
6,TCMG,Processing Plant,TAIL,Tailings,Filtering,FPAR01 Filter Press Compressed Air,TCMG-PP-TAIL-FILT-FPAR01,FPAR02,Filter Press 2 Instrument Air Receiver,TCMG-PP-TAIL-FILT-FPAR01,13-AR-102,,,,,,,,,,,,,,,,,,,
7,TCMG,Processing Plant,TAIL,Tailings,Filtering,FPAR01 Filter Press Compressed Air,TCMG-PP-TAIL-FILT-FPAR01,FPAR02,Filter Press 2 Instrument Air Receiver,TCMG-PP-TAIL-FILT-FPAR01,,,Core Blow Filter Press 1,Full Unit,,VAR 5000L Max. W.P. 1100kPa,,,,,,,,,,,,,,,
6,TCMG,Processing Plant,TAIL,Tailings,Filtering,FPAR01 Filter Press Compressed Air,TCMG-PP-TAIL-FILT-FPAR01,FPAR03,Filter Press 1 Core Blow Air Receiver,TCMG-PP-TAIL-FILT-FPAR01,13-AR-103,,,,,,,,,,,,,,,,,,,
7,TCMG,Processing Plant,TAIL,Tailings,Filtering,FPAR01 Filter Press Compressed Air,TCMG-PP-TAIL-FILT-FPAR01,FPAR03,Filter Press 1 Core Blow Air Receiver,TCMG-PP-TAIL-FILT-FPAR01,,,Instrument Air Filter Press 2,Full Unit,,VAR 2000L MAX. W.P. 1100kPa,,,,,,,,,,,,,,,
6,TCMG,Processing Plant,TAIL,Tailings,Filtering,FPAR01 Filter Press Compressed Air,TCMG-PP-TAIL-FILT-FPAR01,FPAR04,Filter Press 2 Core Blow Air Receiver,TCMG-PP-TAIL-FILT-FPAR01,13-AR-104,,,,,,,,,,,,,,,,,,,
7,TCMG,Processing Plant,TAIL,Tailings,Filtering,FPAR01 Filter Press Compressed Air,TCMG-PP-TAIL-FILT-FPAR01,FPAR04,Filter Press 2 Core Blow Air Receiver,TCMG-PP-TAIL-FILT-FPAR01,,,Core Blow Filter Press 2,Full Unit,,VAR 5000L Max. W.P. 1100kPa,,,,,,,,,,,,,,,
5,TCMG,Processing Plant,TAIL,Tailings,Filtering,FPCV01 Filter Press Conveyors,TCMG-PP-TAIL-FILT-FPCV01,,,,,,,,,,,,,,,,,,,,,,,
6,TCMG,Processing Plant,TAIL,Tailings,Filtering,FPCV01 Filter Press Conveyors,TCMG-PP-TAIL-FILT-FPCV01,FPCV01,Filter Press Transfer Conveyor,TCMG-PP-TAIL-FILT-FPCV01,13-CV-103,,,,,,,,,,,,,,,,,,,
7,TCMG,Processing Plant,TAIL,Tailings,Filtering,FPCV01 Filter Press Conveyors,TCMG-PP-TAIL-FILT-FPCV01,FPCV01,Filter Press Transfer Conveyor,TCMG-PP-TAIL-FILT-FPCV01,,,Transfer Conveyor,SUPPORTO 5425CB,,COMP5425CB,,,,,,,,,,,,,,,
7,TCMG,Processing Plant,TAIL,Tailings,Filtering,FPCV01 Filter Press Conveyors,TCMG-PP-TAIL-FILT-FPCV01,FPCV01,Filter Press Transfer Conveyor,TCMG-PP-TAIL-FILT-FPCV01,,,Transfer Conveyor,MODULAR SCRAPER H.155-SP.100,,COMP3966ACB,,,,,,,,,,,,,,,
7,TCMG,Processing Plant,TAIL,Tailings,Filtering,FPCV01 Filter Press Conveyors,TCMG-PP-TAIL-FILT-FPCV01,FPCV01,Filter Press Transfer Conveyor,TCMG-PP-TAIL-FILT-FPCV01,,,Transfer Conveyor,ROLLER CARRIER L=360,,COMPRULPORT3742ACBL360,,,,,,,,,,,,,,,
6,TCMG,Processing Plant,TAIL,Tailings,Filtering,FPCV01 Filter Press Conveyors,TCMG-PP-TAIL-FILT-FPCV01,FPCV02,Filter Press Radial Conveyor,TCMG-PP-TAIL-FILT-FPCV01,13-CV-104,,,,,,,,,,,,,,,,,,,
7,TCMG,Processing Plant,TAIL,Tailings,Filtering,FPCV01 Filter Press Conveyors,TCMG-PP-TAIL-FILT-FPCV01,FPCV02,Filter Press Radial Conveyor,TCMG-PP-TAIL-FILT-FPCV01,,,Elevator Radial Conveyor,SUPPORTO 5425CB (pillow block + bearing to confirm),,COMP5425CB,,,,,,,,,,,,,,,
7,TCMG,Processing Plant,TAIL,Tailings,Filtering,FPCV01 Filter Press Conveyors,TCMG-PP-TAIL-FILT-FPCV01,FPCV02,Filter Press Radial Conveyor,TCMG-PP-TAIL-FILT-FPCV01,,,Elevator Radial Conveyor,MODULAR SCRAPER H.155-SP.100,,COMP3966ACB,,,,,,,,,,,,,,,
7,TCMG,Processing Plant,TAIL,Tailings,Filtering,FPCV01 Filter Press Conveyors,TCMG-PP-TAIL-FILT-FPCV01,FPCV02,Filter Press Radial Conveyor,TCMG-PP-TAIL-FILT-FPCV01,,,Elevator Radial Conveyor,ROLLER CARRIER L=360,,COMPRULPORT3742ACBL360,,,,,,,,,,,,,,,
7,TCMG,Processing Plant,TAIL,Tailings,Filtering,FPCV01 Filter Press Conveyors,TCMG-PP-TAIL-FILT-FPCV01,FPCV02,Filter Press Radial Conveyor,TCMG-PP-TAIL-FILT-FPCV01,,,Elevator Radial Conveyor,BELT,,COMPVF31420760CB,,,,,,,,,,,,,,,
6,TCMG,Processing Plant,TAIL,Tailings,Filtering,FPCV01 Filter Press Conveyors,TCMG-PP-TAIL-FILT-FPCV01,FPCV01-VSD01,Variable Speed Drive,TCMG-PP-TAIL-FILT-FPCV01,,,,,,,,,,,,,,,,,,,,
6,TCMG,Processing Plant,TAIL,Tailings,Filtering,FPCV01 Filter Press Conveyors,TCMG-PP-TAIL-FILT-FPCV01,FPCV02-VSD01,Variable Speed Drive,TCMG-PP-TAIL-FILT-FPCV01,,,,,,,,,,,,,,,,,,,,
5,TCMG,Processing Plant,TAIL,Tailings,Filtering,HMGN01 Slurry Homogenisers,TCMG-PP-TAIL-FILT-HMGN01,,,,,,,,,,,,,,,,,,,,,,,
6,TCMG,Processing Plant,TAIL,Tailings,Filtering,HMGN01 Slurry Homogenisers,TCMG-PP-TAIL-FILT-HMGN01,HMGN01,Slurry Homogeniser Tank 1 And Agitator,TCMG-PP-TAIL-FILT-HMGN01,13-TK-101,,,,,,,,,,,,,,,,,,,
6,TCMG,Processing Plant,TAIL,Tailings,Filtering,HMGN01 Slurry Homogenisers,TCMG-PP-TAIL-FILT-HMGN01,HMGN02,Slurry Homogeniser Tank 2 And Agitator,TCMG-PP-TAIL-FILT-HMGN01,13-TK-102,,,,,,,,,,,,,,,,,,,
6,TCMG,Processing Plant,TAIL,Tailings,Filtering,HMGN01 Slurry Homogenisers,TCMG-PP-TAIL-FILT-HMGN01,HMGN01-AGT01,Slurry Homogeniser 1 Agitator,TCMG-PP-TAIL-FILT-HMGN01,13-AG-101,,,,,,,,,,,,,,,,,,,
6,TCMG,Processing Plant,TAIL,Tailings,Filtering,HMGN01 Slurry Homogenisers,TCMG-PP-TAIL-FILT-HMGN01,HMGN02-AGT01,Slurry Homogeniser 2 Agitator,TCMG-PP-TAIL-FILT-HMGN01,13-AG-102,,,,,,,,,,,,,,,,,,,
3,TCMG,Processing Plant,SUP,Support Services,,,,,,,,,,,,,,,,,,,,,,,,,,
4,TCMG,Processing Plant,SUP,Support Services,Mobile Equipment,,,,,,,,,,,,,,,,,,,,,,,,,
5,TCMG,Processing Plant,SUP,Support Services,Mobile Equipment,MOB01 Mobile Equipment Fleet,TCMG-PP-SUP-MOBEQ-MOB01,,,,,,,,,,,,,,,,,,,,,,,
6,TCMG,Processing Plant,SUP,Support Services,Mobile Equipment,MOB01 Mobile Equipment Fleet,TCMG-PP-SUP-MOBEQ-MOB01,CRN01,25t Franna Crane,TCMG-PP-SUP-MOB-MOB01,,,,,,,,,,,,,,,,,,,,
6,TCMG,Processing Plant,SUP,Support Services,Mobile Equipment,MOB01 Mobile Equipment Fleet,TCMG-PP-SUP-MOBEQ-MOB01,DZR01,CAT D8 Dozer,,,,,,,,,,,,,,,,,,,,,
6,TCMG,Processing Plant,SUP,Support Services,Mobile Equipment,MOB01 Mobile Equipment Fleet,TCMG-PP-SUP-MOBEQ-MOB01,EXC01,Cat 30t Excavator,TCMG-PP-SUP-MOB-MOB01,,,,,,,,,,,,,,,,,,,,
6,TCMG,Processing Plant,SUP,Support Services,Mobile Equipment,MOB01 Mobile Equipment Fleet,TCMG-PP-SUP-MOBEQ-MOB01,EXC02,Case Excavator,TCMG-PP-SUP-MOB-MOB01,,,,,,,,,,,,,,,,,,,,
6,TCMG,Processing Plant,SUP,Support Services,Mobile Equipment,MOB01 Mobile Equipment Fleet,TCMG-PP-SUP-MOBEQ-MOB01,LDR01,Cat 980 Loader 1,TCMG-PP-SUP-MOB-MOB01,,,,,,,,,,,,,,,,,,,,
6,TCMG,Processing Plant,SUP,Support Services,Mobile Equipment,MOB01 Mobile Equipment Fleet,TCMG-PP-SUP-MOBEQ-MOB01,LDR02,Cat 980 Loader 2,TCMG-PP-SUP-MOB-MOB01,,,,,,,,,,,,,,,,,,,,
6,TCMG,Processing Plant,SUP,Support Services,Mobile Equipment,MOB01 Mobile Equipment Fleet,TCMG-PP-SUP-MOBEQ-MOB01,LDR03,Cat 980 Loader 3,TCMG-PP-SUP-MOB-MOB01,,,,,,,,,,,,,,,,,,,,
6,TCMG,Processing Plant,SUP,Support Services,Mobile Equipment,MOB01 Mobile Equipment Fleet,TCMG-PP-SUP-MOBEQ-MOB01,LDR04,Cat 980 Loader 4,TCMG-PP-SUP-MOB-MOB01,,,,,,,,,,,,,,,,,,,,
6,TCMG,Processing Plant,SUP,Support Services,Mobile Equipment,MOB01 Mobile Equipment Fleet,TCMG-PP-SUP-MOBEQ-MOB01,MXY01,Moxy Dump Truck 1,TCMG-PP-SUP-MOB-MOB01,,,,,,,,,,,,,,,,,,,,
6,TCMG,Processing Plant,SUP,Support Services,Mobile Equipment,MOB01 Mobile Equipment Fleet,TCMG-PP-SUP-MOBEQ-MOB01,MXY02,Moxy Dump Truck 2,TCMG-PP-SUP-MOB-MOB01,,,,,,,,,,,,,,,,,,,,
6,TCMG,Processing Plant,SUP,Support Services,Mobile Equipment,MOB01 Mobile Equipment Fleet,TCMG-PP-SUP-MOBEQ-MOB01,FLT01,Forklift,TCMG-PP-SUP-MOB-MOB01,,,,,,,,,,,,,,,,,,,,
6,TCMG,Processing Plant,SUP,Support Services,Mobile Equipment,MOB01 Mobile Equipment Fleet,TCMG-PP-SUP-MOBEQ-MOB01,EWP01,Sino EWP,TCMG-PP-SUP-MOB-MOB01,,,,,,,,,,,,,,,,,,,,
6,TCMG,Processing Plant,SUP,Support Services,Mobile Equipment,MOB01 Mobile Equipment Fleet,TCMG-PP-SUP-MOBEQ-MOB01,EWP02,Hire EWP,TCMG-PP-SUP-MOB-MOB01,,,,,,,,,,,,,,,,,,,,
6,TCMG,Processing Plant,SUP,Support Services,Mobile Equipment,MOB01 Mobile Equipment Fleet,TCMG-PP-SUP-MOBEQ-MOB01,EWP03,Sino Scissor Lift 1,TCMG-PP-SUP-MOB-MOB01,,,,,,,,,,,,,,,,,,,,
6,TCMG,Processing Plant,SUP,Support Services,Mobile Equipment,MOB01 Mobile Equipment Fleet,TCMG-PP-SUP-MOBEQ-MOB01,EWP04,Sino Scissor Lift 2,TCMG-PP-SUP-MOB-MOB01,,,,,,,,,,,,,,,,,,,,
6,TCMG,Processing Plant,SUP,Support Services,Mobile Equipment,MOB01 Mobile Equipment Fleet,TCMG-PP-SUP-MOBEQ-MOB01,SKD01,Bobcat,TCMG-PP-SUP-MOB-MOB01,,,,,,,,,,,,,,,,,,,,
6,TCMG,Processing Plant,SUP,Support Services,Mobile Equipment,MOB01 Mobile Equipment Fleet,TCMG-PP-SUP-MOBEQ-MOB01,TLH01,Telehandler,TCMG-PP-SUP-MOB-MOB01,,,,,,,,,,,,,,,,,,,,
6,TCMG,Processing Plant,SUP,Support Services,Mobile Equipment,MOB01 Mobile Equipment Fleet,TCMG-PP-SUP-MOBEQ-MOB01,SVT01,Service Truck,TCMG-PP-SUP-MOB-MOB01,,,,,,,,,,,,,,,,,,,,
6,TCMG,Processing Plant,SUP,Support Services,Mobile Equipment,MOB01 Mobile Equipment Fleet,TCMG-PP-SUP-MOBEQ-MOB01,WTR01,Water Truck,TCMG-PP-SUP-MOB-MOB01,,,,,,,,,,,,,,,,,,,,
6,TCMG,Processing Plant,SUP,Support Services,Mobile Equipment,MOB01 Mobile Equipment Fleet,TCMG-PP-SUP-MOBEQ-MOB01,LTW01,Lighting Tower 1,TCMG-PP-SUP-MOB-MOB01,,,,,,,,,,,,,,,,,,,,
6,TCMG,Processing Plant,SUP,Support Services,Mobile Equipment,MOB01 Mobile Equipment Fleet,TCMG-PP-SUP-MOBEQ-MOB01,LTW02,Lighting Tower 2,TCMG-PP-SUP-MOB-MOB01,,,,,,,,,,,,,,,,,,,,
6,TCMG,Processing Plant,SUP,Support Services,Mobile Equipment,MOB01 Mobile Equipment Fleet,TCMG-PP-SUP-MOBEQ-MOB01,LTW03,Lighting Tower 3,TCMG-PP-SUP-MOB-MOB01,,,,,,,,,,,,,,,,,,,,
6,TCMG,Processing Plant,SUP,Support Services,Mobile Equipment,MOB01 Mobile Equipment Fleet,TCMG-PP-SUP-MOBEQ-MOB01,LTW04,Lighting Tower 4,TCMG-PP-SUP-MOB-MOB01,,,,,,,,,,,,,,,,,,,,
6,TCMG,Processing Plant,SUP,Support Services,Mobile Equipment,MOB01 Mobile Equipment Fleet,TCMG-PP-SUP-MOBEQ-MOB01,LTW05,Lighting Tower 5,TCMG-PP-SUP-MOB-MOB01,,,,,,,,,,,,,,,,,,,,
4,TCMG,Processing Plant,SUP,Support Services,Light Vehicles,,,,,,,,,,,,,,,,,,,,,,,,,
5,TCMG,Processing Plant,SUP,Support Services,Light Vehicles,LTV01 Light Vehicle Fleet,TCMG-PP-SUP-LTV-LTV01,,,,,,,,,,,,,,,,,,,,,,,
6,TCMG,Processing Plant,SUP,Support Services,Light Vehicles,LTV01 Light Vehicle Fleet,TCMG-PP-SUP-LTV-LTV01,BU02,1HVM 096,TCMG-PP-SUP-MOB-LTV01,,,,,,,,,,,,,,,,,,,,
6,TCMG,Processing Plant,SUP,Support Services,Light Vehicles,LTV01 Light Vehicle Fleet,TCMG-PP-SUP-LTV-LTV01,BU03,CG 04 VF - B&W,TCMG-PP-SUP-MOB-LTV01,,,,,,,,,,,,,,,,,,,,
6,TCMG,Processing Plant,SUP,Support Services,Light Vehicles,LTV01 Light Vehicle Fleet,TCMG-PP-SUP-LTV-LTV01,BU04,CG 04 VG - Aspect / Processing,TCMG-PP-SUP-MOB-LTV01,,,,,,,,,,,,,,,,,,,,
6,TCMG,Processing Plant,SUP,Support Services,Light Vehicles,LTV01 Light Vehicle Fleet,TCMG-PP-SUP-LTV-LTV01,LV03,CG 01 UC - Stores,TCMG-PP-SUP-MOB-LTV01,,,,,,,,,,,,,,,,,,,,
6,TCMG,Processing Plant,SUP,Support Services,Light Vehicles,LTV01 Light Vehicle Fleet,TCMG-PP-SUP-LTV-LTV01,LV14,1HUF 808 - Service Vehicle,TCMG-PP-SUP-MOB-LTV01,,,,,,,,,,,,,,,,,,,,
6,TCMG,Processing Plant,SUP,Support Services,Light Vehicles,LTV01 Light Vehicle Fleet,TCMG-PP-SUP-LTV-LTV01,LV15,1HUF 806,TCMG-PP-SUP-MOB-LTV01,,,,,,,,,,,,,,,,,,,,
6,TCMG,Processing Plant,SUP,Support Services,Light Vehicles,LTV01 Light Vehicle Fleet,TCMG-PP-SUP-LTV-LTV01,LV16,1HUF 807,TCMG-PP-SUP-MOB-LTV01,,,,,,,,,,,,,,,,,,,,
6,TCMG,Processing Plant,SUP,Support Services,Light Vehicles,LTV01 Light Vehicle Fleet,TCMG-PP-SUP-LTV-LTV01,LV17,1HUF 808,TCMG-PP-SUP-MOB-LTV01,,,,,,,,,,,,,,,,,,,,
6,TCMG,Processing Plant,SUP,Support Services,Light Vehicles,LTV01 Light Vehicle Fleet,TCMG-PP-SUP-LTV-LTV01,LV18,1HUF 809 - MESA,TCMG-PP-SUP-MOB-LTV01,,,,,,,,,,,,,,,,,,,,
6,TCMG,Processing Plant,SUP,Support Services,Light Vehicles,LTV01 Light Vehicle Fleet,TCMG-PP-SUP-LTV-LTV01,LV19,1HUF 810 - Maint Super,TCMG-PP-SUP-MOB-LTV01,,,,,,,,,,,,,,,,,,,,
6,TCMG,Processing Plant,SUP,Support Services,Light Vehicles,LTV01 Light Vehicle Fleet,TCMG-PP-SUP-LTV-LTV01,LV20,CF 10 IA - GM,TCMG-PP-SUP-MOB-LTV01,,,,,,,,,,,,,,,,,,,,
6,TCMG,Processing Plant,SUP,Support Services,Light Vehicles,LTV01 Light Vehicle Fleet,TCMG-PP-SUP-LTV-LTV01,LV21,CF 10 IB - PM,TCMG-PP-SUP-MOB-LTV01,,,,,,,,,,,,,,,,,,,,
6,TCMG,Processing Plant,SUP,Support Services,Light Vehicles,LTV01 Light Vehicle Fleet,TCMG-PP-SUP-LTV-LTV01,LV22,CF 10 ID,TCMG-PP-SUP-MOB-LTV01,,,,,,,,,,,,,,,,,,,,
6,TCMG,Processing Plant,SUP,Support Services,Light Vehicles,LTV01 Light Vehicle Fleet,TCMG-PP-SUP-LTV-LTV01,LV23,CF 10 IC - Aspect Process Super,TCMG-PP-SUP-MOB-LTV01,,,,,,,,,,,,,,,,,,,,
6,TCMG,Processing Plant,SUP,Support Services,Light Vehicles,LTV01 Light Vehicle Fleet,TCMG-PP-SUP-LTV-LTV01,LV24,CF 31 BK - Enviro,TCMG-PP-SUP-MOB-LTV01,,,,,,,,,,,,,,,,,,,,
6,TCMG,Processing Plant,SUP,Support Services,Light Vehicles,LTV01 Light Vehicle Fleet,TCMG-PP-SUP-LTV-LTV01,LV27,CG 26 YY - Geo / Mining,TCMG-PP-SUP-MOB-LTV01,,,,,,,,,,,,,,,,,,,,
6,TCMG,Processing Plant,SUP,Support Services,Light Vehicles,LTV01 Light Vehicle Fleet,TCMG-PP-SUP-LTV-LTV01,LV28,CF 58 DH - Snr Survey,TCMG-PP-SUP-MOB-LTV01,,,,,,,,,,,,,,,,,,,,
6,TCMG,Processing Plant,SUP,Support Services,Light Vehicles,LTV01 Light Vehicle Fleet,TCMG-PP-SUP-LTV-LTV01,LV30,34 0K 08 - Safety,TCMG-PP-SUP-MOB-LTV01,,,,,,,,,,,,,,,,,,,,
6,TCMG,Processing Plant,SUP,Support Services,Light Vehicles,LTV01 Light Vehicle Fleet,TCMG-PP-SUP-LTV-LTV01,LV31,CG 32 KX,TCMG-PP-SUP-MOB-LTV01,,,,,,,,,,,,,,,,,,,,
6,TCMG,Processing Plant,SUP,Support Services,Light Vehicles,LTV01 Light Vehicle Fleet,TCMG-PP-SUP-LTV-LTV01,LV32,CG 32 KW - Survey,TCMG-PP-SUP-MOB-LTV01,,,,,,,,,,,,,,,,,,,,
6,TCMG,Processing Plant,SUP,Support Services,Light Vehicles,LTV01 Light Vehicle Fleet,TCMG-PP-SUP-LTV-LTV01,LV33,CG 32 KV - Site Services,TCMG-PP-SUP-MOB-LTV01,,,,,,,,,,,,,,,,,,,,